Month,Year,Competitor merchandise exports to the World,Competitor agricultural exports to the World,   Bulk,Corn,Cotton,Rice,Soybeans,Tobacco,Wheat,  Intermediates,Soymeal,Soybean & Vegetable  Oil,Feeds & Fodders,Hides & Skins,  Consumer Oriented,Tree Nuts,Dairy Products,Prepared Food 4/ ,Fresh & Processed Fruit,Fresh & Processed Vegetables,Juices & Beverages,Beef & Beef Products,Pork & Pork Products,Poultry Meat & Products
1,1970,102.2,104.2,102.9,99.3,99.5,102.9,95.1,92.0,110.6,113.3,93.1,114.5,113.2,115.9,113.2,111.2,119.6,108.2,111.4,115.5,112.2,107.9,120.8,111.0
2,1970,102.3,104.4,103.0,99.4,99.7,103.0,95.2,92.2,110.8,113.4,93.2,114.7,113.4,116.0,113.4,111.4,119.8,108.4,111.5,115.7,112.4,108.0,121.0,111.1
3,1970,102.4,104.5,102.9,99.3,99.5,103.0,95.1,92.3,110.7,113.4,92.9,114.6,113.3,115.9,113.3,111.4,119.6,108.4,111.4,115.6,112.5,107.8,120.8,110.9
4,1970,102.7,105.2,103.3,99.7,100.1,103.5,95.4,93.1,110.9,113.8,93.3,115.0,113.6,116.1,113.7,112.0,119.9,108.9,111.9,115.9,112.9,108.1,121.0,111.2
5,1970,102.9,105.4,103.3,99.6,100.0,103.4,95.4,93.1,110.8,113.8,93.2,115.1,113.7,116.1,113.6,112.0,119.8,109.0,111.8,115.9,112.8,108.0,121.0,111.1
6,1970,103.1,105.5,103.6,100.3,100.1,103.7,95.6,93.5,110.9,114.1,93.9,115.4,114.0,116.3,113.9,112.1,120.1,109.2,112.1,116.0,113.1,108.3,121.1,111.2
7,1970,103.2,105.8,103.8,100.7,100.3,103.8,95.9,93.8,111.1,114.3,94.2,115.6,114.1,116.4,114.0,112.2,120.3,109.3,112.4,116.1,113.2,108.5,121.1,111.3
8,1970,103.3,105.9,103.7,100.5,100.5,103.7,95.3,93.9,111.1,114.1,93.6,115.4,113.7,116.1,113.9,112.2,119.9,109.2,112.5,116.1,113.1,107.8,120.4,110.8
9,1970,103.4,106.0,103.7,100.4,100.8,103.7,95.1,94.0,111.2,114.2,93.3,115.6,113.8,116.2,114.0,112.5,119.9,109.4,112.6,116.2,113.3,107.6,120.4,110.7
10,1970,103.4,106.0,103.6,100.1,100.7,103.6,95.0,93.8,111.2,114.1,92.9,115.5,113.8,116.1,113.9,112.5,119.9,109.3,112.5,116.2,113.2,107.5,120.4,110.6
11,1970,103.6,105.9,103.6,100.1,100.8,103.7,95.2,93.8,111.2,114.1,93.0,115.6,113.8,116.1,114.0,112.6,119.9,109.4,112.5,116.3,113.3,107.6,120.5,110.8
12,1970,103.6,105.9,103.6,99.6,101.0,103.8,95.1,93.7,111.2,114.2,92.6,115.7,113.9,116.3,114.1,112.9,120.0,109.5,112.5,116.5,113.5,107.6,120.8,111.1
1,1971,102.7,105.0,102.8,98.9,100.3,103.1,94.4,93.0,110.4,113.2,92.0,114.7,112.9,115.3,113.2,111.9,119.0,108.6,111.6,115.6,112.5,106.7,119.8,110.2
2,1971,102.4,104.5,102.2,98.2,99.7,102.7,93.9,92.4,109.7,112.6,91.4,114.0,112.3,114.8,112.6,111.4,118.4,108.0,111.0,115.0,111.9,106.2,119.3,109.7
3,1971,102.2,104.2,102.0,97.9,99.5,102.4,93.6,92.1,109.5,112.3,91.1,113.8,112.1,114.4,112.3,111.1,118.1,107.7,110.6,114.7,111.6,105.9,119.0,109.4
4,1971,102.0,103.9,101.6,97.6,99.2,102.1,93.3,92.0,109.0,111.9,90.8,113.4,111.6,113.9,111.8,110.7,117.5,107.4,110.2,114.2,111.2,105.4,118.4,108.9
5,1971,101.9,103.8,101.3,97.3,99.0,101.9,93.1,91.9,108.5,111.4,90.5,112.9,111.0,113.4,111.3,110.2,116.8,107.0,109.8,113.7,110.7,104.9,117.7,108.4
6,1971,102.3,104.1,101.6,97.5,99.3,102.3,93.4,92.2,108.8,111.8,90.8,113.2,111.3,113.7,111.7,110.6,117.1,107.3,110.1,114.1,111.1,105.2,118.1,108.7
7,1971,102.3,103.5,100.9,96.8,98.6,101.7,92.8,91.5,108.1,111.2,90.1,112.7,110.8,113.1,111.1,110.0,116.5,106.8,109.5,113.6,110.5,104.6,117.6,108.1
8,1971,101.7,103.3,100.5,96.6,98.3,101.2,92.4,91.5,107.3,110.5,89.8,112.0,109.9,112.3,110.4,109.2,115.6,106.2,108.8,112.7,109.8,104.0,116.6,107.4
9,1971,100.2,102.2,99.2,95.5,97.2,99.9,91.3,90.7,105.9,108.8,88.6,110.4,108.2,110.6,108.7,107.7,113.6,104.7,107.3,110.9,108.2,102.3,114.7,105.8
10,1971,99.5,101.2,98.2,94.4,96.5,99.0,90.3,89.8,104.8,107.7,87.4,109.2,107.0,109.4,107.6,106.7,112.3,103.7,106.1,109.7,107.2,101.1,113.4,104.7
11,1971,99.0,100.8,98.1,94.7,96.0,98.7,90.4,89.7,104.6,107.2,87.9,108.7,106.6,109.0,107.0,106.0,111.8,103.2,105.7,109.0,106.7,100.9,112.8,104.3
12,1971,98.3,99.7,96.8,93.0,94.9,97.6,89.3,88.7,103.0,105.8,86.4,107.2,105.2,107.5,105.6,104.8,110.2,102.0,104.2,107.7,105.3,99.4,111.3,103.0
1,1972,94.9,97.2,94.1,90.8,91.9,94.9,86.7,86.2,100.4,102.6,84.0,104.0,102.1,104.6,102.7,101.9,107.0,99.1,101.7,104.5,102.5,96.9,108.2,99.9
2,1972,94.3,96.5,93.3,89.8,91.2,94.2,86.0,85.5,99.4,101.6,83.1,103.0,101.0,103.7,101.8,101.0,105.8,98.3,100.8,103.5,101.6,95.9,107.2,99.0
3,1972,93.8,96.3,92.8,89.3,90.7,94.0,85.6,85.1,98.9,101.0,82.7,102.3,100.4,103.3,101.1,100.3,105.2,97.7,100.1,102.8,101.0,95.7,106.4,98.3
4,1972,93.7,96.1,92.8,89.4,90.6,93.9,85.6,85.2,98.8,101.0,82.9,102.3,100.3,103.1,101.0,100.2,105.1,97.7,100.0,102.7,100.9,95.6,106.2,98.2
5,1972,93.7,95.9,92.5,88.8,90.6,93.8,85.3,85.0,98.5,100.7,82.4,102.0,100.1,102.9,100.8,100.0,104.8,97.4,99.6,102.5,100.7,95.2,105.9,97.9
6,1972,93.6,95.5,91.8,87.7,90.3,93.5,84.4,84.3,97.8,100.1,81.2,101.5,99.6,102.4,100.3,99.7,104.3,97.0,99.1,102.0,100.2,94.5,105.5,97.4
7,1972,93.4,95.4,91.6,87.2,90.1,93.4,84.1,84.1,97.6,99.9,80.8,101.3,99.3,102.2,100.1,99.6,104.1,96.8,98.7,101.8,100.0,94.3,105.2,97.2
8,1972,93.1,95.1,91.6,87.2,90.1,93.3,84.1,84.0,97.7,100.1,81.0,101.5,99.6,102.3,100.1,99.6,104.5,96.9,98.5,101.9,100.1,94.4,105.4,97.4
9,1972,93.1,95.1,91.2,87.0,89.6,92.8,83.8,83.7,97.2,99.6,80.6,100.9,99.1,101.9,99.7,99.3,103.9,96.4,98.5,101.4,99.6,94.0,104.8,96.9
10,1972,93.1,94.7,91.0,86.5,89.5,92.6,83.6,83.4,97.1,99.4,80.3,100.8,98.9,101.6,99.5,99.1,103.7,96.3,98.0,101.2,99.4,93.8,104.8,96.8
11,1972,93.2,94.3,90.7,86.0,89.3,92.4,83.3,82.8,96.8,99.0,79.9,100.4,98.5,101.5,99.2,98.8,103.4,95.9,97.7,101.0,99.1,93.6,104.6,96.6
12,1972,92.6,93.5,90.1,85.1,88.9,92.0,83.0,82.2,96.4,98.5,79.3,99.8,98.0,101.0,98.7,98.3,102.9,95.4,96.9,100.6,98.6,93.1,104.3,96.3
1,1973,92.4,92.8,89.5,84.5,88.5,91.4,82.4,81.7,95.7,97.9,78.6,99.3,97.4,100.3,98.1,97.8,102.3,94.8,96.3,100.1,98.1,92.4,103.8,95.9
2,1973,88.3,88.8,85.5,80.6,84.8,87.6,78.9,78.3,91.3,93.4,74.9,94.8,92.6,95.6,93.5,93.4,97.0,90.5,91.9,95.3,93.6,87.7,98.7,91.1
3,1973,85.3,85.9,82.3,77.4,81.5,84.5,75.9,75.7,87.9,89.7,71.9,91.1,88.9,92.0,89.9,89.8,93.1,87.2,88.3,91.6,90.1,84.4,94.9,87.5
4,1973,85.4,85.7,82.3,77.2,81.6,84.7,76.0,75.6,88.0,89.8,71.7,91.2,89.1,92.2,90.0,90.0,93.4,87.3,88.3,91.9,90.3,84.4,95.2,87.7
5,1973,84.5,84.6,81.2,76.0,80.6,83.7,75.1,74.6,86.9,88.6,70.7,89.9,87.9,91.1,88.8,88.7,92.0,86.1,87.0,90.6,89.1,83.4,94.0,86.6
6,1973,82.2,82.4,78.7,74.0,78.0,81.3,73.0,72.7,84.0,85.4,68.7,86.7,84.4,88.1,85.7,85.5,88.4,83.3,84.2,87.4,86.1,80.8,90.6,83.4
7,1973,79.5,79.5,75.7,71.4,75.1,78.4,70.4,70.3,80.5,81.5,66.2,82.8,80.4,84.5,82.1,81.8,84.2,79.9,81.0,83.7,82.5,77.6,86.6,79.8
8,1973,81.6,81.4,78.0,73.3,77.5,80.6,72.4,72.2,83.1,84.3,68.2,85.6,83.3,87.2,84.8,84.5,87.3,82.4,83.1,86.5,85.1,80.0,89.5,82.6
9,1973,81.1,80.6,77.3,72.7,76.8,79.7,72.0,71.5,82.5,83.5,67.7,84.7,82.5,86.2,83.8,83.5,86.4,81.6,82.2,85.4,84.2,79.1,88.6,81.9
10,1973,80.3,79.3,76.4,71.6,76.1,78.8,71.2,70.7,81.6,82.4,66.9,83.6,81.4,85.1,82.5,82.2,85.0,80.5,80.5,84.2,83.1,78.0,87.3,80.7
11,1973,83.0,82.7,79.3,75.0,78.5,81.3,73.7,72.8,84.7,85.9,69.3,87.1,85.1,88.7,86.5,86.2,89.2,83.7,85.4,88.0,86.5,81.2,91.5,84.5
12,1973,83.9,83.4,80.5,75.6,79.7,82.5,74.7,73.4,86.1,87.6,70.2,88.8,86.9,90.3,88.1,87.9,91.3,85.1,86.6,89.8,88.0,82.7,93.6,86.4
1,1974,85.8,85.6,83.3,78.4,82.4,85.1,76.9,75.0,89.7,91.3,72.6,92.6,90.7,94.0,91.7,91.3,95.7,88.1,90.0,93.6,91.3,85.9,97.8,90.3
2,1974,84.2,84.2,82.0,77.1,81.2,83.9,75.6,74.0,88.1,89.6,71.3,90.9,88.8,92.5,90.0,89.7,93.7,86.6,88.4,92.0,89.8,84.5,96.2,88.7
3,1974,83.0,82.6,80.2,75.3,79.5,82.0,74.0,72.4,86.3,87.5,69.5,88.8,86.8,90.5,88.1,87.7,91.6,84.7,86.5,90.0,87.8,82.6,94.1,86.7
4,1974,81.3,80.8,78.4,73.9,77.7,80.2,72.4,70.7,84.4,85.4,67.8,86.6,84.7,88.4,86.0,85.6,89.3,82.7,84.5,87.8,85.7,80.7,91.7,84.6
5,1974,80.7,80.2,77.5,73.1,76.8,79.3,71.4,70.0,83.5,84.3,66.8,85.5,83.6,87.5,85.0,84.6,88.3,81.8,83.7,86.7,84.8,79.8,90.5,83.6
6,1974,81.6,80.7,78.3,73.7,77.6,80.1,72.3,70.6,84.4,85.4,67.6,86.7,84.7,88.5,86.0,85.6,89.4,82.7,84.4,87.8,85.8,80.7,91.7,84.7
7,1974,81.8,80.9,78.4,73.9,77.5,80.0,72.6,70.8,84.4,85.3,68.0,86.5,84.7,88.3,85.8,85.4,89.1,82.6,84.4,87.5,85.6,80.7,91.4,84.4
8,1974,83.0,82.0,79.6,75.1,78.7,81.1,73.9,72.0,85.7,86.7,69.3,87.9,86.1,89.7,87.1,86.6,90.6,83.9,85.6,88.8,86.9,81.9,92.8,85.7
9,1974,83.9,82.8,80.7,76.2,79.6,82.0,75.0,72.8,87.0,87.8,70.5,89.0,87.3,90.8,88.1,87.6,91.7,84.9,86.6,89.8,88.0,83.1,93.8,86.8
10,1974,83.3,82.6,80.2,76.1,79.0,81.5,74.6,72.4,86.5,86.9,70.1,88.0,86.4,90.3,87.4,86.8,90.9,84.2,86.1,88.9,87.2,82.8,92.8,85.9
11,1974,82.2,81.6,79.3,75.3,78.1,80.6,73.8,71.7,85.3,85.6,69.4,86.6,85.0,88.9,86.0,85.4,89.3,83.0,84.8,87.5,85.9,81.7,91.2,84.6
12,1974,82.1,81.0,78.3,74.3,77.0,79.7,72.9,70.9,84.1,84.3,68.4,85.4,83.7,87.7,84.9,84.4,87.9,82.0,83.9,86.3,84.9,80.5,89.9,83.4
1,1975,80.4,79.8,76.6,73.4,74.9,77.9,71.5,69.6,82.1,82.0,67.2,82.9,81.4,85.5,82.7,82.1,85.2,80.0,82.3,83.8,82.7,78.6,87.2,80.9
2,1975,79.6,79.1,75.8,72.8,74.1,77.2,70.9,69.1,81.2,81.0,66.7,81.9,80.4,84.4,81.8,81.1,84.1,79.1,81.4,82.8,81.7,77.8,86.2,80.0
3,1975,79.0,79.5,76.4,74.8,73.9,77.3,71.8,70.0,81.4,80.8,68.6,81.6,80.1,84.1,81.4,80.3,83.5,78.9,81.6,82.1,81.4,77.9,85.1,79.4
4,1975,79.5,79.7,76.7,74.8,74.2,77.5,72.2,70.1,81.8,81.3,68.8,82.0,80.6,84.5,81.8,80.8,84.0,79.3,81.9,82.5,81.8,78.2,85.6,79.8
5,1975,78.9,79.1,75.9,74.1,73.4,76.8,71.7,69.6,80.8,80.3,68.3,81.0,79.7,83.5,80.8,79.8,82.8,78.4,80.9,81.5,80.8,77.4,84.5,78.7
6,1975,79.3,80.6,77.6,77.5,74.2,78.0,73.7,71.6,82.2,81.4,71.7,82.0,80.7,84.3,81.7,80.1,83.6,79.4,82.4,82.1,81.6,78.8,84.7,79.2
7,1975,82.1,82.9,80.2,79.3,77.0,80.7,75.9,73.5,85.2,84.8,73.5,85.5,84.1,87.7,85.0,83.7,87.4,82.5,85.5,85.7,84.9,81.6,88.6,82.6
8,1975,84.0,84.6,81.9,80.5,78.9,82.4,77.3,74.6,87.2,87.1,74.6,87.8,86.4,90.1,87.2,86.0,90.0,84.5,87.4,88.0,86.9,83.6,90.9,84.6
9,1975,84.8,86.1,83.8,83.5,80.2,83.8,79.2,76.3,89.0,88.7,77.5,89.4,88.0,91.6,88.7,87.0,91.6,85.9,89.2,89.3,88.3,85.3,92.0,86.0
10,1975,84.6,86.3,83.8,83.9,80.1,83.8,79.3,76.6,88.8,88.4,77.9,89.1,87.6,91.4,88.4,86.7,91.2,85.7,89.2,88.9,88.1,85.2,91.5,85.6
11,1975,84.8,86.3,83.9,83.9,80.2,83.9,79.4,76.7,88.8,88.5,78.0,89.2,87.7,91.4,88.5,86.8,91.2,85.7,89.3,89.0,88.2,85.2,91.6,85.7
12,1975,85.4,86.5,84.2,83.8,80.7,84.3,79.6,76.8,89.2,89.0,78.0,89.7,88.3,91.9,89.0,87.5,91.9,86.2,89.6,89.6,88.7,85.6,92.3,86.3
1,1976,84.6,85.8,83.7,83.4,80.1,83.9,79.1,76.2,88.6,88.4,77.7,89.1,87.6,91.3,88.4,86.8,91.2,85.5,89.1,89.0,88.0,84.9,91.5,85.5
2,1976,84.3,85.4,83.3,82.8,79.8,84.1,78.4,75.8,88.0,88.3,76.7,89.1,87.3,91.4,88.3,86.8,91.0,85.3,89.1,89.2,87.9,84.6,91.9,85.2
3,1976,84.5,85.0,83.0,81.4,80.2,84.2,77.7,75.2,88.0,88.6,75.2,89.6,87.5,91.9,88.7,87.6,91.5,85.5,89.0,89.9,88.3,84.5,92.8,85.7
4,1976,84.5,85.1,83.1,81.3,80.5,84.6,77.7,75.4,88.0,88.6,75.0,89.6,87.3,92.1,88.7,87.7,91.4,85.6,89.0,89.9,88.4,84.5,92.7,85.7
5,1976,84.8,85.0,83.0,80.8,80.5,84.4,77.6,75.2,88.1,88.6,74.7,89.7,87.5,92.1,88.8,87.9,91.7,85.6,88.9,90.0,88.4,84.5,92.8,86.0
6,1976,85.2,85.3,83.4,81.1,80.9,84.8,77.8,75.4,88.5,89.2,75.0,90.2,88.1,92.6,89.4,88.5,92.4,86.1,89.3,90.6,89.0,85.1,93.5,86.6
7,1976,84.9,84.9,83.2,80.7,80.8,84.6,77.6,75.1,88.4,89.1,74.6,90.2,88.1,92.5,89.3,88.4,92.5,86.0,89.1,90.6,88.9,84.9,93.6,86.7
8,1976,84.5,84.4,82.7,80.1,80.5,84.2,77.0,74.5,88.1,88.5,73.8,89.6,87.5,92.0,88.8,87.9,91.9,85.5,88.5,90.0,88.4,84.4,93.1,86.4
9,1976,84.5,84.0,81.7,79.2,79.8,83.1,75.8,74.0,87.3,87.3,72.2,88.5,86.2,91.0,87.7,86.9,90.6,84.6,87.4,89.0,87.6,83.1,91.8,85.0
10,1976,84.1,83.4,80.9,78.2,79.3,82.4,74.9,73.2,86.4,86.4,71.0,87.6,85.2,90.3,86.9,86.2,89.7,83.9,86.5,88.1,86.8,82.3,90.9,84.3
11,1976,84.1,83.1,80.3,77.5,78.9,81.8,74.4,72.8,85.9,85.8,70.2,87.0,84.5,89.7,86.3,85.6,89.0,83.4,85.9,87.6,86.4,81.7,90.3,83.7
12,1976,83.6,84.4,82.2,81.3,79.5,83.1,76.7,74.5,87.7,86.7,73.7,87.7,85.4,90.7,87.0,85.7,89.6,84.1,87.2,87.7,86.9,83.4,90.2,84.2
1,1977,83.2,83.8,81.7,80.8,79.0,82.6,76.3,74.0,87.2,86.3,73.4,87.3,85.1,90.1,86.6,85.3,89.2,83.7,86.8,87.4,86.4,82.8,89.8,83.7
2,1977,83.8,84.3,82.2,81.3,79.5,83.0,76.8,74.4,87.8,86.8,73.7,87.8,85.6,90.6,87.1,85.9,89.8,84.2,87.3,88.0,87.0,83.3,90.4,84.2
3,1977,83.6,84.0,82.0,81.0,79.3,82.8,76.6,74.2,87.7,86.6,73.5,87.6,85.4,90.3,86.8,85.6,89.5,84.0,87.0,87.7,86.7,83.0,90.0,83.9
4,1977,83.3,83.5,81.6,80.7,78.8,82.3,76.3,73.9,87.3,86.1,73.2,87.0,84.9,89.7,86.2,85.0,88.9,83.5,86.3,87.1,86.2,82.5,89.4,83.4
5,1977,83.1,83.1,81.2,80.2,78.4,81.9,75.9,73.5,86.8,85.6,72.8,86.6,84.5,89.3,85.8,84.5,88.4,83.1,85.9,86.6,85.7,82.1,89.0,83.0
6,1977,83.1,83.1,81.2,80.2,78.4,81.9,76.1,73.6,87.0,85.7,73.0,86.6,84.6,89.3,85.9,84.6,88.6,83.2,86.0,86.7,85.8,82.2,89.1,83.1
7,1977,82.4,82.7,80.7,79.7,77.9,81.7,75.5,73.3,86.1,85.2,72.4,86.2,83.9,88.9,85.5,84.2,87.8,82.7,85.8,86.4,85.4,81.7,89.1,82.6
8,1977,82.4,82.7,80.8,79.7,78.0,81.7,75.6,73.2,86.5,85.4,72.3,86.4,84.2,89.2,85.7,84.4,88.2,82.9,85.9,86.7,85.7,82.0,89.6,83.0
9,1977,82.5,82.6,80.7,79.5,77.9,81.5,75.4,73.0,86.4,85.3,72.2,86.3,84.2,89.1,85.7,84.4,88.2,82.8,85.8,86.6,85.6,81.9,89.6,83.0
10,1977,81.6,81.7,79.7,78.4,76.9,80.5,74.6,72.1,85.3,84.2,71.2,85.2,83.2,88.0,84.6,83.3,86.9,81.8,84.7,85.5,84.5,80.8,88.4,81.9
11,1977,81.1,81.3,79.2,78.0,76.2,80.1,74.2,71.6,84.8,83.6,70.9,84.5,82.6,87.3,84.0,82.7,86.3,81.2,84.2,84.9,83.9,80.2,87.7,81.4
12,1977,79.7,80.2,77.8,76.9,74.9,78.8,73.0,70.6,83.2,81.9,69.7,82.8,80.8,85.6,82.3,81.1,84.4,79.7,82.7,83.1,82.3,78.8,85.9,79.8
1,1978,78.5,79.0,76.6,75.6,73.7,77.6,71.9,69.5,81.9,80.5,68.4,81.4,79.5,84.2,81.0,79.8,83.0,78.4,81.4,81.8,81.0,77.6,84.5,78.5
2,1978,78.1,78.7,76.3,75.5,73.4,77.3,71.5,69.1,81.6,80.1,68.0,81.0,79.0,83.8,80.6,79.4,82.6,78.0,81.0,81.3,80.6,77.2,84.0,78.2
3,1978,77.8,78.3,75.7,74.8,73.1,76.7,70.9,68.9,81.0,79.3,67.3,80.2,78.1,83.1,79.8,78.8,81.6,77.4,80.3,80.5,80.0,76.3,83.0,77.2
4,1978,78.0,78.3,75.6,74.5,73.1,76.8,71.1,68.9,80.9,79.3,67.2,80.2,78.2,83.0,79.8,78.8,81.4,77.5,80.1,80.5,79.9,76.2,82.9,77.0
5,1978,79.4,79.4,76.9,75.3,74.4,78.1,72.1,69.9,82.3,81.0,68.3,81.9,79.9,84.7,81.4,80.6,83.4,79.0,81.6,82.2,81.5,77.7,84.7,78.6
6,1978,79.1,79.1,76.5,74.8,73.9,77.6,71.8,69.5,81.8,80.6,67.9,81.5,79.6,84.3,81.0,80.2,83.0,78.6,81.2,81.9,81.1,77.3,84.4,78.3
7,1978,78.1,78.1,75.3,73.5,72.8,76.5,70.8,68.4,80.6,79.4,66.9,80.2,78.5,83.0,79.8,79.0,81.7,77.5,80.0,80.7,79.8,76.0,83.0,77.0
8,1978,76.8,77.0,74.1,72.3,71.6,75.3,69.9,67.4,79.3,77.9,65.8,78.7,77.1,81.5,78.3,77.6,80.1,76.1,78.5,79.1,78.4,74.8,81.4,75.7
9,1978,76.7,76.9,73.9,72.0,71.4,75.0,69.8,67.2,79.1,77.5,65.5,78.3,76.8,81.1,77.9,77.2,79.6,75.8,78.0,78.7,78.1,74.5,81.0,75.4
10,1978,75.0,74.9,71.6,69.9,69.3,72.9,67.9,65.4,76.7,74.8,63.3,75.5,74.0,78.5,75.3,74.6,76.6,73.4,75.4,75.9,75.5,72.0,78.0,72.7
11,1978,76.3,76.5,73.1,71.1,70.9,74.4,68.9,67.1,78.2,76.7,64.4,77.5,75.9,80.2,77.0,76.7,78.6,75.2,77.0,77.6,77.3,73.5,79.8,74.4
12,1978,78.7,80.1,75.2,72.8,71.9,76.2,69.9,70.3,80.9,78.4,65.5,78.6,79.0,82.8,79.8,78.3,81.8,78.2,79.1,80.5,79.8,77.1,83.5,78.0
1,1979,78.2,79.3,74.3,71.7,71.1,75.4,69.0,69.5,79.8,77.3,64.5,77.5,77.9,81.6,78.7,77.4,80.6,77.3,78.1,79.5,78.8,76.0,82.3,76.9
2,1979,78.8,79.7,74.7,72.0,71.5,75.8,69.4,69.6,80.5,77.8,64.9,78.0,78.5,82.3,79.3,77.9,81.3,77.7,78.6,80.1,79.3,76.6,83.0,77.5
3,1979,79.1,79.9,74.8,72.0,71.7,75.9,69.4,69.8,80.5,78.0,64.9,78.2,78.8,82.4,79.4,78.1,81.6,77.9,78.7,80.3,79.5,76.7,83.1,77.7
4,1979,80.1,80.5,75.5,72.5,72.4,76.5,70.0,70.3,81.3,78.9,65.6,79.1,79.8,83.1,80.3,79.0,82.6,78.7,79.5,81.2,80.3,77.5,84.0,78.7
5,1979,81.0,81.3,76.5,73.4,73.3,77.4,71.1,71.2,82.4,80.0,66.7,80.1,80.9,84.2,81.4,80.0,83.9,79.7,80.4,82.2,81.4,78.7,85.2,80.0
6,1979,81.0,81.2,76.3,73.1,73.3,77.3,71.1,71.1,82.3,79.8,66.6,79.9,80.7,84.0,81.2,79.9,83.6,79.6,80.3,82.1,81.3,78.6,85.2,80.0
7,1979,79.6,79.7,74.5,71.6,71.5,75.5,69.5,69.6,80.4,77.8,65.0,77.9,78.8,82.0,79.3,77.9,81.5,77.7,78.6,80.2,79.3,76.7,83.0,77.9
8,1979,80.0,79.6,74.5,71.2,71.5,75.4,69.4,69.3,80.5,77.9,64.7,78.0,79.0,82.1,79.4,78.1,81.7,77.8,78.5,80.4,79.4,76.7,83.2,78.0
9,1979,79.7,79.2,74.1,70.8,71.2,75.0,69.1,69.1,80.0,77.3,64.4,77.4,78.3,81.6,78.8,77.5,81.1,77.3,77.9,79.7,78.8,76.3,82.6,77.5
10,1979,80.1,79.4,74.3,71.0,71.4,75.2,69.4,69.3,80.2,77.6,64.8,77.7,78.6,81.8,79.0,77.7,81.3,77.6,78.0,79.9,79.0,76.6,82.8,77.8
11,1979,80.6,79.5,74.3,70.9,71.3,75.3,69.5,69.3,80.2,77.6,64.7,77.7,78.6,81.9,79.1,77.7,81.3,77.6,78.1,80.0,79.1,76.6,82.9,77.7
12,1979,80.1,79.7,74.5,71.2,71.8,75.4,70.2,70.4,79.9,77.1,66.0,77.2,78.0,81.4,78.7,77.3,80.5,77.4,77.8,79.1,78.9,77.0,82.5,78.1
1,1980,80.7,79.9,74.6,71.2,72.0,75.4,70.4,70.9,80.0,77.0,66.3,77.0,78.0,81.3,78.7,77.3,80.5,77.6,77.8,79.1,78.9,77.4,82.6,78.4
2,1980,81.9,81.0,75.6,72.1,73.3,76.3,71.1,72.0,81.2,78.1,67.0,78.1,79.0,82.3,79.8,78.6,81.6,78.7,79.0,80.3,80.1,78.3,83.6,79.5
3,1980,84.8,83.6,78.6,74.5,76.3,79.3,73.8,74.4,84.8,81.8,69.5,81.8,82.9,86.1,83.5,82.2,85.7,82.1,82.3,84.1,83.6,81.7,87.9,83.2
4,1980,85.4,84.3,79.3,75.0,76.9,79.9,74.3,75.0,85.6,82.7,70.0,82.7,83.8,87.0,84.4,83.0,86.6,82.9,83.2,85.1,84.4,82.4,89.0,84.1
5,1980,82.9,82.0,76.9,72.9,74.7,77.6,72.2,72.9,83.0,80.0,68.0,80.0,81.1,84.3,81.8,80.4,83.8,80.3,80.7,82.5,81.9,79.9,86.3,81.5
6,1980,82.2,81.3,76.3,72.2,74.0,77.0,71.5,72.4,82.2,79.3,67.4,79.3,80.4,83.5,81.1,79.7,83.1,79.7,80.0,81.8,81.2,79.2,85.5,80.8
7,1980,81.1,79.6,74.5,70.2,72.4,75.4,69.8,70.6,80.4,77.6,65.3,77.7,78.7,81.8,79.4,78.2,81.3,78.0,78.3,80.2,79.6,77.3,83.8,79.0
8,1980,82.1,80.2,75.1,70.4,73.1,76.1,70.2,70.9,81.3,78.7,65.4,78.8,79.9,83.0,80.5,79.4,82.6,79.0,79.1,81.5,80.6,78.1,85.2,80.1
9,1980,81.9,79.8,74.7,69.6,72.9,75.8,69.7,70.4,81.0,78.5,64.7,78.6,79.8,82.8,80.3,79.3,82.5,78.8,78.8,81.4,80.4,77.8,85.3,80.1
10,1980,82.6,80.2,75.3,69.4,73.6,76.5,70.0,70.5,81.9,79.6,64.6,79.7,81.0,83.9,81.4,80.6,83.9,79.7,79.6,82.7,81.5,78.6,87.0,81.3
11,1980,84.5,81.5,76.7,70.1,75.3,78.1,71.1,71.3,83.9,81.8,65.2,81.9,83.4,86.2,83.7,82.9,86.7,81.7,81.4,85.2,83.6,80.4,89.9,83.8
12,1980,85.9,82.4,77.7,70.3,76.4,79.4,71.7,71.8,85.2,83.4,65.3,83.6,85.2,87.9,85.4,84.8,88.7,83.2,82.8,87.3,85.2,81.6,92.1,85.4
1,1981,85.8,82.1,77.4,69.3,76.4,79.2,71.2,71.2,85.0,83.6,64.4,83.8,85.5,88.1,85.6,85.2,89.2,83.3,82.8,87.7,85.4,81.4,92.7,85.7
2,1981,88.9,84.8,80.5,71.5,79.7,82.5,73.5,73.3,88.8,87.8,66.4,88.1,89.9,92.6,90.0,89.6,94.2,87.1,86.6,92.5,89.5,85.1,98.0,90.1
3,1981,88.9,84.1,79.4,69.8,79.2,81.8,72.5,72.3,87.8,87.0,64.8,87.4,89.1,92.0,89.3,89.3,93.5,86.5,85.7,92.0,88.9,84.2,97.5,89.5
4,1981,90.2,85.0,80.5,70.4,80.4,82.9,73.4,73.1,89.1,88.5,65.5,88.9,90.7,93.5,90.8,90.9,95.3,87.8,87.1,93.7,90.3,85.4,99.4,91.1
5,1981,93.2,86.7,82.4,70.5,83.1,85.4,74.5,74.1,91.8,91.8,65.6,92.4,94.3,97.2,94.4,95.0,99.6,90.9,89.8,97.9,93.8,88.0,104.5,95.1
6,1981,95.3,88.0,83.8,70.8,85.1,87.1,75.4,75.0,93.6,94.2,65.9,94.8,96.8,99.8,96.9,97.8,102.5,93.0,91.7,100.9,96.2,89.9,107.9,97.8
7,1981,97.2,89.2,85.0,71.2,86.5,88.8,76.1,75.8,95.1,96.0,66.0,96.7,98.8,101.8,99.0,100.1,104.8,94.9,93.4,103.3,98.3,91.3,110.5,99.9
8,1981,100.8,101.9,100.3,97.3,95.0,99.4,92.9,91.9,109.1,106.8,91.4,106.6,109.0,110.6,108.1,104.8,113.4,104.4,106.7,110.0,107.0,104.8,115.2,107.7
9,1981,98.8,99.3,97.0,94.0,92.0,96.4,90.1,89.5,105.1,102.7,88.3,102.6,104.7,106.6,104.1,101.1,108.7,100.9,102.8,105.8,103.2,101.0,110.5,103.6
10,1981,97.3,97.6,95.0,92.0,90.5,94.7,88.4,88.1,102.6,100.1,86.3,100.0,101.8,104.2,101.6,98.8,105.6,98.6,100.5,103.2,100.9,98.6,107.6,101.1
11,1981,96.1,96.5,93.7,90.6,89.6,93.6,87.2,87.1,101.2,98.7,85.0,98.6,100.4,102.8,100.3,97.7,104.1,97.3,99.3,101.8,99.7,97.4,106.2,99.9
12,1981,96.5,96.8,94.2,90.6,90.3,94.1,87.5,87.4,101.8,99.5,85.1,99.4,101.3,103.5,101.1,98.6,105.1,98.0,99.9,102.7,100.4,98.1,107.4,101.0
1,1982,97.5,97.2,94.6,90.3,90.6,94.6,87.5,87.5,102.6,100.1,84.7,100.0,102.3,104.5,102.1,99.4,106.4,98.9,100.4,103.9,101.2,98.9,108.9,102.2
2,1982,100.0,99.2,96.4,91.8,92.5,96.5,89.0,88.8,104.9,102.5,85.9,102.4,104.9,107.0,104.5,101.8,109.2,101.1,102.6,106.6,103.6,100.9,111.6,104.4
3,1982,101.4,100.3,97.2,92.4,93.4,97.2,89.3,89.6,105.9,103.5,86.1,103.4,105.9,108.0,105.6,102.7,110.2,102.1,103.6,107.9,104.7,101.7,112.8,105.3
4,1982,102.1,100.8,97.8,92.8,94.1,97.9,89.8,90.1,106.5,104.4,86.5,104.3,106.8,108.9,106.5,103.7,111.2,102.9,104.3,108.9,105.5,102.3,113.9,106.2
5,1982,100.5,99.0,95.6,90.7,92.0,95.8,87.9,88.3,104.0,101.7,84.3,101.6,104.0,106.2,103.8,101.2,108.1,100.6,101.9,106.1,103.0,99.7,110.7,103.3
6,1982,105.3,105.8,103.3,100.9,98.0,102.3,95.3,95.2,112.1,109.0,93.7,108.8,111.4,113.4,111.0,107.1,115.8,107.3,109.8,113.0,109.7,107.4,117.6,110.3
7,1982,107.0,109.2,107.5,107.9,100.8,105.4,99.6,99.3,116.3,112.5,100.1,112.0,114.8,116.4,114.1,109.3,119.0,110.3,113.8,115.7,112.7,111.2,120.0,113.4
8,1982,108.4,110.2,107.7,107.9,101.5,105.5,99.3,99.6,116.8,112.8,99.2,112.4,115.1,116.9,114.7,110.1,119.5,110.9,114.4,116.5,113.5,111.5,120.6,113.9
9,1982,109.1,110.4,107.8,107.2,102.1,105.7,99.0,99.6,117.0,113.2,98.5,112.9,115.5,117.5,115.3,110.9,120.2,111.3,114.7,117.1,114.1,111.8,121.5,114.7
10,1982,109.8,110.2,107.8,106.2,102.5,106.2,99.1,99.4,116.9,113.6,98.2,113.3,116.0,118.0,115.7,111.6,120.8,111.7,114.8,117.6,114.3,112.2,122.4,115.5
11,1982,109.9,109.9,107.7,105.4,102.7,106.3,98.8,99.2,116.8,113.8,97.6,113.6,116.1,118.3,115.9,112.0,121.1,111.8,114.9,118.0,114.6,112.3,123.1,116.0
12,1982,106.5,107.8,104.8,103.5,99.6,103.8,96.6,97.2,113.2,110.0,95.7,109.8,112.0,114.5,112.2,108.1,116.5,108.5,111.7,113.9,110.9,109.1,118.6,111.8
1,1983,105.4,106.1,102.9,101.0,98.1,102.2,94.7,95.5,111.2,108.2,93.1,108.0,110.1,112.8,110.5,106.7,114.6,106.8,109.8,112.4,109.3,107.0,116.9,109.9
2,1983,106.6,108.2,105.3,103.6,100.6,104.2,97.3,98.4,113.3,110.1,96.5,109.9,112.0,114.7,112.5,108.7,116.5,108.9,112.0,114.1,111.4,109.8,119.1,112.7
3,1983,107.2,110.1,107.3,105.9,102.9,106.1,99.6,101.3,115.0,111.5,99.6,111.2,113.0,116.5,113.9,110.1,117.7,110.4,113.6,115.1,113.0,112.6,120.6,115.0
4,1983,108.7,112.3,108.9,106.8,104.9,107.6,100.7,103.6,116.6,113.7,100.3,113.5,115.4,118.3,116.0,112.6,119.9,112.5,115.4,117.2,115.1,114.2,122.8,117.1
5,1983,109.4,113.1,110.1,108.3,106.0,108.6,101.9,104.8,117.9,114.9,101.9,114.7,116.6,119.5,117.2,113.7,121.3,113.6,116.7,118.4,116.3,115.6,124.3,118.6
6,1983,111.1,114.6,111.7,109.6,107.5,110.1,103.0,105.8,120.0,117.2,103.0,117.0,119.0,121.8,119.6,115.9,124.0,115.6,118.8,120.9,118.5,117.6,127.2,121.1
7,1983,112.2,116.2,113.4,112.0,108.7,111.6,104.4,107.4,121.8,118.9,105.1,118.7,120.8,123.5,121.3,117.2,125.9,117.2,120.7,122.6,120.1,119.4,129.0,122.7
8,1983,114.0,118.7,116.2,115.1,111.3,114.0,106.9,110.2,124.8,122.0,108.5,121.7,123.9,126.4,124.3,120.0,129.2,120.0,123.7,125.5,123.1,122.7,132.4,126.2
9,1983,114.4,119.2,116.8,116.2,111.6,114.4,107.6,110.9,125.3,122.3,109.5,122.0,124.2,126.7,124.6,120.1,129.4,120.3,124.2,125.7,123.4,123.1,132.5,126.4
10,1983,113.5,119.8,116.5,117.1,111.1,113.8,107.8,111.3,124.4,121.3,110.5,120.9,122.9,125.3,123.4,118.8,127.7,119.5,123.5,124.2,122.4,122.3,130.5,125.2
11,1983,114.9,122.3,119.3,120.3,113.7,116.2,110.5,114.1,127.2,124.1,114.1,123.7,125.7,128.0,126.2,121.3,130.7,122.0,126.4,126.8,125.1,125.3,133.5,128.4
12,1983,116.2,124.4,121.8,123.4,115.6,118.4,112.8,116.1,130.0,126.6,117.0,126.2,128.4,130.6,128.6,123.4,133.5,124.3,129.0,129.2,127.4,128.1,136.1,131.0
1,1984,117.7,126.1,124.1,126.0,117.7,120.5,114.9,117.9,132.4,129.0,119.6,128.5,130.8,132.9,131.0,125.6,136.1,126.4,131.5,131.7,129.6,130.3,138.4,133.3
2,1984,116.4,124.3,122.0,124.3,115.8,118.6,113.5,116.5,129.8,126.1,118.1,125.6,127.8,130.0,128.2,122.9,132.7,124.0,128.9,128.8,126.9,127.6,134.9,130.2
3,1984,114.5,122.5,119.7,122.1,113.6,116.4,112.0,115.1,126.9,122.9,116.3,122.3,124.5,126.8,125.0,119.8,128.8,121.3,125.9,125.3,123.8,124.8,131.0,126.9
4,1984,115.3,123.5,121.3,123.7,115.0,117.8,113.7,116.5,128.7,124.6,118.3,123.9,126.2,128.4,126.5,121.3,130.6,122.8,127.3,126.8,125.3,126.7,132.8,128.7
5,1984,117.6,123.4,121.1,119.8,116.6,118.7,112.7,115.1,129.5,126.3,114.3,125.9,128.3,130.7,128.6,124.4,133.4,124.4,128.2,129.8,127.3,127.3,136.5,131.2
6,1984,118.4,125.4,123.1,123.0,118.0,120.1,115.3,117.9,131.0,127.4,118.0,126.8,129.3,131.7,129.7,125.1,134.1,125.6,129.6,130.3,128.5,129.3,137.1,132.5
7,1984,121.6,127.4,124.8,122.4,120.7,122.4,116.2,118.5,133.6,130.5,117.0,130.0,132.7,135.7,133.2,129.0,138.4,128.7,132.3,134.4,131.8,132.1,141.7,136.1
8,1984,122.9,128.3,125.6,123.0,121.5,123.3,116.4,118.6,134.5,131.9,117.0,131.4,134.2,137.2,134.6,130.4,140.2,129.8,133.7,136.2,133.0,132.8,143.0,136.7
9,1984,126.8,132.6,130.4,127.4,126.4,127.9,120.9,122.8,139.7,137.3,121.4,136.8,139.8,142.8,140.1,135.9,146.2,134.9,139.0,142.0,138.3,138.0,149.2,142.6
10,1984,128.2,134.2,132.1,129.0,128.2,129.5,122.6,124.7,141.3,139.0,123.4,138.6,141.5,144.5,141.8,137.6,147.9,136.6,140.8,143.6,140.0,139.9,151.2,144.7
11,1984,127.0,129.3,126.0,118.9,124.3,126.1,116.4,118.5,134.8,133.9,113.1,133.8,136.6,139.9,137.5,134.9,143.0,132.5,135.3,140.2,136.0,133.3,147.1,140.0
12,1984,130.4,135.9,134.0,130.6,130.2,132.4,124.9,126.6,142.2,140.5,125.0,140.1,143.0,145.8,143.6,139.7,149.1,138.5,142.7,145.6,141.9,140.9,152.1,146.1
1,1985,131.8,137.2,135.4,131.6,131.4,133.9,125.9,127.3,144.1,142.5,125.8,142.1,145.3,148.0,145.6,141.7,151.7,140.3,144.5,147.8,143.7,142.6,154.3,147.9
2,1985,134.5,138.7,136.8,130.0,133.9,136.2,126.3,127.5,146.5,145.6,124.2,145.3,148.6,151.6,148.9,145.8,155.9,143.2,146.6,151.7,146.9,145.3,159.3,151.8
3,1985,135.2,140.2,138.2,132.1,134.7,137.3,127.8,128.7,148.2,146.7,125.9,146.3,149.8,152.9,150.0,146.6,156.9,144.2,148.0,152.6,147.9,146.6,160.1,152.4
4,1985,131.1,136.1,133.6,128.7,130.4,132.5,124.9,126.1,142.4,139.9,123.6,139.4,142.6,146.1,143.2,140.0,148.7,138.4,142.0,145.0,141.6,141.5,151.9,145.8
5,1985,131.9,137.3,135.0,130.3,131.8,133.7,126.4,127.9,143.7,141.3,125.6,140.7,143.9,147.3,144.5,141.2,150.0,139.6,143.5,146.2,142.9,143.0,153.4,147.5
6,1985,131.2,136.4,134.0,129.7,130.5,132.6,125.3,127.0,142.7,140.0,124.6,139.3,142.8,146.0,143.3,139.7,148.6,138.5,142.4,145.1,141.7,141.8,152.0,146.0
7,1985,128.4,133.2,130.4,127.3,126.5,128.8,122.5,124.2,138.2,135.4,122.1,134.7,137.9,140.9,138.6,134.8,142.9,134.2,138.3,140.1,137.1,137.0,146.1,140.5
8,1985,126.9,130.1,126.5,123.1,123.0,125.3,118.7,120.6,134.2,131.3,117.1,130.8,133.8,137.0,134.6,131.2,138.2,130.6,134.4,136.2,133.3,132.1,141.5,135.5
9,1985,128.3,131.6,128.2,124.6,124.6,127.0,120.2,121.9,136.0,133.3,118.4,132.7,135.8,139.0,136.5,133.1,140.3,132.4,136.3,138.3,135.2,133.9,143.6,137.4
10,1985,124.7,127.6,123.5,120.4,120.5,122.5,116.8,118.8,130.2,127.3,114.8,126.7,129.5,132.8,130.5,127.4,133.0,127.1,130.7,131.9,129.4,128.1,136.4,131.0
11,1985,124.1,126.4,122.3,119.2,119.4,121.3,116.0,117.6,128.8,125.7,113.5,125.1,127.9,131.3,128.9,125.9,131.1,125.8,129.2,130.4,127.8,126.5,134.4,129.0
12,1985,123.1,125.0,120.1,117.2,117.1,119.4,113.9,115.4,126.5,123.4,110.9,122.8,125.5,129.1,126.6,123.6,128.6,123.7,127.0,128.2,125.5,123.9,131.4,125.8
1,1986,121.5,122.5,117.4,113.9,114.6,117.0,111.5,112.8,123.7,120.6,107.9,120.1,122.8,126.1,123.8,121.1,125.8,121.2,123.9,125.4,122.7,120.9,128.3,122.9
2,1986,118.5,119.5,113.8,110.6,111.0,113.5,108.1,109.7,119.8,116.5,104.4,115.9,118.6,121.8,119.6,117.1,121.2,117.5,119.8,121.2,118.6,116.7,123.5,118.4
3,1986,116.6,118.0,112.1,109.2,109.8,111.7,107.2,109.3,117.5,114.0,103.9,113.4,115.8,119.0,117.0,114.6,118.0,115.3,117.4,118.2,116.4,114.9,120.4,116.4
4,1986,116.2,117.2,111.5,108.2,109.6,111.3,106.3,108.6,117.1,113.8,102.7,113.4,115.6,118.6,116.8,114.7,117.9,115.0,117.1,118.1,116.2,114.2,120.5,116.4
5,1986,115.1,116.2,110.4,107.2,108.6,110.1,105.3,107.8,115.8,112.4,101.8,112.0,114.1,117.2,115.5,113.3,116.3,113.7,115.8,116.7,114.9,112.9,118.9,115.0
6,1986,116.4,118.0,111.6,108.6,109.5,111.2,106.4,108.9,117.1,113.6,102.7,113.1,115.3,118.6,116.7,114.4,117.6,114.9,117.2,117.9,116.1,114.2,119.9,116.0
7,1986,116.4,116.7,110.3,107.1,108.8,110.0,105.9,107.8,115.3,111.7,101.4,111.2,113.3,116.7,114.8,112.9,115.1,113.4,115.4,116.1,114.2,112.2,117.1,113.4
8,1986,115.1,115.2,108.1,104.9,106.9,108.0,104.0,106.0,112.8,109.1,99.1,108.6,110.6,114.5,112.3,110.5,112.3,111.2,112.9,113.4,111.7,109.9,114.1,110.7
9,1986,115.4,115.9,107.9,104.3,107.0,107.8,103.4,106.7,112.5,109.0,98.2,108.5,110.6,114.2,112.2,110.7,112.1,111.4,112.6,113.3,111.7,109.6,113.9,110.4
10,1986,115.8,115.8,107.5,104.3,106.5,107.2,103.2,107.0,111.6,108.3,98.4,107.9,109.8,113.0,111.2,109.8,110.9,110.8,111.7,112.2,110.8,108.6,112.5,109.2
11,1986,116.4,115.8,107.7,104.1,106.9,107.6,103.2,107.1,112.0,108.8,98.2,108.5,110.4,113.4,111.8,110.5,111.5,111.2,112.1,112.9,111.4,108.7,113.4,109.9
12,1986,115.4,115.0,106.8,103.4,106.0,106.7,102.6,106.5,110.8,107.6,97.6,107.3,109.2,112.1,110.5,109.3,110.1,110.1,110.9,111.6,110.1,107.6,111.9,108.6
1,1987,112.1,110.7,102.3,99.3,101.3,102.5,98.4,101.9,106.0,102.8,93.0,102.5,104.2,107.0,105.6,104.4,104.8,105.4,106.2,106.8,105.1,102.3,106.2,102.7
2,1987,111.7,110.5,101.7,98.9,100.6,101.9,97.8,101.7,105.2,101.9,92.7,101.5,103.5,106.2,104.8,103.6,103.9,104.8,105.5,106.0,104.4,101.7,105.4,102.0
3,1987,111.7,110.4,101.7,98.8,100.7,101.9,97.8,101.9,105.2,102.1,92.9,101.7,103.7,106.1,104.9,103.7,104.0,104.8,105.5,106.2,104.5,101.8,105.7,102.4
4,1987,110.6,109.3,100.4,97.5,99.5,100.7,96.5,100.6,103.9,100.9,91.3,100.5,102.6,104.9,103.8,102.6,102.8,103.6,104.4,105.2,103.3,100.3,104.5,101.1
5,1987,109.7,108.8,100.0,97.3,99.0,100.3,96.4,100.4,103.5,100.2,91.3,99.8,101.9,104.3,103.1,101.8,102.1,103.1,103.8,104.4,102.7,99.9,103.8,100.6
6,1987,110.8,110.1,101.4,98.5,100.4,101.6,97.6,101.8,105.0,101.8,92.7,101.4,103.5,105.8,104.7,103.4,103.7,104.6,105.3,106.0,104.3,101.5,105.7,102.5
7,1987,111.8,111.5,102.9,100.0,101.9,103.0,99.1,103.6,106.4,103.3,94.5,102.8,104.9,107.1,106.2,104.8,105.2,106.0,106.8,107.3,105.8,103.1,107.2,104.2
8,1987,112.1,111.9,103.3,100.1,102.3,103.3,99.3,103.7,106.9,103.8,94.6,103.4,105.5,107.8,106.7,105.4,106.0,106.5,107.2,107.9,106.3,103.7,107.9,104.9
9,1987,110.8,110.5,101.9,99.0,100.8,101.8,98.1,102.5,105.4,102.2,93.6,101.7,103.9,105.8,105.0,103.6,104.1,104.9,105.5,106.1,104.6,101.9,105.9,103.1
10,1987,110.4,110.1,101.5,99.1,100.0,101.1,97.9,102.1,104.9,101.5,93.6,101.0,103.4,105.0,104.2,102.7,103.4,104.3,104.9,105.2,103.8,101.3,104.8,102.3
11,1987,107.0,106.7,97.8,95.7,96.2,97.6,94.6,98.6,101.0,97.2,90.1,96.7,99.0,101.0,100.0,98.5,98.8,100.3,100.9,100.9,99.6,97.4,100.1,97.7
12,1987,105.1,104.6,95.5,93.4,94.0,95.5,92.5,96.5,98.5,94.9,87.9,94.3,96.6,98.5,97.6,96.2,96.3,98.0,98.5,98.5,97.2,94.9,97.6,95.2
1,1988,105.2,104.9,95.9,93.8,94.3,96.0,92.7,96.7,99.0,95.7,88.2,95.1,97.4,99.1,98.3,96.9,97.1,98.6,99.3,99.4,97.9,95.4,98.4,95.7
2,1988,106.0,105.9,97.2,95.0,95.6,97.2,93.6,97.7,100.5,97.3,89.4,96.8,99.1,100.7,99.9,98.5,99.0,100.0,100.7,101.0,99.4,96.8,100.2,97.5
3,1988,104.9,104.7,96.2,93.9,94.7,96.2,92.7,96.8,99.3,96.3,88.5,95.8,98.1,99.6,98.8,97.5,98.0,98.9,99.7,99.9,98.3,95.8,99.0,96.5
4,1988,104.2,104.2,95.9,93.6,94.3,95.9,92.5,96.6,98.9,96.0,88.5,95.5,97.8,99.2,98.5,97.2,97.6,98.5,99.3,99.5,98.0,95.5,98.7,96.2
5,1988,104.5,104.8,96.6,94.3,95.0,96.6,93.2,97.4,99.6,96.9,89.3,96.4,98.7,99.9,99.3,98.0,98.5,99.3,100.1,100.3,98.8,96.2,99.8,97.3
6,1988,106.2,106.6,98.8,96.4,96.9,98.7,94.7,99.1,102.0,99.6,91.2,99.1,101.5,102.4,102.0,100.5,101.5,101.7,102.7,103.2,101.4,98.4,102.7,99.9
7,1988,108.8,109.3,101.8,98.9,100.0,101.7,97.1,101.7,105.4,103.3,93.7,102.9,105.4,106.2,105.8,104.3,105.8,105.1,106.2,107.1,105.1,102.1,107.2,104.1
8,1988,109.7,110.5,103.1,100.0,101.1,102.9,98.0,102.6,107.1,105.0,94.6,104.6,107.2,107.9,107.5,105.9,107.9,106.7,107.7,108.9,106.7,103.6,109.2,105.9
9,1988,110.0,110.9,102.5,99.1,100.7,102.5,97.1,101.9,106.6,104.6,93.2,104.2,106.8,107.8,107.2,105.7,107.6,106.4,107.4,108.8,106.4,103.0,108.8,105.3
10,1988,108.3,109.4,100.4,96.9,98.9,100.5,95.1,100.3,104.3,102.3,91.2,102.0,104.5,105.5,104.9,103.6,105.2,104.3,105.1,106.5,104.2,100.9,106.3,103.1
11,1988,105.6,107.1,98.0,94.9,96.4,98.0,93.3,98.5,101.4,99.3,89.6,98.9,101.4,102.3,101.8,100.5,101.7,101.5,102.1,103.1,101.2,98.1,102.8,100.0
12,1988,105.2,107.2,98.1,95.2,96.5,98.0,93.4,98.7,101.5,99.4,90.1,99.0,101.5,102.2,101.8,100.5,101.9,101.5,102.2,103.0,101.2,98.2,102.7,100.2
1,1989,107.4,111.7,103.1,100.3,102.0,102.6,99.1,105.6,105.8,103.7,97.6,103.2,105.5,106.2,106.1,104.8,106.0,105.8,106.6,106.6,105.8,104.2,107.4,106.5
2,1989,107.9,113.5,104.9,102.4,103.8,104.1,101.1,108.2,107.4,105.1,100.5,104.5,106.7,107.6,107.4,106.1,107.3,107.2,108.1,107.6,107.3,106.5,108.9,108.7
3,1989,108.7,115.2,106.4,104.1,105.0,105.4,102.6,109.7,109.0,106.5,102.1,105.9,108.2,109.0,108.8,107.3,108.8,108.6,109.5,108.8,108.6,108.2,110.3,110.1
4,1989,109.3,122.0,114.3,120.3,108.9,110.3,112.2,119.8,115.4,110.9,118.9,109.8,112.2,112.4,112.4,108.6,111.7,112.6,115.6,110.8,112.1,114.8,111.4,113.2
5,1989,111.7,125.7,118.1,124.1,112.8,113.9,115.7,123.9,119.4,114.9,123.2,113.7,116.2,116.5,116.4,112.4,116.0,116.4,119.6,114.7,116.2,119.5,116.0,118.2
6,1989,113.3,128.7,120.9,125.9,116.3,116.6,118.6,128.2,121.8,117.3,126.7,116.0,118.5,119.2,119.1,115.2,118.6,119.1,122.1,117.0,119.1,123.5,119.5,122.6
7,1989,110.0,121.8,113.4,117.6,108.6,109.9,110.2,117.9,115.3,111.2,115.3,110.1,112.7,113.1,112.8,109.4,112.8,112.8,115.4,111.6,112.4,114.7,112.5,113.6
8,1989,110.9,123.8,115.6,118.7,112.1,112.2,113.0,121.9,116.8,112.9,118.8,111.9,114.1,114.7,114.7,111.6,114.2,114.7,117.1,113.0,114.7,117.7,115.0,117.4
9,1989,111.2,123.1,114.9,117.5,111.1,111.7,111.6,119.8,116.7,113.1,116.5,112.1,114.5,114.9,114.8,111.7,114.8,114.6,116.9,113.5,114.7,116.8,115.3,116.8
10,1989,109.0,118.9,110.3,112.5,106.3,107.7,106.6,114.0,112.4,109.1,110.0,108.3,110.7,111.0,110.7,107.9,110.9,110.6,112.6,109.9,110.4,111.5,110.8,111.2
11,1989,108.7,118.3,109.2,111.1,105.2,106.8,105.5,113.1,111.3,107.8,108.5,106.9,109.5,109.9,109.6,106.7,109.7,109.6,111.4,108.9,109.3,110.6,109.7,110.2
12,1989,109.2,119.3,110.2,114.7,105.5,107.1,108.1,116.0,111.0,106.7,112.8,105.5,108.5,108.6,108.6,105.0,107.7,109.3,111.2,107.4,108.2,110.6,107.3,108.9
1,1990,109.4,115.8,106.6,108.0,103.3,104.8,104.5,111.2,107.6,104.1,105.9,103.0,106.0,106.2,106.1,103.6,105.2,106.9,107.9,105.9,105.6,106.5,105.1,105.6
2,1990,108.8,115.5,106.6,109.8,102.3,104.2,104.8,110.7,107.5,103.6,107.1,102.5,105.5,105.5,105.4,102.4,104.4,106.1,107.7,104.9,104.7,105.8,103.5,103.9
3,1990,109.6,114.0,104.7,105.3,101.3,103.3,101.8,107.4,106.4,103.4,101.7,102.5,105.4,105.5,105.2,102.9,104.8,105.7,106.7,105.5,104.4,104.2,104.0,103.4
4,1990,108.8,113.0,103.6,104.0,100.6,102.3,101.2,106.8,105.0,102.0,101.1,101.1,104.0,104.2,103.9,101.8,103.3,104.5,105.4,104.0,103.2,103.2,102.7,102.4
5,1990,107.8,111.9,102.3,102.3,99.7,101.2,100.2,105.8,103.6,100.7,99.7,99.8,102.6,103.0,102.6,100.7,101.9,103.3,104.0,102.7,102.0,102.0,101.4,101.4
6,1990,108.5,112.3,102.7,102.2,100.2,101.6,100.4,105.9,104.1,101.4,99.7,100.6,103.4,103.6,103.3,101.5,102.7,103.9,104.5,103.5,102.7,102.5,102.4,102.2
7,1990,106.9,110.3,100.4,99.6,98.5,99.6,98.4,103.9,101.7,99.0,97.4,98.2,100.9,101.2,101.0,99.3,100.2,101.7,102.2,101.2,100.5,100.1,99.8,99.9
8,1990,105.5,108.3,98.0,97.3,96.1,97.3,96.1,101.6,99.0,96.3,94.8,95.5,98.2,98.4,98.3,96.8,97.2,99.2,99.6,98.6,97.8,97.1,96.7,96.7
9,1990,105.1,107.2,96.7,95.1,95.0,96.5,94.4,99.5,98.1,95.8,92.0,95.1,97.8,98.0,97.8,96.5,96.8,98.5,98.7,98.5,97.2,95.7,96.4,95.6
10,1990,103.6,106.1,95.5,93.6,94.5,95.3,94.0,99.3,96.5,94.0,91.6,93.3,95.8,96.3,96.0,95.0,94.7,97.0,97.0,96.4,95.7,94.8,94.7,94.6
11,1990,104.6,111.3,101.1,99.1,102.9,100.4,103.5,112.1,99.3,96.0,104.1,95.1,96.6,98.4,98.4,97.8,95.1,100.4,100.0,96.6,99.3,102.3,97.5,102.2
12,1990,105.5,110.5,100.3,97.7,102.1,100.0,102.1,109.7,99.0,96.2,101.4,95.3,96.9,98.6,98.5,98.2,95.5,100.3,99.9,97.3,99.1,101.1,97.6,101.2
1,1991,105.5,109.8,99.9,97.9,100.9,99.5,101.0,107.8,98.8,96.3,100.4,95.4,97.1,98.5,98.4,97.8,95.8,100.0,99.8,97.5,98.7,100.1,97.0,99.9
2,1991,103.9,107.5,97.7,96.2,98.1,97.3,98.4,104.4,96.9,94.3,97.5,93.5,95.3,96.3,96.2,95.6,93.8,97.7,97.8,95.7,96.3,97.0,94.3,96.4
3,1991,107.6,110.9,101.3,99.0,101.7,101.1,100.6,106.4,101.4,99.4,99.3,98.8,100.7,101.5,101.3,100.8,99.8,102.3,102.5,101.3,101.1,101.0,100.1,101.2
4,1991,109.4,112.8,103.7,100.9,104.0,103.4,102.4,107.9,104.2,102.6,101.1,101.9,104.0,104.5,104.4,103.8,103.4,105.0,105.4,104.7,104.0,103.6,103.6,104.3
5,1991,110.0,113.1,103.9,100.9,104.1,103.7,102.2,107.5,104.6,103.2,100.6,102.5,104.8,105.1,105.1,104.5,104.2,105.5,105.9,105.6,104.5,103.7,104.3,104.5
6,1991,111.9,114.6,105.5,102.1,105.5,105.4,102.7,107.9,106.8,105.7,100.8,105.1,107.5,107.7,107.6,106.9,107.3,107.7,108.1,108.6,106.7,105.4,107.2,106.5
7,1991,111.8,113.7,104.6,101.0,104.6,105.0,101.4,106.4,106.1,105.1,99.1,104.6,107.1,107.1,107.0,106.6,106.9,107.0,107.4,108.4,105.9,104.0,106.3,105.0
8,1991,111.5,116.6,107.8,104.4,109.4,107.7,107.2,114.3,107.4,105.8,107.1,105.1,106.9,107.7,107.8,107.6,106.3,108.5,108.7,107.6,107.5,108.3,107.3,109.3
9,1991,109.6,113.5,104.6,101.3,105.9,104.7,103.7,110.0,104.5,103.0,102.8,102.3,104.2,104.8,104.8,104.7,103.5,105.6,105.7,105.0,104.5,104.5,104.0,105.3
10,1991,109.3,114.8,105.9,102.7,107.9,105.8,106.0,113.2,105.0,103.3,106.1,102.6,104.1,105.2,105.3,105.2,103.4,106.3,106.3,104.8,105.2,106.4,104.5,107.1
11,1991,107.0,110.8,101.5,98.5,102.9,101.8,101.2,107.2,101.1,99.5,100.0,98.8,100.5,101.4,101.4,101.3,99.7,102.4,102.4,101.4,101.1,101.3,100.1,101.6
12,1991,105.3,109.6,100.1,97.3,101.7,100.4,100.6,106.6,99.3,97.4,99.4,96.7,98.3,99.5,99.3,99.3,97.3,100.6,100.5,99.1,99.2,99.9,97.9,99.8
1,1992,106.6,109.8,100.4,97.3,101.9,100.6,100.7,106.5,100.1,97.7,99.4,97.0,98.7,99.9,99.6,99.6,97.7,100.9,100.6,99.4,99.4,100.2,98.2,100.1
2,1992,107.6,110.6,101.5,98.1,102.8,101.7,101.5,107.1,101.5,99.1,99.9,98.4,100.3,101.3,101.0,101.0,99.4,102.2,101.8,100.9,100.7,101.4,99.9,101.5
3,1992,109.9,113.1,104.1,100.4,105.7,104.2,104.2,110.3,104.0,101.5,103.0,100.7,102.7,103.8,103.5,103.5,101.9,104.7,104.2,103.3,103.4,104.4,102.8,104.8
4,1992,109.4,112.7,103.7,100.0,105.4,103.8,104.1,110.3,103.5,100.8,103.0,100.0,101.9,103.1,102.9,102.9,101.1,104.1,103.7,102.5,102.8,104.0,102.1,104.4
5,1992,108.4,110.5,101.4,97.8,102.8,101.6,101.5,107.1,101.7,98.9,99.7,98.1,100.1,101.2,100.9,100.8,99.2,102.1,101.6,100.8,100.6,101.3,99.8,101.4
6,1992,107.1,109.5,100.3,96.8,101.9,100.4,100.7,106.7,100.2,97.2,99.2,96.4,98.3,99.5,99.2,99.3,97.2,100.6,100.2,98.9,99.1,100.1,98.0,100.0
7,1992,105.0,106.7,97.2,94.0,98.8,97.4,97.9,103.9,97.0,93.6,96.1,92.9,94.6,96.0,95.7,95.8,93.3,97.3,96.8,95.3,95.7,96.7,94.0,96.1
8,1992,104.6,105.4,95.5,92.4,97.1,95.8,96.3,102.0,95.5,91.9,94.2,91.1,92.9,94.4,93.9,94.1,91.5,95.7,95.0,93.5,93.9,94.8,92.0,94.0
9,1992,106.3,106.6,96.7,93.4,98.1,97.1,97.3,103.1,97.0,93.1,94.9,92.3,93.9,95.8,95.0,95.2,92.5,96.8,96.1,94.6,95.1,95.8,93.4,95.0
10,1992,108.4,109.0,99.2,95.6,100.7,100.0,99.4,105.3,99.7,96.0,96.7,95.4,96.7,99.1,98.0,98.1,95.4,99.5,98.9,97.8,98.0,98.5,96.8,97.7
11,1992,111.2,113.0,103.5,99.4,105.1,104.2,103.3,109.2,104.2,100.8,100.7,100.2,101.6,104.0,102.9,103.0,100.7,104.2,103.7,102.8,102.8,103.5,102.4,103.1
12,1992,111.1,112.8,103.5,99.3,105.1,104.3,103.3,109.0,104.0,100.8,100.5,100.2,101.6,104.1,102.9,103.1,100.7,104.2,103.7,102.9,102.8,103.3,102.3,102.9
1,1993,111.9,113.8,104.6,100.3,106.1,105.6,104.2,109.7,105.4,102.3,101.4,101.7,103.0,105.7,104.4,104.5,102.4,105.4,105.0,104.5,104.2,104.7,104.0,104.2
2,1993,112.5,114.9,105.8,101.3,107.4,106.9,105.2,110.9,106.5,103.8,102.5,103.2,104.3,107.3,105.9,105.9,104.0,106.8,106.5,106.0,105.7,106.2,105.8,105.9
3,1993,112.5,115.2,106.3,101.7,108.1,107.7,105.5,111.6,106.7,104.2,103.2,103.7,104.7,107.6,106.2,106.5,104.3,107.1,106.8,106.4,105.9,106.3,106.1,106.1
4,1993,110.1,113.0,104.0,99.6,105.7,105.3,103.6,109.6,104.3,101.5,101.2,101.0,102.1,104.9,103.5,103.8,101.4,104.6,104.2,103.6,103.3,103.8,103.2,103.3
5,1993,110.0,113.3,104.2,99.9,105.9,105.4,103.7,109.9,104.6,101.8,101.4,101.2,102.4,105.1,103.8,104.1,101.6,104.9,104.6,103.9,103.6,104.2,103.7,103.8
6,1993,110.2,114.7,105.9,101.4,107.7,107.1,105.2,111.2,106.4,103.9,102.9,103.3,104.5,107.3,106.1,106.3,104.1,106.8,106.7,106.2,105.7,106.5,106.3,106.2
7,1993,111.0,116.7,108.1,103.5,110.0,109.3,106.9,113.1,108.7,106.6,104.8,106.0,107.2,110.2,108.8,108.9,107.1,109.3,109.4,109.1,108.4,109.1,109.7,109.4
8,1993,110.5,117.0,108.3,103.7,110.2,109.5,107.0,113.3,108.9,106.8,104.8,106.3,107.4,110.5,109.1,109.1,107.4,109.5,109.7,109.4,108.6,109.4,110.3,109.7
9,1993,108.3,114.5,105.6,101.2,107.4,106.8,104.7,110.7,106.0,103.5,102.1,103.0,104.1,107.5,105.8,105.9,103.9,106.5,106.5,106.0,105.5,106.4,106.6,106.2
10,1993,108.4,115.4,106.7,102.2,108.5,107.9,105.8,111.8,107.0,104.8,103.2,104.3,105.3,108.8,107.1,107.2,105.3,107.7,107.7,107.3,106.8,107.8,108.1,107.8
11,1993,109.2,116.9,108.5,103.8,110.2,109.7,107.2,113.3,108.8,107.0,104.9,106.5,107.6,111.0,109.4,109.3,107.8,109.7,109.9,109.6,109.0,109.9,110.8,110.2
12,1993,108.6,116.6,108.3,103.7,110.0,109.6,107.1,113.1,108.6,107.0,104.8,106.5,107.5,111.0,109.3,109.3,107.7,109.5,109.9,109.6,108.9,109.8,110.8,110.0
1,1994,114.4,119.2,111.4,105.6,115.3,113.3,112.1,116.1,110.4,109.8,107.9,109.3,110.3,113.5,112.2,112.9,109.6,112.6,112.7,113.4,111.3,111.2,112.7,111.8
2,1994,113.6,118.9,111.1,105.4,115.1,113.0,112.0,116.0,110.3,109.4,107.7,108.9,109.8,113.0,111.8,112.5,109.1,112.3,112.4,112.9,111.0,110.8,112.3,111.5
3,1994,112.8,117.7,109.8,104.3,113.7,111.6,110.6,114.7,109.1,107.8,106.1,107.3,108.1,111.5,110.2,110.9,107.3,110.9,110.9,111.3,109.5,109.2,110.4,109.6
4,1994,112.6,117.8,110.0,104.6,114.1,111.6,110.7,115.1,109.5,107.8,106.2,107.4,108.2,111.5,110.4,111.1,107.4,111.1,111.2,111.4,109.8,109.3,110.4,109.8
5,1994,110.9,115.8,108.0,102.8,112.0,109.5,108.9,113.2,107.4,105.6,104.4,105.2,105.9,109.3,108.1,108.8,105.0,108.9,109.1,109.0,107.6,107.2,108.0,107.5
6,1994,109.5,113.3,105.2,100.1,108.5,107.0,105.5,109.0,105.2,103.7,100.2,103.3,104.2,107.3,106.0,106.6,103.3,106.7,106.8,107.4,105.3,104.1,105.8,104.2
7,1994,107.7,111.6,103.5,98.6,106.7,105.2,104.1,107.8,103.2,101.4,99.0,101.0,101.7,105.0,103.7,104.3,100.8,104.6,104.6,104.8,103.1,102.2,103.3,102.2
8,1994,107.4,111.1,103.0,98.2,106.0,104.8,103.3,106.9,103.0,101.1,98.1,100.8,101.6,104.9,103.5,104.0,100.7,104.2,104.2,104.7,102.8,101.7,103.2,101.7
9,1994,106.2,109.7,101.5,96.8,104.3,103.3,101.5,105.1,101.7,99.9,96.3,99.5,100.3,103.5,102.1,102.6,99.4,102.8,102.9,103.3,101.4,100.2,101.7,100.1
10,1994,104.7,107.8,99.8,95.2,102.3,101.5,99.7,103.0,100.0,98.2,94.4,97.8,98.6,101.7,100.3,100.8,97.7,101.1,101.1,101.5,99.7,98.3,99.8,98.0
11,1994,104.7,108.0,100.2,95.5,102.5,102.0,99.9,103.1,100.7,98.9,94.5,98.7,99.5,102.5,101.1,101.5,98.7,101.7,101.7,102.4,100.4,98.8,100.9,98.8
12,1994,105.4,109.1,101.4,96.7,103.5,103.1,100.7,104.1,102.1,100.4,95.4,100.1,101.0,103.8,102.5,102.8,100.3,103.0,103.0,104.0,101.8,100.0,102.7,100.3
1,1995,104.6,108.3,100.2,95.9,102.2,101.8,99.5,103.1,101.0,98.9,93.9,98.7,99.4,102.5,101.1,101.4,98.6,101.7,101.8,102.6,100.6,98.5,101.0,98.5
2,1995,103.7,107.4,99.1,95.0,101.1,100.8,98.4,102.1,99.9,97.8,92.8,97.5,98.2,101.4,100.0,100.2,97.4,100.6,100.7,101.4,99.5,97.5,99.7,97.2
3,1995,101.5,105.5,97.0,93.3,99.2,98.9,96.6,100.9,97.4,94.9,91.0,94.8,94.9,98.9,97.1,97.4,93.9,98.0,98.1,98.3,96.9,95.1,96.6,94.2
4,1995,99.3,103.7,95.5,91.8,97.6,97.5,95.3,99.4,95.8,93.4,89.9,93.2,93.4,97.4,95.5,95.9,92.4,96.4,96.5,96.6,95.3,93.6,94.9,92.7
5,1995,98.8,103.5,95.7,91.9,97.6,97.4,95.2,99.0,96.1,94.0,89.9,93.8,94.1,97.7,96.0,96.3,93.3,96.7,96.8,97.1,95.7,94.1,95.6,93.4
6,1995,98.0,103.0,95.1,91.4,96.9,96.7,94.7,98.4,95.6,93.3,89.4,93.1,93.5,97.1,95.4,95.6,92.7,96.1,96.2,96.4,95.1,93.6,94.9,92.8
7,1995,97.2,102.1,94.1,90.5,95.9,95.8,93.8,97.5,94.4,92.4,88.6,92.2,92.6,96.1,94.4,94.7,91.7,95.2,95.2,95.4,94.1,92.6,93.9,91.9
8,1995,98.7,103.7,95.9,92.1,97.5,97.4,95.4,99.1,96.3,94.5,90.4,94.2,94.8,98.1,96.5,96.7,94.1,97.1,97.2,97.6,96.1,94.7,96.3,94.3
9,1995,99.3,104.3,96.4,92.6,98.1,98.0,95.9,99.6,96.8,95.2,91.0,95.0,95.5,98.7,97.1,97.4,94.8,97.7,97.8,98.2,96.7,95.3,97.0,95.0
10,1995,98.3,103.3,95.3,91.6,97.0,96.9,94.8,98.7,95.4,93.8,89.9,93.6,93.9,97.3,95.7,96.0,93.2,96.4,96.5,96.7,95.3,93.8,95.3,93.3
11,1995,98.3,103.3,95.0,91.5,96.7,96.6,94.6,98.5,95.3,93.5,89.6,93.3,93.7,97.1,95.5,95.7,92.9,96.2,96.3,96.5,95.2,93.6,95.0,92.9
12,1995,98.5,103.7,95.6,91.9,97.2,97.1,95.0,98.7,96.0,94.2,90.0,94.0,94.5,97.7,96.2,96.4,93.8,96.9,96.9,97.2,95.8,94.2,95.7,93.7
1,1996,99.2,104.1,96.3,92.5,97.9,97.8,95.7,99.2,96.7,95.1,90.8,94.8,95.4,98.5,96.9,97.3,94.7,97.6,97.6,98.0,96.5,95.0,96.6,94.5
2,1996,99.2,104.2,96.4,92.7,98.0,97.9,95.9,99.3,96.9,95.2,91.0,94.9,95.5,98.5,97.1,97.4,94.8,97.7,97.7,98.2,96.6,95.1,96.8,94.7
3,1996,99.3,104.4,96.6,92.9,98.2,98.0,96.1,99.6,97.1,95.5,91.3,95.3,95.9,98.8,97.4,97.6,95.2,98.0,98.1,98.4,97.0,95.4,97.2,95.2
4,1996,99.7,104.9,97.3,93.5,98.8,98.5,96.6,100.1,97.9,96.4,91.9,96.2,96.9,99.7,98.3,98.4,96.2,98.7,98.9,99.3,97.8,96.2,98.2,96.1
5,1996,100.2,105.6,98.1,94.3,99.6,99.2,97.3,100.7,98.8,97.4,92.8,97.1,98.0,100.6,99.3,99.4,97.4,99.7,99.9,100.4,98.8,97.1,99.4,97.3
6,1996,100.1,105.5,97.9,94.1,99.3,99.0,97.1,100.5,98.6,97.2,92.5,96.9,97.8,100.4,99.1,99.2,97.3,99.5,99.7,100.3,98.6,96.9,99.2,97.1
7,1996,99.7,104.7,97.1,93.4,98.5,98.3,96.4,99.8,97.8,96.3,91.7,96.0,96.8,99.4,98.2,98.3,96.2,98.6,98.8,99.3,97.7,96.0,98.2,96.1
8,1996,99.1,104.2,96.6,93.0,98.0,97.7,95.9,99.3,97.3,95.7,91.3,95.4,96.2,98.9,97.5,97.7,95.6,98.0,98.2,98.6,97.1,95.5,97.5,95.5
9,1996,99.7,104.8,97.4,93.6,98.7,98.4,96.6,100.0,98.2,96.5,92.0,96.3,97.1,99.6,98.4,98.5,96.5,98.8,99.0,99.4,97.9,96.3,98.5,96.5
10,1996,100.4,105.4,98.0,94.2,99.3,99.0,97.1,100.5,98.8,97.3,92.7,97.0,98.0,100.4,99.2,99.3,97.4,99.5,99.8,100.2,98.7,97.1,99.4,97.4
11,1996,99.9,104.8,97.4,93.7,98.7,98.4,96.5,100.1,98.1,96.6,92.3,96.3,97.2,99.6,98.4,98.5,96.6,98.8,99.1,99.5,98.0,96.4,98.5,96.6
12,1996,100.7,105.9,98.7,94.9,99.9,99.6,97.7,101.1,99.6,98.1,93.5,97.8,98.9,101.0,100.0,100.0,98.3,100.2,100.6,101.1,99.4,97.8,100.3,98.3
1,1997,102.0,107.3,100.3,96.4,101.5,101.2,99.0,102.4,101.4,100.1,95.0,99.8,100.9,103.1,102.0,102.0,100.6,102.0,102.5,103.2,101.4,99.8,102.7,100.4
2,1997,104.2,109.9,103.2,99.0,104.3,104.2,101.5,104.8,104.7,103.5,97.5,103.3,104.5,106.6,105.5,105.4,104.5,105.2,105.8,106.9,104.7,103.2,106.8,104.1
3,1997,105.1,110.7,104.2,99.8,105.2,105.1,102.3,105.6,105.7,104.6,98.4,104.3,105.6,107.7,106.5,106.4,105.6,106.1,106.8,107.9,105.7,104.1,108.1,105.3
4,1997,105.4,111.2,104.7,100.3,105.5,105.5,102.8,105.9,106.4,105.2,98.8,104.9,106.3,108.3,107.1,106.9,106.3,106.7,107.3,108.6,106.3,104.7,108.8,105.9
5,1997,104.7,110.8,104.2,99.9,105.1,105.0,102.4,105.6,105.9,104.7,98.5,104.4,105.7,107.8,106.6,106.4,105.8,106.2,106.8,108.0,105.7,104.3,108.2,105.4
6,1997,105.0,111.6,105.1,100.7,106.0,105.8,103.1,106.3,107.0,105.8,99.3,105.5,106.9,108.9,107.7,107.5,107.1,107.2,107.9,109.2,106.8,105.5,109.5,106.7
7,1997,106.6,114.2,107.7,103.1,108.3,108.9,105.2,108.6,109.4,108.6,101.2,108.3,109.8,111.7,110.7,110.5,110.2,110.0,110.9,112.3,109.9,108.1,112.6,109.7
8,1997,108.7,116.9,110.1,105.2,110.6,111.5,107.2,111.2,111.8,111.4,103.2,111.2,112.6,114.4,113.5,113.3,113.0,112.8,113.5,115.1,112.6,110.6,115.5,112.3
9,1997,108.3,116.6,109.0,104.2,109.5,111.0,106.4,110.8,110.0,109.9,102.0,109.8,111.0,112.6,111.9,112.0,111.0,111.7,112.1,113.3,111.3,108.8,113.0,110.2
10,1997,108.2,116.8,108.4,103.6,109.1,110.5,106.0,111.1,109.0,109.3,101.4,109.3,110.2,111.7,111.0,111.5,109.9,111.3,111.3,112.3,110.7,107.9,111.6,109.1
11,1997,108.7,116.4,107.8,103.2,108.3,110.1,105.6,110.4,108.3,108.3,100.9,108.2,109.2,110.8,110.2,110.5,108.8,110.5,110.5,111.4,109.9,107.1,110.4,107.9
12,1997,112.4,120.4,110.7,105.6,111.3,113.8,107.9,114.3,110.6,111.6,102.8,111.7,112.4,113.6,113.2,114.2,111.7,114.0,113.5,114.4,113.2,109.5,112.9,110.3
1,1998,115.8,125.7,113.9,108.2,115.1,117.8,110.4,119.8,112.8,115.7,104.9,116.2,116.3,116.5,116.8,118.9,114.9,118.4,117.0,117.8,117.1,111.9,115.5,112.9
2,1998,114.2,123.4,112.7,107.2,113.9,115.7,109.4,117.8,112.2,114.3,104.3,114.6,115.0,115.6,115.5,117.2,114.0,116.7,115.7,116.6,115.6,111.3,115.0,112.2
3,1998,113.9,123.4,112.8,107.3,114.4,115.3,109.4,118.0,112.6,114.6,104.7,114.9,115.3,116.0,115.7,117.4,114.3,116.7,115.8,116.7,115.6,111.7,115.4,112.6
4,1998,113.0,121.9,112.0,106.7,113.3,114.2,108.9,116.2,112.2,113.4,104.2,113.6,114.2,115.4,114.7,116.0,113.5,115.5,114.9,115.7,114.5,111.3,114.8,111.9
5,1998,113.0,121.8,111.3,105.9,112.8,113.4,108.3,116.3,111.2,112.6,103.4,112.8,113.1,114.4,113.7,115.3,112.2,114.8,113.9,114.5,113.5,110.3,113.2,110.5
6,1998,114.9,124.7,113.1,107.6,114.9,115.5,109.8,119.2,112.7,114.6,104.7,114.9,115.2,116.1,115.6,117.6,113.9,117.1,115.8,116.3,115.6,111.8,114.5,111.8
7,1998,115.0,124.9,113.4,107.9,115.1,115.6,110.2,119.3,113.1,115.0,105.0,115.3,115.5,116.5,115.9,117.8,114.3,117.3,116.2,116.6,115.9,112.2,115.0,112.3
8,1998,115.6,124.7,113.4,108.1,114.7,115.6,110.6,118.4,113.5,114.6,105.1,114.7,115.2,116.7,115.8,117.3,114.2,117.1,116.1,116.5,115.8,112.5,115.1,112.4
9,1998,114.4,121.7,110.2,105.4,111.2,112.2,107.9,115.2,110.7,110.3,102.3,110.3,111.0,112.8,111.7,112.9,109.8,113.2,112.2,112.3,111.8,109.0,110.8,108.4
10,1998,111.5,118.1,107.3,102.9,108.0,109.0,105.8,111.6,108.0,106.9,100.2,106.8,107.5,109.6,108.4,109.1,106.4,109.8,109.0,108.9,108.5,106.2,107.6,105.5
11,1998,111.8,118.5,108.4,103.9,109.2,110.0,106.9,112.1,109.4,108.4,101.5,108.4,109.0,111.1,109.8,110.5,108.1,110.9,110.3,110.4,109.8,107.6,109.6,107.4
12,1998,111.6,118.5,108.2,103.7,108.9,109.8,106.7,112.0,109.3,108.0,101.4,107.9,108.7,110.9,109.5,110.1,107.8,110.7,110.0,110.1,109.5,107.6,109.2,107.0
1,1999,113.5,121.6,111.1,106.5,112.7,112.5,110.2,117.1,111.3,110.1,105.9,110.0,110.5,112.8,111.6,112.5,109.4,113.0,112.3,111.6,111.9,110.7,111.3,110.4
2,1999,115.9,125.8,115.6,110.8,117.9,116.8,115.3,123.6,115.1,113.9,112.2,113.7,114.0,116.6,115.6,116.5,113.0,117.0,116.4,115.0,116.2,116.0,115.8,116.2
3,1999,118.0,128.1,117.8,112.8,119.9,119.0,117.1,125.4,117.5,116.4,113.9,116.2,116.7,119.2,118.1,119.0,115.7,119.4,118.8,117.6,118.6,118.4,118.6,118.7
4,1999,118.9,128.1,118.1,112.9,119.9,119.5,116.7,124.4,118.2,117.5,113.2,117.4,118.0,120.2,119.1,120.0,117.2,120.1,119.6,119.1,119.4,118.5,119.8,119.1
5,1999,118.8,127.7,118.0,112.9,119.9,119.4,116.5,124.0,118.2,117.7,113.3,117.5,118.1,120.2,119.3,120.0,117.5,120.1,119.8,119.3,119.5,118.5,120.1,119.4
6,1999,119.8,129.6,120.1,114.9,121.9,121.5,118.7,126.0,120.3,119.8,115.7,119.6,120.2,122.6,121.5,122.0,119.9,122.1,122.1,121.5,121.6,121.1,122.8,122.2
7,1999,120.2,130.1,120.7,115.5,122.4,122.1,119.4,126.4,120.9,120.3,116.3,120.1,120.7,123.2,122.1,122.5,120.5,122.6,122.7,122.1,122.2,121.8,123.5,122.9
8,1999,119.2,129.7,119.8,114.8,121.8,121.2,118.9,126.6,119.6,118.9,115.8,118.7,119.1,121.7,120.6,121.3,118.6,121.5,121.4,120.4,120.9,120.7,121.5,121.4
9,1999,119.9,131.5,121.2,116.1,123.3,122.8,120.0,128.6,120.7,120.3,117.0,120.2,120.6,123.0,122.1,123.0,120.0,123.1,122.8,121.8,122.5,121.9,122.8,122.8
10,1999,118.8,130.3,119.9,115.1,121.8,121.4,119.2,127.3,119.3,118.6,116.2,118.4,118.9,121.5,120.5,121.1,118.3,121.5,121.4,120.1,120.9,120.7,121.2,121.4
11,1999,120.2,132.1,122.0,117.0,123.8,123.3,120.7,128.5,121.9,121.3,117.9,121.0,121.7,124.3,123.2,123.6,121.4,123.8,124.0,123.0,123.4,123.2,124.4,124.2
12,1999,120.7,132.6,122.8,117.5,124.4,124.1,121.1,128.5,123.0,122.6,118.2,122.4,123.2,125.6,124.5,124.9,123.1,124.8,125.1,124.5,124.5,124.1,126.0,125.3
1,2000,119.0,123.9,121.0,116.0,123.5,122.3,119.9,122.8,122.5,121.5,117.2,121.3,122.4,123.4,122.7,124.2,122.5,122.7,121.5,123.0,122.7,123.4,125.4,124.5
2,2000,121.4,126.3,123.7,118.4,126.2,125.0,122.1,124.9,125.6,124.7,119.3,124.5,125.6,126.7,125.9,127.3,126.1,125.6,124.4,126.3,125.8,126.5,128.9,127.7
3,2000,122.9,128.0,125.7,120.2,128.1,126.9,123.7,126.4,127.8,127.0,120.8,126.9,128.0,129.1,128.1,129.7,128.6,127.7,126.6,128.6,128.0,128.6,131.4,129.9
4,2000,123.7,129.4,127.2,121.7,129.7,128.4,125.1,127.8,129.5,128.8,122.3,128.6,129.9,130.8,129.9,131.4,130.5,129.3,128.2,130.3,129.7,130.4,133.4,131.9
5,2000,126.9,133.6,131.7,125.8,134.1,132.7,129.0,132.2,134.3,133.7,126.3,133.5,134.9,135.9,134.8,136.4,135.8,134.0,132.9,135.2,134.6,135.5,138.9,137.3
6,2000,124.7,131.0,128.4,122.9,131.1,129.7,126.3,129.8,130.3,129.8,123.4,129.6,130.8,131.8,130.9,132.7,131.3,130.6,129.3,131.2,130.9,131.5,134.0,132.8
7,2000,125.5,131.9,129.2,123.6,131.9,130.7,126.8,130.4,131.1,130.9,123.8,130.8,131.9,132.8,132.0,133.9,132.6,131.6,130.3,132.4,131.9,132.3,135.1,133.7
8,2000,127.0,133.8,131.9,126.0,134.2,133.3,129.0,132.0,134.2,134.1,126.3,133.9,135.3,136.2,135.2,137.0,136.4,134.4,133.4,135.9,134.9,135.5,139.1,137.4
9,2000,129.5,137.4,135.6,129.4,138.0,137.1,132.2,135.4,138.2,138.2,129.5,138.0,139.5,140.6,139.4,141.2,141.0,138.3,137.4,140.0,139.1,139.8,143.7,141.8
10,2000,131.2,139.8,138.0,131.7,140.4,139.6,134.4,137.7,140.7,140.7,131.6,140.5,142.1,143.3,142.0,143.8,143.8,140.8,139.9,142.6,141.7,142.6,146.6,144.6
11,2000,131.5,140.2,138.5,132.2,140.9,140.0,135.2,138.6,141.0,140.9,132.4,140.7,142.3,143.5,142.2,144.1,143.8,141.1,140.1,142.6,142.0,143.1,146.7,144.9
12,2000,129.0,136.3,134.2,128.3,136.8,135.9,131.7,135.1,135.9,135.9,128.9,135.7,137.0,138.1,137.1,139.1,138.0,136.5,135.3,137.4,137.0,137.9,140.8,139.5
1,2001,127.7,133.4,131.3,125.6,134.0,133.2,129.4,132.7,132.6,132.4,126.2,132.2,133.2,134.5,133.5,135.6,133.8,133.3,131.9,133.6,133.6,134.2,136.4,135.4
2,2001,129.0,135.2,133.3,127.5,136.4,135.0,131.1,134.7,134.8,134.4,128.1,134.3,135.2,136.7,135.5,137.7,135.9,135.3,134.0,135.6,135.6,136.5,138.6,137.7
3,2001,130.8,137.5,135.5,129.5,138.9,137.3,133.2,137.2,137.1,136.4,130.0,136.3,137.0,138.9,137.6,140.0,137.8,137.4,136.2,137.6,137.8,138.8,140.5,139.8
4,2001,132.6,140.0,137.9,131.7,141.9,139.8,135.4,140.4,139.3,138.8,132.4,138.8,139.4,141.2,140.1,142.9,140.2,140.0,138.7,139.9,140.4,141.3,142.9,142.4
5,2001,133.3,141.3,139.7,133.3,143.7,141.6,137.3,142.4,140.7,140.8,134.9,140.8,141.3,142.9,141.9,144.7,142.2,141.6,140.5,141.7,142.3,143.4,145.3,145.0
6,2001,134.8,143.4,142.1,135.6,146.3,143.9,139.4,144.8,143.2,143.5,137.5,143.5,143.9,145.6,144.7,147.5,145.2,144.1,143.2,144.4,145.0,146.4,148.4,148.3
7,2001,134.4,142.9,141.5,135.3,145.6,143.3,139.1,144.3,142.7,142.5,137.1,142.4,142.9,144.9,143.9,146.5,144.3,143.4,142.6,143.5,144.3,146.0,147.5,147.7
8,2001,131.3,138.8,137.6,131.8,141.5,139.3,136.1,140.2,138.6,137.5,133.9,137.4,137.9,140.2,139.2,141.4,139.0,138.8,138.2,138.7,139.7,141.5,142.3,142.9
9,2001,131.4,139.5,138.0,132.4,142.2,139.5,137.0,141.5,138.7,137.3,134.8,137.1,137.4,140.1,138.9,141.2,138.3,138.8,138.1,138.1,139.6,141.9,141.8,142.8
10,2001,131.8,140.3,138.6,132.9,143.0,140.1,137.6,142.6,139.1,137.9,135.4,137.7,138.0,140.6,139.4,142.0,138.7,139.4,138.8,138.5,140.2,142.4,142.1,143.3
11,2001,132.3,140.4,138.9,133.1,142.8,140.4,137.5,141.7,140.0,139.0,134.8,138.9,139.4,141.7,140.5,142.9,140.3,140.2,139.5,139.8,141.0,142.7,143.6,144.0
12,2001,131.6,138.3,136.7,131.0,140.2,138.4,135.1,138.7,137.9,137.3,132.0,137.1,137.7,140.0,138.7,140.9,138.7,138.2,137.7,138.3,139.1,140.3,141.6,141.4
1,2002,132.5,140.4,139.5,135.7,141.8,140.5,138.6,141.6,140.3,139.3,137.2,139.0,139.7,141.7,140.4,141.9,140.4,140.0,139.9,139.6,140.7,142.9,143.0,143.2
2,2002,133.9,143.4,143.2,141.4,144.5,143.4,142.6,145.6,143.7,142.1,143.3,141.7,142.5,144.4,143.1,143.9,143.1,142.6,143.2,141.9,143.3,146.6,145.3,146.0
3,2002,133.6,143.2,143.3,142.7,144.0,143.2,143.0,145.6,143.7,141.9,144.5,141.4,142.2,143.9,142.6,143.1,142.6,142.2,143.1,141.4,142.8,146.2,144.4,145.3
4,2002,133.0,142.4,142.7,142.6,143.0,142.5,142.8,144.9,142.9,141.0,144.7,140.5,141.2,142.8,141.6,141.9,141.5,141.2,142.2,140.3,141.7,145.3,143.1,144.1
5,2002,130.5,140.6,140.9,141.9,141.3,140.4,142.0,144.5,140.3,138.0,144.9,137.4,137.9,139.5,138.5,138.7,137.7,138.6,139.6,136.9,138.9,143.1,139.3,141.4
6,2002,128.3,138.7,138.8,140.5,139.7,138.1,140.9,144.1,137.5,134.7,144.6,134.1,134.3,136.0,135.3,135.5,133.7,135.8,136.9,133.4,136.0,140.5,135.5,138.6
7,2002,126.2,137.3,136.6,138.2,137.9,135.9,139.3,143.1,134.8,131.6,142.8,131.0,131.0,133.2,132.4,132.7,130.2,133.3,134.3,130.2,133.3,138.3,132.1,135.8
8,2002,127.7,139.5,138.8,140.3,140.1,138.1,141.7,145.5,137.0,133.6,145.3,132.9,133.1,135.5,134.5,134.8,132.4,135.4,136.4,132.1,135.5,141.0,134.5,138.4
9,2002,127.9,139.9,139.1,140.8,140.7,138.5,142.6,146.6,137.0,133.5,146.4,132.8,132.8,135.4,134.4,134.7,132.0,135.4,136.4,131.7,135.6,141.4,134.3,138.8
10,2002,128.6,141.1,140.6,142.3,142.5,139.8,144.9,149.5,137.8,134.3,149.4,133.5,133.4,135.9,135.2,135.6,132.4,136.4,137.3,132.1,136.6,143.0,135.2,140.6
11,2002,127.1,138.4,137.9,139.2,139.6,137.4,141.8,145.6,135.5,132.3,145.6,131.6,131.5,133.7,133.1,133.6,130.6,134.2,134.9,130.4,134.3,140.0,133.1,137.8
12,2002,125.0,135.6,134.9,136.2,136.6,134.7,139.2,142.7,132.4,129.1,142.6,128.4,128.3,130.5,129.9,130.4,127.2,131.2,131.7,127.3,131.1,136.7,129.6,134.4
1,2003,122.6,131.8,130.5,131.3,132.5,130.5,134.5,137.9,127.9,124.9,136.8,124.3,124.1,126.1,125.7,126.5,122.7,127.2,127.5,123.4,126.9,131.5,125.0,129.2
2,2003,122.7,131.4,129.8,130.6,132.2,130.2,134.1,137.9,126.9,124.0,136.4,123.5,123.1,125.2,124.9,125.8,121.7,126.5,126.7,122.6,126.2,130.7,124.0,128.6
3,2003,123.0,130.9,129.1,129.6,131.5,129.7,132.9,136.9,126.3,123.7,134.8,123.2,122.8,124.8,124.6,125.5,121.4,126.2,126.2,122.4,125.8,129.8,123.6,127.8
4,2003,121.9,128.5,126.7,126.6,128.9,127.5,129.9,133.1,124.4,122.1,130.8,121.7,121.5,123.3,123.0,123.9,120.3,124.4,124.2,121.2,124.0,127.2,122.1,125.5
5,2003,117.5,122.5,120.3,120.3,122.5,121.5,123.8,126.6,117.6,115.6,124.3,115.3,114.9,116.6,116.4,117.4,113.5,118.0,117.8,114.8,117.4,120.2,114.9,118.3
6,2003,117.0,121.5,119.2,119.3,121.3,120.3,122.5,125.4,116.4,114.6,123.1,114.3,114.0,115.6,115.5,116.4,112.6,117.0,116.9,114.0,116.4,119.0,114.0,117.3
7,2003,118.4,123.3,121.2,121.1,123.1,122.2,124.3,127.1,118.6,116.9,124.8,116.5,116.3,117.8,117.7,118.5,115.0,119.2,119.0,116.3,118.6,121.2,116.7,119.8
8,2003,120.0,125.7,123.7,123.9,125.6,124.5,126.9,129.9,121.2,119.3,128.0,118.9,118.7,120.3,120.1,120.8,117.5,121.5,121.4,118.5,121.1,124.0,119.2,122.6
9,2003,119.1,124.6,122.6,122.7,124.5,123.3,125.6,128.6,120.1,118.3,126.6,117.9,117.8,119.3,119.1,119.8,116.5,120.5,120.3,117.5,120.0,122.8,118.2,121.3
10,2003,116.1,120.9,118.5,118.6,120.7,119.3,121.7,124.9,115.9,114.2,122.6,113.8,113.6,114.9,114.9,115.7,112.1,116.5,116.1,113.4,115.9,118.3,113.6,116.7
11,2003,115.5,120.4,118.1,118.2,120.3,119.0,121.4,124.8,115.3,113.8,122.5,113.4,113.1,114.3,114.4,115.2,111.6,116.0,115.7,113.0,115.4,117.8,113.1,116.5
12,2003,112.6,116.9,114.4,114.9,116.6,115.3,118.3,121.6,111.2,109.6,119.4,109.2,108.8,109.9,110.2,111.0,107.0,112.1,111.6,108.7,111.2,113.5,108.4,111.9
1,2004,111.1,114.9,112.2,112.6,114.4,113.3,116.3,119.3,108.9,107.5,117.1,107.1,106.7,107.8,108.1,108.9,104.8,110.0,109.5,106.6,109.1,111.1,106.2,109.6
2,2004,111.2,115.2,112.6,113.1,114.7,113.6,117.0,120.0,109.2,107.6,117.9,107.2,106.9,107.8,108.2,109.0,104.8,110.2,109.7,106.7,109.3,111.5,106.4,109.9
3,2004,113.2,117.4,114.9,115.2,117.0,115.9,118.9,121.9,111.8,110.3,119.8,109.9,109.6,110.6,110.9,111.6,107.8,112.7,112.2,109.4,111.9,114.2,109.3,112.6
4,2004,114.0,118.6,116.3,116.4,118.3,117.1,120.1,122.9,113.4,111.9,120.8,111.5,111.3,112.4,112.5,113.3,109.7,114.2,113.7,111.1,113.5,115.8,111.2,114.5
5,2004,115.6,120.5,118.1,118.4,120.3,118.9,122.2,125.5,115.0,113.1,123.1,112.7,112.4,113.7,113.8,114.7,110.6,115.7,115.3,112.1,115.0,117.6,112.2,115.8
6,2004,114.9,120.1,117.6,117.9,119.9,118.4,121.7,125.2,114.3,112.5,122.8,112.1,111.7,112.9,113.2,114.2,109.9,115.1,114.7,111.4,114.3,117.0,111.3,115.1
7,2004,113.7,118.3,115.9,116.2,118.1,116.9,119.9,123.2,112.6,111.0,121.0,110.7,110.2,111.3,111.6,112.6,108.4,113.5,113.1,110.0,112.7,115.1,109.8,113.3
8,2004,114.1,118.6,116.2,116.6,118.4,117.2,120.0,123.4,113.0,111.5,121.1,111.2,110.7,111.7,112.1,113.1,108.9,114.0,113.6,110.5,113.2,115.4,110.2,113.7
9,2004,113.7,117.8,115.5,115.8,117.7,116.6,118.9,122.3,112.4,111.0,119.8,110.7,110.2,111.3,111.6,112.6,108.5,113.4,113.0,110.1,112.6,114.5,109.6,112.9
10,2004,112.3,116.0,113.7,113.9,116.0,114.9,117.2,120.6,110.3,109.2,118.1,109.0,108.4,109.3,109.7,110.8,106.5,111.6,111.1,108.3,110.8,112.5,107.6,110.9
11,2004,109.3,112.6,110.1,110.5,112.6,111.4,113.8,117.1,106.5,105.7,114.7,105.5,104.7,105.5,106.1,107.3,102.8,108.0,107.6,104.7,107.1,108.6,103.7,107.0
12,2004,106.7,109.7,107.1,107.5,109.4,108.4,111.1,113.9,103.6,102.6,111.6,102.4,101.7,102.4,103.0,104.1,99.7,105.0,104.4,101.7,104.0,105.4,100.4,103.6
1,2005,107.4,110.2,107.8,108.1,110.0,109.0,111.6,114.2,104.6,103.6,112.0,103.4,102.8,103.5,104.0,105.1,100.9,105.9,105.3,102.7,104.9,106.4,101.7,104.7
2,2005,108.1,110.8,108.6,108.6,110.7,109.7,112.1,114.5,105.5,104.7,112.3,104.6,104.0,104.6,105.0,106.1,102.1,106.8,106.2,103.9,105.9,107.1,103.0,105.6
3,2005,107.7,110.4,108.2,108.2,110.5,109.4,112.0,114.6,104.8,104.1,112.3,103.9,103.2,103.9,104.4,105.6,101.2,106.3,105.7,103.1,105.3,106.6,102.2,105.1
4,2005,109.4,111.8,109.6,109.5,111.8,110.9,113.1,115.5,106.6,105.9,113.0,105.7,105.2,105.8,106.2,107.4,103.3,108.0,107.3,105.1,107.1,108.1,104.1,106.7
5,2005,109.9,112.3,110.2,109.9,112.1,111.5,113.2,115.3,107.6,106.9,112.9,106.7,106.4,106.8,107.2,108.3,104.6,108.8,108.2,106.3,108.0,108.7,105.4,107.5
6,2005,112.0,114.5,112.8,112.3,114.6,114.1,115.3,117.4,110.3,110.1,115.1,109.9,109.7,109.9,110.4,111.5,108.1,111.7,111.3,109.7,111.1,111.6,108.9,110.8
7,2005,113.1,115.5,113.8,113.1,115.5,115.2,115.8,118.0,111.4,111.3,115.6,111.2,110.9,111.3,111.7,112.8,109.6,112.9,112.4,111.0,112.3,112.8,110.3,112.1
8,2005,111.8,114.1,112.2,111.6,114.1,113.6,114.4,116.8,109.8,109.6,114.3,109.5,109.2,109.5,109.9,111.1,107.8,111.3,110.7,109.2,110.6,111.1,108.4,110.2
9,2005,112.8,114.8,113.0,112.3,114.9,114.4,114.8,117.5,110.4,110.6,114.8,110.5,110.1,110.3,110.8,112.0,108.7,112.1,111.5,110.1,111.4,111.7,109.2,110.9
10,2005,114.2,115.7,114.3,113.7,115.9,115.6,115.9,117.9,112.1,112.1,116.0,112.0,111.8,112.0,112.4,113.4,110.6,113.4,113.0,111.9,112.9,113.3,111.1,112.6
11,2005,114.5,115.7,114.5,113.7,116.0,115.9,115.9,117.6,112.6,112.8,115.8,112.7,112.6,112.6,113.0,113.9,111.5,113.9,113.5,112.6,113.4,113.7,112.0,113.3
12,2005,113.2,114.7,113.6,112.9,115.2,115.1,115.2,116.9,111.6,111.7,115.5,111.6,111.4,111.5,111.9,112.9,110.4,112.8,112.4,111.5,112.4,112.9,110.9,112.4
1,2006,112.1,113.6,112.6,111.9,114.1,113.9,114.4,115.6,110.6,110.6,114.6,110.5,110.3,110.5,110.8,111.7,109.3,111.7,111.4,110.4,111.2,112.0,109.8,111.3
2,2006,112.5,113.7,112.9,112.2,114.2,114.2,114.3,115.2,111.1,111.2,114.4,111.1,111.0,111.3,111.5,112.3,110.2,112.2,112.0,111.2,111.7,112.4,110.6,111.8
3,2006,112.6,113.7,112.8,112.1,114.1,114.0,114.2,115.0,111.2,111.0,114.1,110.9,110.9,111.3,111.4,112.1,110.1,112.0,111.8,111.1,111.5,112.4,110.4,111.5
4,2006,111.8,112.6,111.5,110.9,112.9,112.6,113.0,113.9,109.9,109.6,112.9,109.4,109.4,110.0,110.0,110.7,108.7,110.7,110.4,109.6,110.1,111.1,108.8,110.0
5,2006,109.5,110.4,109.0,108.6,110.8,110.2,110.9,112.4,106.8,106.6,111.0,106.5,106.3,106.8,107.0,107.9,105.2,108.0,107.8,106.6,107.3,108.1,105.3,106.9
6,2006,111.0,112.3,110.6,110.3,112.5,111.7,112.4,114.4,108.3,108.1,112.6,107.9,107.7,108.4,108.6,109.4,106.7,109.6,109.5,108.0,109.0,109.8,106.8,108.6
7,2006,110.9,111.9,110.3,110.0,112.1,111.4,112.1,113.7,108.2,107.9,112.1,107.7,107.6,108.3,108.4,109.2,106.6,109.3,109.3,107.9,108.7,109.5,106.7,108.3
8,2006,110.1,110.7,109.2,108.8,110.9,110.3,111.1,112.5,107.0,106.8,111.1,106.6,106.4,107.0,107.2,108.0,105.4,108.2,108.0,106.7,107.5,108.2,105.5,107.0
9,2006,109.8,110.5,109.1,108.7,110.8,110.1,110.9,112.3,107.0,106.8,110.9,106.6,106.5,107.1,107.2,108.0,105.4,108.1,108.0,106.7,107.6,108.2,105.6,107.2
10,2006,109.6,110.1,108.8,108.4,110.4,109.7,110.5,111.6,107.0,106.8,110.4,106.6,106.5,107.1,107.1,107.9,105.6,108.0,107.9,106.7,107.5,108.1,105.8,107.2
11,2006,107.8,108.1,106.8,106.4,108.4,107.7,108.8,109.8,105.0,104.7,108.6,104.5,104.4,104.9,105.0,105.7,103.3,105.9,105.7,104.5,105.3,106.0,103.6,105.0
12,2006,106.0,106.1,104.7,104.3,106.3,105.7,107.1,107.8,102.9,102.4,106.7,102.2,102.1,102.6,102.7,103.5,100.9,103.7,103.5,102.3,103.1,103.8,101.2,102.7
1,2007,107.3,107.3,106.1,105.6,107.5,107.0,108.3,108.8,104.4,103.9,107.8,103.7,103.7,104.2,104.3,104.9,102.6,105.1,105.0,103.8,104.6,105.3,103.1,104.3
2,2007,107.2,107.0,105.7,105.3,107.0,106.7,107.8,108.3,104.1,103.5,107.2,103.3,103.3,103.9,104.0,104.6,102.3,104.8,104.7,103.6,104.2,104.9,102.7,103.8
3,2007,107.0,106.6,105.3,104.9,106.8,106.2,107.5,108.1,103.6,103.1,106.8,102.9,102.8,103.4,103.4,104.1,101.7,104.4,104.2,103.0,103.7,104.3,101.9,103.2
4,2007,105.8,104.8,103.4,103.0,104.9,104.3,105.6,106.2,101.5,101.2,104.9,101.0,100.9,101.4,101.5,102.2,99.7,102.5,102.3,101.1,101.8,102.2,99.9,101.2
5,2007,105.8,104.4,103.1,102.7,104.5,104.0,105.1,105.6,101.4,101.2,104.5,101.1,100.9,101.4,101.5,102.1,99.9,102.3,102.2,101.1,101.8,102.1,100.0,101.2
6,2007,106.1,104.5,103.2,102.8,104.6,104.2,104.9,105.6,101.5,101.6,104.5,101.5,101.4,101.6,101.9,102.5,100.4,102.7,102.5,101.6,102.1,102.2,100.5,101.5
7,2007,104.2,102.5,101.2,100.8,102.6,102.1,102.9,103.6,99.4,99.6,102.5,99.5,99.3,99.4,99.8,100.4,98.3,100.6,100.5,99.6,100.1,100.0,98.4,99.3
8,2007,104.3,103.6,102.1,101.8,103.4,102.9,103.8,104.8,100.3,100.3,103.5,100.2,100.0,100.3,100.6,101.2,99.0,101.4,101.3,100.2,100.9,101.1,99.1,100.2
9,2007,102.8,101.8,100.2,100.0,101.5,101.2,101.8,102.8,98.3,98.5,101.5,98.5,98.2,98.5,98.8,99.4,97.2,99.6,99.5,98.4,99.1,99.2,97.1,98.2
10,2007,100.6,99.0,97.5,97.3,98.8,98.6,99.1,100.0,95.5,96.0,98.8,96.0,95.7,95.8,96.1,96.8,94.7,97.0,96.8,96.0,96.4,96.2,94.4,95.5
11,2007,98.8,97.2,95.5,95.4,96.8,96.6,97.3,98.2,93.4,93.8,96.8,93.8,93.4,93.6,94.0,94.7,92.4,95.0,94.7,93.7,94.3,94.1,92.0,93.1
12,2007,98.9,97.3,95.8,95.6,96.9,96.8,97.6,98.2,93.9,94.1,97.0,94.1,93.8,94.0,94.2,94.9,92.7,95.2,94.9,94.0,94.5,94.5,92.4,93.4
1,2008,98.2,96.8,95.4,95.2,96.5,96.3,97.2,97.7,93.7,93.8,96.5,93.7,93.4,93.7,93.8,94.5,92.3,94.8,94.5,93.6,94.2,94.1,92.1,93.1
2,2008,97.4,95.9,94.7,94.5,95.7,95.6,96.3,96.8,93.0,93.2,95.7,93.1,92.8,93.0,93.2,93.9,91.8,94.1,93.9,93.0,93.5,93.3,91.6,92.4
3,2008,94.9,93.2,91.7,91.7,93.0,92.6,93.7,94.2,89.9,89.8,92.9,89.8,89.3,89.8,89.8,90.6,88.1,90.9,90.6,89.5,90.2,90.0,87.8,88.8
4,2008,94.3,92.4,91.0,91.0,92.2,91.8,93.0,93.4,89.3,89.1,92.1,89.1,88.5,89.0,89.0,89.8,87.3,90.2,89.8,88.7,89.5,89.2,86.9,87.9
5,2008,95.2,93.0,91.7,91.6,92.9,92.6,93.5,94.0,89.9,90.0,92.7,90.0,89.5,89.8,89.9,90.8,88.4,91.0,90.6,89.6,90.3,89.9,87.9,88.7
6,2008,95.6,93.3,92.0,91.7,93.0,93.1,93.7,94.0,90.3,90.4,92.6,90.5,90.0,90.4,90.4,91.3,88.9,91.4,91.1,90.2,90.7,90.2,88.4,89.0
7,2008,94.8,92.4,91.0,90.8,92.0,92.2,92.7,92.9,89.4,89.5,91.6,89.5,89.0,89.5,89.5,90.4,88.0,90.5,90.2,89.3,89.8,89.3,87.5,88.0
8,2008,97.1,95.2,94.0,93.6,94.6,95.2,95.4,95.2,92.7,92.8,94.2,92.8,92.5,92.9,92.9,93.6,91.8,93.7,93.4,92.7,93.1,92.7,91.3,91.6
9,2008,100.0,99.0,98.0,97.6,98.8,99.0,99.2,99.5,96.7,96.6,98.5,96.6,96.2,96.9,96.7,97.5,95.7,97.5,97.2,96.3,97.0,97.2,95.3,96.0
10,2008,104.9,106.5,105.4,105.4,106.2,105.7,106.8,107.5,104.7,103.5,106.4,103.4,103.2,104.4,103.8,104.4,102.7,104.5,104.5,102.9,104.3,105.6,102.7,103.9
11,2008,106.4,109.5,108.1,108.0,108.9,108.2,108.9,110.4,107.6,106.5,108.7,106.4,106.2,107.4,106.7,107.4,105.8,107.5,107.2,105.6,107.3,108.7,105.8,107.0
12,2008,103.0,105.8,103.9,104.2,104.7,104.1,105.7,107.1,102.9,101.2,105.2,101.1,100.7,102.4,101.6,102.3,100.1,102.9,102.4,100.3,102.4,104.1,100.1,101.8
1,2009,105.2,107.8,106.1,106.3,106.7,106.2,107.2,108.7,105.5,103.9,106.8,103.7,103.5,105.0,104.2,104.8,103.0,105.3,104.8,103.1,104.9,106.4,103.0,104.4
2,2009,108.6,111.3,109.3,109.5,109.7,109.1,109.8,111.8,109.0,107.2,109.5,107.0,107.0,108.5,107.6,108.0,106.7,108.6,108.1,106.5,108.2,109.9,106.6,107.8
3,2009,108.5,110.9,108.7,109.1,109.2,108.7,109.7,111.6,108.2,106.3,109.2,106.1,105.9,107.4,106.6,107.1,105.3,107.9,107.2,105.3,107.3,108.8,105.2,106.6
4,2009,106.3,108.0,106.3,106.6,106.7,106.4,107.3,108.6,105.7,104.2,107.0,104.1,103.9,105.0,104.4,104.8,103.3,105.5,104.9,103.4,105.0,106.2,103.2,104.4
5,2009,103.4,104.5,102.8,103.3,103.3,103.1,103.8,105.0,102.0,100.9,103.6,100.8,100.5,101.5,101.1,101.5,100.0,102.1,101.6,100.2,101.5,102.5,99.7,100.8
6,2009,102.4,102.7,100.9,101.4,101.2,101.2,101.9,103.1,99.9,99.0,101.7,98.9,98.7,99.4,99.1,99.5,97.9,100.2,99.8,98.5,99.6,100.2,97.5,98.5
7,2009,101.7,102.0,100.3,100.8,100.6,100.7,101.4,102.3,99.4,98.6,101.1,98.5,98.2,98.9,98.7,99.0,97.5,99.7,99.3,98.0,99.1,99.6,97.1,98.0
8,2009,100.7,100.4,98.7,99.2,99.0,99.1,99.8,100.5,97.7,97.1,99.4,97.1,96.7,97.2,97.2,97.5,96.0,98.1,97.8,96.6,97.5,97.7,95.5,96.2
9,2009,99.3,98.9,97.3,97.9,97.6,97.8,98.5,99.2,96.3,95.6,97.9,95.6,95.2,95.7,95.6,96.1,94.3,96.7,96.3,95.2,96.1,96.0,93.9,94.7
10,2009,97.7,96.9,95.4,95.9,95.6,95.9,96.5,97.0,94.3,93.8,95.8,93.8,93.5,93.8,93.9,94.2,92.6,94.9,94.5,93.5,94.3,93.9,92.2,92.8
11,2009,97.1,96.1,94.6,95.1,94.9,95.1,95.8,96.2,93.6,93.1,95.0,93.1,92.8,93.1,93.2,93.5,91.9,94.2,93.7,92.8,93.5,93.2,91.5,92.1
12,2009,97.7,97.0,95.6,95.9,95.9,96.1,96.6,97.0,94.7,94.3,95.9,94.3,94.0,94.3,94.4,94.7,93.3,95.3,94.8,94.1,94.7,94.5,92.9,93.5
1,2010,98.5,97.9,96.9,97.2,97.2,97.3,97.8,98.0,96.2,96.0,97.4,96.0,95.7,96.0,96.0,96.2,95.2,96.7,96.4,95.8,96.3,96.1,95.0,95.4
2,2010,100.2,100.3,99.7,99.9,99.9,99.9,100.3,100.6,99.1,99.0,100.1,99.0,98.7,99.0,99.0,99.2,98.4,99.4,99.3,98.7,99.2,99.3,98.3,98.7
3,2010,100.0,99.7,99.3,99.3,99.6,99.6,99.6,99.9,98.8,98.9,99.4,99.0,98.6,98.9,98.9,99.1,98.5,99.2,99.1,98.7,99.0,98.9,98.3,98.5
4,2010,99.9,99.5,99.4,99.4,99.6,99.6,99.5,99.6,99.0,99.2,99.5,99.3,99.1,99.2,99.2,99.3,99.0,99.3,99.3,99.2,99.2,99.1,98.9,99.0
5,2010,103.5,103.9,104.1,104.0,104.1,104.0,103.7,103.8,104.4,104.5,103.8,104.5,104.6,104.6,104.5,104.5,104.9,104.3,104.4,104.6,104.5,104.5,104.9,104.7
6,2010,104.8,105.4,105.9,105.7,105.8,105.7,105.1,105.2,106.4,106.6,105.5,106.6,106.8,106.7,106.7,106.5,107.3,106.2,106.4,106.8,106.5,106.7,107.4,107.1
7,2010,102.1,102.3,102.5,102.5,102.4,102.5,102.2,102.1,102.9,102.8,102.3,102.8,102.9,102.9,102.9,102.8,103.2,102.6,102.8,103.0,102.8,102.9,103.3,103.1
8,2010,100.9,101.1,101.5,101.4,101.3,101.3,101.3,101.1,101.8,101.7,101.4,101.6,101.9,101.8,101.8,101.6,102.0,101.5,101.7,101.9,101.6,101.8,102.2,102.0
9,2010,99.7,99.7,100.1,100.0,99.9,99.9,99.9,99.7,100.4,100.3,99.9,100.3,100.5,100.3,100.3,100.2,100.6,100.1,100.2,100.4,100.2,100.3,100.7,100.5
10,2010,96.0,95.7,95.6,95.7,95.5,95.5,95.9,95.6,95.6,95.5,95.7,95.5,95.5,95.4,95.4,95.4,95.3,95.5,95.4,95.4,95.4,95.3,95.3,95.3
11,2010,96.5,96.3,96.5,96.5,96.4,96.3,96.7,96.5,96.6,96.6,96.7,96.6,96.6,96.4,96.5,96.4,96.5,96.4,96.4,96.5,96.4,96.4,96.6,96.6
12,2010,97.7,97.8,98.1,98.0,98.0,97.9,97.9,97.7,98.5,98.6,98.1,98.6,98.8,98.4,98.6,98.4,98.9,98.3,98.4,98.7,98.4,98.3,99.0,98.8
1,2011,96.8,97.1,97.6,97.5,97.4,97.4,97.2,97.1,97.8,98.1,97.3,98.1,98.2,97.8,98.0,98.0,98.3,97.7,97.9,98.2,97.9,97.6,98.4,98.1
2,2011,95.8,95.9,96.2,96.3,96.2,96.2,96.0,96.0,96.2,96.4,96.1,96.5,96.5,96.2,96.4,96.4,96.5,96.2,96.5,96.6,96.4,96.0,96.5,96.3
3,2011,94.9,94.7,94.9,95.0,94.9,95.0,94.8,94.8,94.7,94.9,94.8,95.0,94.9,94.8,94.9,94.9,94.9,94.9,95.0,95.1,94.9,94.6,94.7,94.6
4,2011,93.4,92.5,92.6,92.8,92.6,92.7,92.7,92.6,92.4,92.6,92.6,92.7,92.5,92.3,92.5,92.6,92.4,92.6,92.6,92.7,92.5,91.9,92.1,92.0
5,2011,93.6,93.1,93.3,93.5,93.3,93.4,93.4,93.3,93.1,93.3,93.4,93.4,93.3,93.0,93.2,93.3,93.1,93.2,93.4,93.4,93.2,92.7,92.9,92.9
6,2011,93.3,92.8,92.9,93.1,92.8,93.0,93.0,92.8,92.9,93.0,92.8,93.1,93.0,92.7,92.9,93.0,92.8,92.9,93.1,93.1,92.9,92.3,92.6,92.5
7,2011,93.1,92.7,93.1,93.2,93.0,93.1,92.8,92.7,93.1,93.4,92.8,93.5,93.4,93.0,93.3,93.3,93.3,93.2,93.4,93.6,93.2,92.5,93.2,93.0
8,2011,93.1,93.0,93.2,93.5,93.1,93.1,93.0,93.0,93.4,93.2,93.0,93.3,93.2,92.9,93.2,93.2,93.0,93.1,93.4,93.4,93.2,92.6,93.0,92.9
9,2011,96.0,96.6,96.9,97.2,96.7,96.5,96.5,96.9,97.2,96.9,96.8,96.9,97.0,96.7,96.9,96.8,96.9,96.8,97.0,97.0,97.0,96.7,97.1,97.1
10,2011,96.3,97.2,97.2,97.6,97.0,96.8,96.9,97.4,97.5,97.2,97.2,97.2,97.2,97.0,97.2,97.1,97.1,97.1,97.3,97.2,97.3,97.0,97.3,97.4
11,2011,96.6,97.6,97.7,98.1,97.4,97.3,97.2,97.8,98.1,97.8,97.7,97.7,97.9,97.5,97.8,97.6,97.8,97.6,97.9,97.8,97.8,97.6,97.9,98.0
12,2011,97.6,99.1,99.4,99.7,99.1,99.0,98.7,99.4,99.8,99.6,99.5,99.6,99.8,99.3,99.6,99.5,99.8,99.4,99.6,99.6,99.7,99.5,100.0,100.1
1,2012,98.1,99.8,100.5,100.7,100.0,100.1,99.5,100.1,101.1,101.1,100.4,101.1,101.4,100.7,101.1,100.9,101.6,100.6,101.0,101.3,101.1,100.7,101.9,101.7
2,2012,96.2,97.3,98.0,98.2,97.6,97.7,97.2,97.6,98.5,98.7,97.9,98.7,98.9,98.2,98.6,98.4,99.0,98.1,98.5,98.8,98.5,98.0,99.2,99.0
3,2012,97.0,98.0,98.7,98.9,98.5,98.4,98.0,98.6,99.0,99.2,98.9,99.3,99.3,98.7,99.1,99.1,99.4,98.8,99.1,99.2,99.1,98.8,99.7,99.6
4,2012,96.9,98.5,99.2,99.5,99.1,98.8,98.6,99.3,99.4,99.6,99.7,99.6,99.7,99.1,99.5,99.4,99.8,99.1,99.5,99.5,99.5,99.4,100.1,100.2
5,2012,98.9,101.1,101.9,102.2,101.8,101.3,101.2,102.1,102.2,102.2,102.6,102.2,102.4,101.8,102.2,102.1,102.6,101.7,102.1,102.1,102.2,102.5,103.0,103.3
6,2012,100.3,102.9,103.8,104.1,103.6,103.2,103.0,104.1,104.3,104.2,104.7,104.2,104.4,103.7,104.1,103.9,104.6,103.6,104.0,104.0,104.2,104.5,105.1,105.5
7,2012,100.3,102.9,104.2,104.4,104.0,103.6,103.2,104.2,104.7,105.0,105.0,105.0,105.1,104.3,104.8,104.6,105.5,104.1,104.6,104.8,104.8,105.0,106.2,106.4
8,2012,99.8,102.2,103.6,103.7,103.5,102.9,102.7,103.8,103.9,104.2,104.6,104.3,104.4,103.5,104.1,103.9,104.7,103.4,103.9,104.0,104.1,104.3,105.3,105.6
9,2012,98.1,100.4,101.4,101.8,101.5,100.8,100.9,102.0,101.6,101.7,102.7,101.7,101.8,101.1,101.6,101.5,101.9,101.2,101.5,101.4,101.7,101.9,102.4,102.9
10,2012,97.3,99.6,100.5,100.9,100.5,99.8,100.1,101.1,100.7,100.7,101.7,100.7,100.8,100.2,100.6,100.4,100.9,100.2,100.6,100.3,100.7,101.0,101.3,101.9
11,2012,97.5,100.0,101.1,101.5,101.0,100.3,100.6,101.5,101.3,101.3,102.3,101.3,101.4,100.8,101.1,101.0,101.5,100.7,101.1,100.9,101.3,101.6,102.0,102.6
12,2012,96.3,98.4,99.4,99.8,99.4,98.7,99.2,100.1,99.4,99.4,100.8,99.4,99.4,98.8,99.2,99.1,99.4,99.0,99.3,98.9,99.4,99.7,99.9,100.6
1,2013,96.1,97.7,98.7,99.2,98.6,97.9,98.4,99.2,98.7,98.7,99.9,98.7,98.7,98.2,98.5,98.4,98.8,98.3,98.6,98.3,98.7,98.9,99.2,99.7
2,2013,96.8,97.9,98.7,99.3,98.6,98.0,98.5,99.0,98.9,98.9,99.6,98.9,98.9,98.4,98.7,98.5,98.9,98.5,98.7,98.4,98.8,98.9,99.2,99.6
3,2013,98.3,99.5,100.5,101.0,100.3,99.7,100.1,100.5,101.0,100.9,101.3,100.9,101.0,100.5,100.7,100.4,101.1,100.3,100.6,100.5,100.7,100.9,101.5,101.8
4,2013,98.0,98.9,100.0,100.6,99.7,99.1,99.6,100.1,100.5,100.4,101.1,100.4,100.4,99.9,100.1,99.8,100.5,99.7,100.0,99.8,100.1,100.3,101.0,101.3
5,2013,98.5,99.6,100.6,101.2,100.3,99.8,100.1,100.7,101.1,100.9,101.6,100.8,100.9,100.5,100.6,100.3,101.1,100.3,100.6,100.3,100.7,101.1,101.5,101.8
6,2013,98.7,100.5,101.1,101.9,100.8,100.2,100.9,101.8,101.2,100.7,102.4,100.6,100.6,100.5,100.6,100.3,100.7,100.5,100.8,100.0,100.8,101.5,101.0,101.7
7,2013,99.3,101.3,102.1,103.0,101.8,101.2,101.9,102.9,102.2,101.5,103.6,101.5,101.4,101.4,101.4,101.2,101.5,101.3,101.7,100.8,101.7,102.6,101.9,102.8
8,2013,98.8,101.2,101.7,102.7,101.6,100.9,101.9,103.2,101.4,100.8,103.8,100.7,100.5,100.5,100.6,100.5,100.3,100.8,101.0,99.8,101.0,102.0,100.7,101.9
9,2013,98.5,101.0,101.3,102.5,101.3,100.6,101.3,103.1,101.0,100.5,103.3,100.5,100.3,100.0,100.3,100.3,100.0,100.5,100.7,99.5,100.7,101.4,100.3,101.4
10,2013,96.6,98.9,99.2,100.4,99.0,98.4,99.3,100.8,99.0,98.4,101.0,98.3,98.2,97.9,98.1,98.1,97.8,98.3,98.6,97.4,98.5,99.0,98.0,99.0
11,2013,97.2,100.0,100.3,101.6,100.0,99.4,100.4,102.0,100.0,99.3,102.4,99.2,99.1,98.9,99.1,99.0,98.7,99.3,99.6,98.3,99.5,100.2,99.0,100.2
12,2013,96.9,99.8,99.8,101.4,99.5,98.9,100.3,101.9,99.3,98.5,102.2,98.4,98.2,98.0,98.2,98.2,97.6,98.7,98.9,97.3,98.7,99.6,97.8,99.2
1,2014,98.0,101.3,101.5,103.6,100.9,100.4,102.0,103.7,101.1,100.0,104.2,99.9,99.7,99.5,99.7,99.6,99.1,100.2,100.6,98.7,100.3,101.2,99.3,100.7
2,2014,98.2,101.6,101.7,104.2,101.0,100.5,102.4,104.0,101.3,100.0,104.8,99.9,99.7,99.5,99.7,99.5,99.0,100.2,100.8,98.6,100.2,101.3,99.1,100.6
3,2014,97.9,100.7,100.8,103.2,99.9,99.6,101.5,102.7,100.5,99.1,103.6,98.9,98.8,98.7,98.8,98.5,98.1,99.3,99.9,97.8,99.3,100.2,98.3,99.6
4,2014,97.5,100.2,100.3,102.6,99.4,99.2,100.9,101.9,100.1,98.9,102.8,98.8,98.7,98.4,98.6,98.2,98.0,99.0,99.5,97.7,99.0,99.7,98.1,99.2
5,2014,97.7,100.5,100.7,103.0,99.7,99.6,101.1,102.1,100.5,99.5,103.1,99.3,99.4,99.0,99.2,98.8,98.7,99.5,100.0,98.4,99.5,100.2,98.8,99.8
6,2014,98.1,101.2,101.4,103.7,100.5,100.3,101.7,102.9,101.2,100.3,103.9,100.2,100.2,99.8,100.0,99.6,99.6,100.2,100.9,99.2,100.4,101.0,99.7,100.7
7,2014,98.1,101.0,101.4,103.6,100.4,100.2,101.6,102.6,101.3,100.3,103.6,100.2,100.3,99.9,100.1,99.6,99.7,100.2,100.9,99.3,100.4,101.0,100.0,100.9
8,2014,98.9,102.0,102.5,104.7,101.4,101.1,102.6,103.7,102.5,101.5,104.8,101.3,101.5,101.0,101.2,100.7,101.0,101.3,102.0,100.4,101.5,102.4,101.3,102.2
9,2014,100.8,104.4,105.0,107.2,103.8,103.5,104.7,105.9,105.3,104.2,107.2,104.0,104.2,103.8,104.0,103.3,104.0,103.9,104.7,103.1,104.2,105.2,104.4,105.2
10,2014,102.0,105.9,106.5,108.7,105.4,105.0,106.3,107.7,107.0,105.8,109.0,105.6,105.8,105.4,105.5,104.9,105.6,105.4,106.1,104.5,105.8,107.1,106.0,107.1
11,2014,103.4,106.8,107.6,109.7,106.3,106.0,107.4,108.6,108.2,106.8,110.2,106.6,106.9,106.5,106.6,105.9,106.8,106.4,107.1,105.6,106.9,108.4,107.4,108.5
12,2014,104.8,108.1,108.6,110.8,107.2,106.9,108.3,109.7,109.5,107.8,111.1,107.6,107.9,107.5,107.6,106.8,107.7,107.5,108.1,106.5,107.9,109.5,108.3,109.4
1,2015,107.7,111.8,112.8,114.8,110.9,110.7,111.8,112.8,114.6,112.9,114.6,112.6,113.2,112.5,112.5,111.5,113.4,112.0,112.8,111.6,112.7,114.3,114.3,114.9
2,2015,109.3,114.0,115.2,117.2,113.3,112.8,114.2,115.3,117.1,115.2,117.3,114.9,115.5,114.9,114.8,113.8,115.7,114.2,115.1,113.8,115.1,117.0,116.8,117.5
3,2015,112.2,118.0,119.6,121.6,118.1,117.0,118.5,120.2,121.5,119.8,122.5,119.6,120.0,119.4,119.4,118.3,120.4,118.7,119.6,118.2,119.8,122.1,122.0,123.1
4,2015,111.5,117.6,119.5,121.4,118.0,116.8,118.2,119.7,121.3,119.8,122.1,119.6,120.0,119.4,119.4,118.3,120.6,118.5,119.6,118.2,119.7,122.0,122.1,123.0
5,2015,110.0,116.0,117.3,119.4,116.0,115.1,116.3,118.2,118.7,117.2,120.1,117.0,117.4,116.9,116.9,116.0,117.7,116.2,117.2,115.7,117.3,119.4,118.9,120.1
6,2015,111.0,116.9,117.9,120.1,116.4,115.5,117.0,118.9,119.3,117.6,120.7,117.4,117.7,117.4,117.3,116.3,118.1,116.8,117.8,116.0,117.8,120.1,119.2,120.5
7,2015,112.6,119.0,119.9,122.2,118.2,117.4,118.9,120.7,121.7,119.6,122.5,119.3,119.8,119.7,119.4,118.2,120.3,118.8,119.8,118.0,119.9,122.4,121.6,122.8
8,2015,113.9,120.1,120.6,122.9,119.2,118.2,120.2,122.4,121.9,119.6,123.7,119.3,119.5,119.6,119.4,118.4,119.7,119.2,120.1,117.8,120.1,122.8,121.1,122.8
9,2015,114.3,121.5,121.7,124.2,120.8,119.2,121.9,124.7,122.6,120.1,125.7,119.9,119.8,120.1,120.0,119.1,119.8,120.1,120.8,118.0,120.9,124.0,121.3,123.8
10,2015,113.2,120.5,120.9,123.4,120.0,118.5,121.2,123.7,121.8,119.5,125.0,119.3,119.2,119.4,119.3,118.4,119.3,119.3,120.1,117.4,120.2,123.3,120.8,123.3
11,2015,115.4,122.8,123.7,125.9,122.3,121.1,123.3,125.4,125.1,123.0,127.2,122.7,123.0,123.0,122.8,121.7,123.4,122.4,123.4,121.1,123.6,126.6,125.0,127.0
12,2015,115.3,122.9,123.8,127.0,122.0,121.0,124.1,126.0,125.1,122.4,128.3,122.0,122.3,122.3,122.2,120.8,122.3,122.0,123.0,120.2,123.0,126.1,123.8,126.1
1,2016,117.3,125.7,126.7,130.8,124.5,123.4,127.3,129.2,128.0,124.8,132.1,124.4,124.6,124.7,124.5,122.9,124.5,124.4,125.7,122.3,125.4,129.0,126.0,128.5
2,2016,115.7,123.8,124.8,129.2,122.6,121.5,125.3,127.3,125.8,122.5,130.4,122.1,122.3,122.5,122.3,120.7,122.1,122.3,123.5,120.1,123.1,126.7,123.4,125.9
3,2016,114.2,121.9,123.0,127.2,120.9,120.1,123.1,125.1,124.0,121.3,128.0,121.0,121.1,121.2,121.0,119.5,121.1,120.9,122.2,119.2,121.8,124.9,122.2,124.4
4,2016,112.4,119.4,120.5,124.0,118.7,117.9,120.3,122.3,121.4,119.0,124.6,118.8,118.9,118.9,118.8,117.5,118.9,118.6,119.8,117.2,119.5,122.1,120.0,121.8
5,2016,113.3,120.0,120.8,123.9,119.1,118.2,120.4,122.4,121.9,119.5,124.1,119.2,119.4,119.6,119.4,118.1,119.5,119.2,120.3,117.8,120.0,122.4,120.4,122.1
6,2016,113.8,120.3,121.2,124.1,119.5,118.6,120.6,122.4,122.5,120.2,124.1,120.0,120.2,120.2,120.1,118.9,120.3,119.8,120.8,118.7,120.7,122.8,121.3,122.7
7,2016,114.3,120.6,121.8,124.7,119.9,119.2,120.9,122.3,123.5,121.2,124.1,121.0,121.3,121.1,121.0,119.7,121.5,120.6,121.5,119.8,121.5,123.3,122.5,123.5
8,2016,113.2,119.4,120.4,123.3,118.6,117.9,119.6,120.9,122.1,119.9,122.6,119.7,119.9,119.7,119.6,118.4,120.0,119.3,120.1,118.4,120.1,121.7,120.9,121.8
9,2016,113.7,120.1,121.0,124.0,119.2,118.4,120.3,121.6,122.7,120.5,123.4,120.3,120.4,120.2,120.2,118.9,120.5,119.8,120.7,119.0,120.7,122.3,121.5,122.5
10,2016,114.9,121.0,122.2,124.9,120.3,119.7,121.3,122.3,124.1,122.0,124.0,121.9,122.0,121.8,121.7,120.4,122.3,121.3,122.0,120.6,122.1,123.5,123.1,123.9
11,2016,116.9,123.4,124.5,127.1,122.9,121.9,123.5,124.8,126.4,124.3,126.5,124.2,124.2,123.9,124.0,122.6,124.5,123.6,124.4,122.9,124.5,125.9,125.5,126.5
12,2016,118.8,125.2,126.4,129.0,124.8,123.8,125.1,126.5,128.3,126.3,128.3,126.3,126.3,125.9,126.1,124.6,126.8,125.6,126.5,125.1,126.6,127.9,127.7,128.6
1,2017,118.6,124.7,126.0,128.7,124.5,123.5,124.4,125.8,128.1,126.3,127.5,126.3,126.3,125.8,126.0,124.6,126.8,125.4,126.4,125.2,126.4,127.4,127.5,128.1
2,2017,117.4,123.3,124.7,127.0,123.2,122.3,123.0,124.2,126.8,125.2,125.8,125.3,125.3,124.7,124.9,123.7,125.8,124.2,125.1,124.3,125.3,126.0,126.6,127.0
3,2017,117.1,122.9,124.2,126.3,122.7,121.9,122.8,123.6,126.4,124.7,125.1,124.7,124.8,124.3,124.5,123.2,125.3,123.8,124.6,123.7,124.8,125.7,126.2,126.5
4,2017,116.4,122.2,123.6,125.5,122.2,121.3,122.2,122.9,125.8,124.1,124.4,124.1,124.2,123.9,123.9,122.7,124.8,123.2,124.0,123.1,124.2,125.2,125.7,126.1
5,2017,115.3,120.8,121.9,124.0,120.4,119.6,121.1,121.7,123.8,121.8,123.1,121.7,121.8,121.7,121.6,120.5,122.2,121.2,121.9,120.7,122.0,123.2,123.1,123.7
6,2017,114.2,119.7,120.8,123.0,119.5,118.6,120.3,121.1,122.4,120.5,122.7,120.5,120.4,120.3,120.3,119.2,120.6,120.0,120.7,119.2,120.8,122.2,121.6,122.6
7,2017,112.6,117.6,118.4,120.9,117.2,116.2,117.8,119.1,119.6,117.9,120.4,117.9,117.6,117.5,117.6,116.6,117.8,117.5,118.2,116.5,118.2,119.3,118.5,119.5
8,2017,111.1,116.0,116.4,119.0,115.2,114.3,115.9,117.3,117.5,115.7,118.4,115.7,115.4,115.4,115.4,114.4,115.5,115.5,116.1,114.3,116.0,117.1,116.0,117.1
9,2017,110.6,115.4,115.7,118.2,114.6,113.7,115.1,116.7,116.7,115.1,117.7,115.1,114.8,114.8,114.9,113.9,114.9,114.8,115.5,113.8,115.4,116.6,115.5,116.6
10,2017,111.7,116.7,117.0,119.5,115.9,114.9,116.4,118.0,118.2,116.4,118.9,116.4,116.1,116.2,116.2,115.2,116.3,116.1,116.8,115.0,116.8,118.0,116.8,117.9
11,2017,111.8,117.0,117.3,119.9,116.3,115.1,116.8,118.4,118.7,116.7,119.2,116.6,116.3,116.7,116.5,115.4,116.6,116.4,117.1,115.3,117.1,118.5,117.2,118.3
12,2017,110.8,115.9,116.2,118.7,115.2,113.9,115.8,117.3,117.5,115.3,118.2,115.2,115.0,115.4,115.2,114.2,115.2,115.2,115.8,114.0,115.8,117.3,115.9,117.1
1,2018,107.4,113.6,113.5,117.0,112.4,111.3,113.0,114.9,114.4,112.7,116.6,112.6,112.7,112.4,112.6,111.7,112.6,112.7,113.1,111.4,113.4,114.5,113.4,114.5
2,2018,106.6,113.3,113.2,116.8,111.9,110.9,112.7,114.9,113.9,112.1,116.6,111.9,112.1,111.7,111.9,111.1,111.7,112.1,112.4,110.5,112.7,113.9,112.6,113.8
3,2018,106.9,113.8,113.7,117.5,112.3,111.3,113.4,115.6,114.4,112.4,117.5,112.2,112.4,112.1,112.2,111.4,112.0,112.5,112.8,110.8,113.0,114.4,112.9,114.1
4,2018,107.5,114.5,114.4,118.2,113.2,112.0,114.0,116.7,115.1,113.1,118.5,112.8,113.0,112.7,112.8,112.0,112.6,113.2,113.4,111.3,113.7,115.3,113.5,115.0
5,2018,110.7,119.1,119.2,124.1,117.8,116.2,118.7,121.9,119.7,117.6,124.7,117.2,117.6,117.1,117.3,116.3,117.0,117.6,118.0,115.5,118.2,120.3,118.1,119.9
6,2018,112.1,121.1,121.3,126.9,119.7,118.0,121.0,124.2,121.6,119.5,127.7,119.0,119.5,119.0,119.1,118.0,118.8,119.5,120.0,117.2,120.2,122.3,119.9,122.0
7,2018,112.9,121.5,121.6,127.3,120.1,118.5,121.6,124.7,121.6,119.6,128.3,119.1,119.6,119.3,119.3,118.2,118.8,119.7,120.2,117.3,120.3,122.4,119.9,122.1
8,2018,114.1,123.2,123.5,129.8,122.3,120.1,123.4,127.1,123.3,121.3,131.1,120.8,121.2,121.0,120.9,120.0,120.2,121.4,122.1,118.9,122.0,124.2,121.3,123.8
9,2018,114.2,124.7,124.9,133.0,123.3,120.9,125.2,129.5,124.0,121.9,135.2,121.2,121.8,121.4,121.2,120.2,120.2,121.9,122.8,118.8,122.3,125.0,121.0,124.2
10,2018,114.4,120.5,120.3,121.4,120.7,118.9,119.3,122.6,121.5,119.8,121.0,119.9,119.3,119.9,120.1,119.9,119.9,120.3,120.3,118.8,121.0,122.2,121.1,122.4
11,2018,114.6,120.7,120.7,121.8,120.9,119.1,119.8,122.8,122.1,120.3,121.4,120.3,119.9,120.3,120.6,120.2,120.5,120.7,120.7,119.3,121.6,122.7,122.0,123.2
12,2018,114.1,120.3,120.4,121.7,120.4,118.8,119.7,122.6,121.9,119.9,121.5,119.9,119.5,120.0,120.2,119.8,120.1,120.3,120.3,118.8,121.2,122.7,121.9,123.1
1,2019,113.8,123.5,124.0,130.6,122.0,120.2,123.7,126.3,124.4,122.0,131.5,121.4,122.2,121.7,121.4,120.2,121.3,121.7,122.5,119.4,122.3,124.8,122.2,124.2
2,2019,113.9,123.5,124.3,130.9,122.3,120.4,123.8,126.4,124.8,122.4,131.8,121.8,122.7,122.1,121.8,120.4,121.7,121.9,122.8,119.8,122.6,125.2,122.7,124.6
3,2019,114.5,124.7,125.4,132.7,123.2,121.2,125.1,127.9,125.6,123.3,133.7,122.6,123.5,123.0,122.6,121.2,122.5,122.8,123.8,120.5,123.5,126.3,123.5,125.7
4,2019,115.1,125.5,126.2,133.8,124.0,122.1,125.9,128.8,126.3,124.0,134.9,123.3,124.2,123.8,123.4,121.9,123.3,123.6,124.6,121.2,124.3,127.2,124.3,126.6
5,2019,115.2,125.8,126.6,134.3,124.4,122.5,126.3,129.4,126.4,124.3,135.7,123.5,124.4,124.0,123.6,122.2,123.5,123.8,124.9,121.3,124.6,127.6,124.5,127.0
6,2019,115.3,125.9,126.7,134.5,124.4,122.6,126.3,129.5,126.4,124.3,136.1,123.6,124.5,124.1,123.7,122.2,123.5,123.9,124.9,121.3,124.6,127.7,124.5,127.0
7,2019,115.4,126.0,126.8,134.7,124.4,122.7,126.4,129.6,126.4,124.3,136.4,123.6,124.5,124.1,123.6,122.1,123.5,123.9,124.9,121.2,124.6,127.8,124.5,127.0
8,2019,115.5,126.2,126.9,135.1,124.5,122.8,126.6,129.9,126.4,124.3,137.0,123.5,124.5,124.1,123.6,122.1,123.4,123.9,124.9,121.1,124.5,127.9,124.4,127.1
9,2019,115.5,126.2,126.9,135.2,124.4,122.8,126.6,129.9,126.3,124.2,137.4,123.4,124.4,124.0,123.4,121.9,123.2,123.7,124.7,120.9,124.3,127.9,124.2,127.0
10,2019,115.4,126.1,126.8,135.3,124.2,122.7,126.6,129.9,126.1,123.9,137.6,123.1,124.1,123.8,123.1,121.6,122.9,123.5,124.4,120.5,124.0,127.7,123.9,126.7
11,2019,115.4,126.1,126.7,135.5,124.1,122.6,126.6,130.1,125.8,123.6,138.0,122.7,123.8,123.6,122.8,121.3,122.5,123.3,124.2,120.1,123.8,127.6,123.6,126.5
12,2019,115.3,126.0,126.5,135.5,123.9,122.5,126.5,130.1,125.4,123.2,138.2,122.3,123.4,123.3,122.4,120.9,122.0,123.0,123.8,119.6,123.4,127.3,123.1,126.2
