Month,Year,U.S. merchandise exports to the World,U.S. agricultural exports to the World,Bulk,Corn,Cotton,Rice,Soybeans,Tobacco,Wheat,Intermediates,Soymeal,Soybean & Vegetable Oil,Feeds & Fodders,Distillers Grain,Hides & Skins,Consumer Oriented,Tree Nuts,Dairy Products,Prepared Food,Fresh & Processed Fruit,Fresh & Processed Vegetables,Juices & Beverages,Beef & Beef Products,Pork & Pork Products,Poultry Meat & Products,Wine & Beer,Agricultural Related 5/
1,1970,105,99.1,90.1,127.3,78,91.7,70.4,101.6,101.9,98.9,111.4,86.6,102.6,88.4,73.7,107.7,104.1,91.9,106.3,107.1,112.1,111.6,113.9,126.9,89.3,106.7,104.1
2,1970,105.3,99.4,90.3,127.4,78.2,91.9,70.6,102,102.5,99.3,112.5,86.8,102.8,88.7,73.6,108.2,104.4,92.5,106.7,107.5,112.6,112.1,114.2,127.3,89.6,107,104.3
3,1970,105.6,100,90.8,127.3,78.4,92.1,70.7,103.1,105,100.2,117,87.1,103.5,89.4,73.5,108.9,104.4,94.6,107.4,108,113.3,112.7,114.5,128.1,90.5,107.4,104.5
4,1970,105.9,100.4,91.2,127.3,79.2,92.2,71.2,103.6,105.2,100.7,117.5,87.3,104.4,90,73.7,109.2,104.6,95.3,107.7,108.4,113.7,112.9,114.7,128.3,90.9,107.6,104.7
5,1970,106.2,100.7,91.4,128.2,78.4,92,71.4,103.9,105.3,101,117.9,87.5,105.1,90.1,73.9,109.8,104.4,95.9,108.4,109.2,114.5,113.8,115.6,129,91,108,105.2
6,1970,105.7,100.4,91.5,128.8,78.5,91.9,71.5,104,105.4,100.7,117.4,87,105.1,90,74.3,108.9,104.4,95.6,106.8,108.1,112.6,111.8,115.2,129,90.8,107,104.4
7,1970,105.6,100.4,91.7,129.2,78.7,92,71.6,104.2,105.9,100.8,117.3,87,105.3,90.1,74.4,108.7,104.4,95.6,106.4,107.8,112.1,111.2,115.3,129.1,90.9,106.7,104.3
8,1970,105.6,100.6,92.5,129.1,83,93.3,71.7,104.8,106.3,101.2,118.5,87.1,105.6,90.7,74.3,108.5,105.8,95.3,105.9,107.3,111.6,110.5,114.8,128.9,90.9,106.3,103.9
9,1970,105.7,100.8,92.7,128.2,84.9,93.9,71.8,105.2,106,101.4,118.8,87.3,105.6,91.1,74.1,108.5,106.4,95.3,106,107.3,111.7,110.7,114.4,128.4,91.3,106.4,103.9
10,1970,105.9,101,92.8,128,85.2,94.1,71.9,105.5,106.4,101.7,119.4,87.6,105.7,91.3,74.1,108.9,106.4,95.6,106.6,107.8,112.3,111.3,114.5,128.2,91.8,106.7,104
11,1970,106.1,101.1,92.9,128.4,85.2,94.2,71.9,105.2,106.3,101.7,118.9,87.6,105.7,91.3,74.3,109.1,106.7,95.5,106.9,108,112.6,111.6,114.9,128.6,92,106.8,104.3
12,1970,106.3,101.2,92.8,128,85.3,94.2,72,105.2,106.1,101.7,118.9,87.8,105.6,91.3,74.1,109.3,107,95.4,107.1,108.2,112.9,112,114.7,128.4,92.1,107,104.5
1,1971,105.2,100.2,91.9,126.6,84.7,93.3,71.4,104.6,104.6,100.7,117.8,87.2,104.4,90.3,73.4,108.2,106.3,94.4,106.1,107.1,111.7,110.8,113.5,127.2,91.4,106,103.5
2,1971,104.9,99.8,91.6,126.6,83.4,92.8,71.2,104.1,104.2,100.3,117.2,86.8,103.9,89.8,73.3,107.9,105.7,94.1,105.7,106.8,111.3,110.3,113.3,127.1,91.3,105.6,103.2
3,1971,104.8,99.7,91.4,126.3,83.3,92.7,71.1,103.6,103.8,100.1,117,86.7,103.7,89.7,73.1,107.8,105.5,93.9,105.6,106.8,111.4,110.3,113,127,91.3,105.5,103
4,1971,104.5,99.5,91.3,126.1,83.5,92.4,71,103.3,103.6,99.9,116.8,86.5,103.6,89.6,73.2,107.5,105.2,93.9,105.2,106.4,110.9,109.8,112.9,126.5,91.2,104.9,102.6
5,1971,104.6,99.8,91.6,127.1,84,92.6,71.2,102.2,103.7,100.3,117.2,86.7,104.3,90.1,73.7,107.9,105.3,94.4,105.7,107,111.4,110.3,113.7,127.1,91.5,105,102.8
6,1971,105.1,100.4,92,127.9,84.4,92.9,71.5,102.7,103.5,100.8,117.9,87.2,105,90.6,74.3,108.8,105.8,94.9,106.7,107.9,112.5,111.5,114.7,127.9,92,105.6,103.5
7,1971,105.1,100.6,92.2,129.8,83.5,92.9,71.6,102.4,103.4,100.9,117.4,86.9,105.6,90.8,75.6,108.9,105.6,95.1,106.6,108.1,112.3,111.4,116,128.6,92.1,105.4,103.6
8,1971,104.4,100.1,92.1,129.3,83.7,92.7,71.5,101.9,104.1,100.5,117.1,86.4,105.4,90.6,75.3,108,104.7,94.8,105.7,107.2,111.2,110.1,115.1,127.6,91.7,104.3,102.7
9,1971,103.3,98.9,91,126,83.6,91.1,71.1,100.7,102.7,99.6,116.2,85.9,103.9,90.1,74.7,106.7,103,94.1,105.1,106.1,110,109.2,113.3,123.8,91.2,103.1,101.3
10,1971,102.6,98.3,90.6,125.1,83.6,90.7,70.8,100,102,99.1,115.9,85.5,103.2,89.8,74.6,105.9,102.2,93.7,104.3,105.2,108.9,108.1,112.6,122.7,91,102.2,100.4
11,1971,102.1,97.8,89.9,124.7,82.1,90.2,70.3,98.7,101.4,98.4,114.9,84.9,102.5,89.2,74.3,105.5,101.3,93.2,104,104.8,108.7,107.8,112.3,122.6,90.6,101.8,100
12,1971,101.6,97.7,90.1,125.7,81.8,90.5,70.4,98.2,101.4,98.1,114.6,84,102.8,89,74.2,105.4,100.5,93.1,103.6,104.6,108.6,107.6,112.7,123.6,90.5,101.3,99.9
1,1972,99.7,95,86.6,122,79,89.2,66.3,95.5,99.1,96,112.8,82.1,100,86.7,70.8,103.5,98.1,91.3,102.6,102.9,107,106.2,110.7,119.4,89.3,99.6,96.9
2,1972,99.3,94.6,86.2,120.9,78.9,88.3,66.1,95.4,98.5,95.7,112.8,81.9,99.3,86.5,70.5,103.1,97.6,91.1,102.4,102.5,106.5,105.8,110,118.4,89,99,96.4
3,1972,98.7,94.1,85.8,120.1,78.7,87.7,65.9,95.2,98,95.3,112.4,81.5,98.7,86.2,70.2,102.4,96.9,90.7,101.8,101.8,105.7,105.1,109.2,117.5,88.7,98.3,95.7
4,1972,98.5,93.9,85.7,119.7,78.7,87.3,65.8,95.2,98.2,95.1,112.5,81.2,98.4,86,70.3,102.2,96.8,90.6,101.5,101.5,105.3,104.7,109,117.2,88.6,98.1,95.5
5,1972,98.4,94.1,86,120.1,80.2,87.5,65.8,95,98.2,95.3,112.9,81.6,98.6,86,70.3,102.2,96.9,91.4,101.3,101.5,105.2,104.5,109.3,117.4,88.8,97.8,95.4
6,1972,98.2,94.1,86,119.9,81.2,87.2,65.7,95,98.4,95.3,112.8,81.8,98.7,86,70.4,102.1,97.3,91.6,101,101.3,104.7,104.1,109.1,117.2,89,97.8,95.2
7,1972,98.1,93.8,85.6,119.7,80.8,87.4,64.9,94.6,98.7,95.2,112.7,81.8,98.5,85.6,69.6,101.9,97.2,91.4,100.8,101.2,104.4,103.8,109,116.8,88.9,98.3,94.9
8,1972,97.4,93.2,85.1,119.1,79.7,86.9,64.7,94.4,98.3,94.5,112,81.4,97.6,84.9,69.2,101.2,96.6,90.7,100.1,100.6,103.7,103.1,108.2,116.2,88.4,97.7,94.5
9,1972,97.6,93.2,85.1,119,79.6,86.9,64.5,94,98.9,94.6,111.8,81.2,98,85.1,69.2,101.3,96.4,90.9,100.1,100.5,103.6,103.1,108.3,116.1,88.6,97.7,94.3
10,1972,97.8,93.4,85.1,119.6,79.8,87,64.6,94,97.8,94.8,112.5,81.4,98,85.2,69.6,101.6,96.6,91,100.4,100.9,104,103.4,108.8,116.5,89,98,94.5
11,1972,97.8,93.4,85.2,120,79.5,87.2,64.4,93.4,99.3,94.7,112.3,81.4,97.6,85.1,69.9,101.6,96.8,90.8,100.4,100.8,104,103.3,109,116.7,89,98.3,94.6
12,1972,97.6,93.3,85,119.5,79.2,87,64.3,92.8,98.6,94.4,112,81.1,96.9,84.8,70,101.8,96.7,90.3,100.7,101.1,104.5,104.1,109,116.8,89,98.5,94.9
1,1973,97.1,92.9,84.6,119.1,79,86.6,64.2,91.8,97.9,94,111,81.1,96.6,84.4,69.9,101.3,96.3,89.7,100.4,100.6,104.1,103.6,108.6,115.8,88.9,97.9,94.5
2,1973,94.2,90.3,82,115.6,77.1,84.1,61.8,88,95.6,91.6,108.8,78.9,93.9,82.8,67.7,98.6,92.2,87.7,98.6,97.9,101.8,101.4,106.2,111.3,86.5,94.9,91.4
3,1973,92.3,88.2,79.4,112.4,75.2,82.6,59,85.5,93.4,89.9,107.8,77.4,91.4,81,65.7,97.3,90,86.1,98.1,96.8,100.9,100.7,104.7,108.3,85.8,93.6,89.1
4,1973,92,88.1,79.3,111.9,75.3,82.2,59.2,85.9,92.9,89.7,107.4,77.4,91,80.8,66.1,97,90.1,85.7,97.7,96.5,100.5,100.4,104.4,107.9,85.8,93.4,89.1
5,1973,91.2,87.5,78.7,111.3,74.2,81.5,58.8,84.6,92.1,88.9,106.5,76.7,90.2,80.2,65.7,96.5,89.1,85.2,97.4,96,100.2,100.1,104.2,107.2,85.4,92.7,88.4
6,1973,89.7,86.4,77.6,111.1,73.1,81.2,57.3,82.1,91.3,87.8,105.6,75.6,89.2,79.2,64.6,95.7,87.4,84.3,96.6,95.1,99.6,99.1,103.8,106.9,84.7,91.4,87.1
7,1973,87.7,84.9,76.1,109.8,71.7,80,56,79,90.1,86.2,103.9,73.9,87.8,77.7,63.5,94.2,85.3,82.6,95.2,93.5,98.3,97.5,102.6,105.7,83.6,90,85.4
8,1973,89.2,86.3,77.6,111.1,73.2,80.9,57.5,81.5,91,87.4,104.9,75.1,88.9,78.8,65,95.4,87.2,83.1,96.3,94.9,99.4,98.8,103.6,107,84.9,91.8,87.2
9,1973,88.5,85.3,76.4,108.9,71.9,79.7,56.9,80.6,89.6,86.4,103.2,74.3,87.6,77.8,64.5,94.5,86.4,81.8,95.7,94.2,98.7,98.3,102,105.4,84.3,91.7,86.5
10,1973,87.4,84.7,76,108.4,71.5,79.9,56.6,79.8,88.3,85.6,102.9,73.9,86.4,77,64.1,93.9,85.7,81.1,94.9,93.4,98.2,97.6,101.4,105.2,83.8,90.8,86
11,1973,90,86.2,77.5,110,72.5,80.3,58,81.7,91,87.3,103.2,74.9,89.6,78.7,65.1,95.3,87.9,82.6,95.8,94.3,99,98.7,102.7,107.3,84.9,92.9,87.8
12,1973,90,86,77.2,108.5,72,79.4,58.4,82,89.8,87,102.3,75.2,88.8,78.1,65.4,94.9,88.3,81.7,95.5,94.2,98.7,98.9,101.5,106,84.5,93.5,88.2
1,1974,90.7,86.1,77.2,107.9,72,79.3,58.8,83.4,89.4,87,101.3,75.9,88.5,77.5,65.5,94.9,90.1,80.9,95,93.9,98.4,98.9,100.7,106.4,84.2,94.6,89.2
2,1974,89.1,84.7,75.9,104.8,71.4,78.1,58.1,81.8,87.9,85.7,100.4,75.2,86.4,76.2,64.3,93.3,89,79.8,93.6,92.2,96.7,97.3,98.4,104.2,83.6,92.8,87.8
3,1974,88.1,83.9,75.2,103.6,70.5,77.4,57.6,80.8,87.2,84.9,99.7,74.5,85.5,75.6,63.6,92.6,87.8,79.3,92.9,91.4,95.9,96.5,97.7,103.2,83.6,91.8,86.7
4,1974,86.6,82.5,73.9,101.6,69.5,76.1,56.6,79.5,85.5,83.5,98.4,73.4,83.8,74.5,62.8,91.2,86.2,78.2,91.8,90,94.5,95.1,96.3,101.3,83.1,90,85
5,1974,86.3,82.4,73.8,102.7,69,76.6,56.1,78.4,85.7,83.4,98.5,73.2,84,74.5,62.4,91.1,85.6,78.4,91.4,89.8,94.2,94.4,96.7,101.7,83.2,89.4,84.4
6,1974,86.8,83,74.4,103.6,69,76.7,57,79.4,85.5,83.8,98.5,73.6,84.4,74.8,63.5,91.6,86.1,78.6,91.8,90.5,94.9,95.1,97.3,102.6,83.5,90.1,85.3
7,1974,87.1,83.3,74.7,104,69.2,76.8,57.4,79.4,85.9,83.9,98.3,73.7,84.8,74.9,63.6,92.1,86.2,78.6,92.4,90.9,95.5,95.7,97.6,103.2,83.9,90.6,85.7
8,1974,88,84.2,75.7,105.3,70,77.6,58.4,80.4,86.7,84.7,99,74.2,85.8,75.5,64.2,92.9,87.1,79.1,93,91.8,96.5,96.5,98.4,104.9,84.5,91.8,86.9
9,1974,88.6,84.8,76.2,105,70.8,77.9,59.2,81,86.6,85.2,99.3,74.7,86,76,64.8,93.5,87.8,79.4,93.6,92.3,97.1,97.3,98.5,105.1,85.1,92.5,87.6
10,1974,88.2,84.2,75.6,104.3,70.1,77.4,58.5,80,86.5,84.7,98.6,74.1,85.5,75.4,64.6,93.1,87.3,79.2,93.3,92.1,96.6,96.9,98.1,104.8,84.8,91.9,87.1
11,1974,87.4,83.7,74.9,103.9,69.5,77.3,57.8,78.5,86.2,84.1,98.6,73.7,85,74.9,63.8,92.7,86.5,78.6,93.1,91.7,96.5,96.7,97.6,104.3,84.1,91.1,86.6
12,1974,87.6,84,75.1,106.5,69.1,77.9,57.1,77.5,87.5,84.5,99.1,73.6,86.3,75.5,64.9,93.2,86.4,79.3,93.6,92.2,96.8,97,99.4,105.2,84.2,90.9,86.6
1,1975,86.9,83.2,74,105.8,68.1,77.3,55.7,75.7,86.9,83.8,98.6,72.7,85.9,74.8,63.8,92.9,85.1,78.9,93.7,91.9,96.9,97,99.3,104.7,83.9,90,85.5
2,1975,86.3,82.7,73.4,105.1,67.4,76.7,55.2,75.1,85.9,83.4,98.3,72.3,85.3,74.4,63.2,92.4,84.2,78.7,93.5,91.5,96.6,96.7,98.9,103.8,83.6,89.3,84.8
3,1975,86,82.1,72.6,104,66.9,76,54.5,74.4,85,82.9,97.9,71.8,84.6,73.9,62.6,92.1,83.9,78.3,93.3,91.1,96.2,96.3,98.4,103,83.8,88.8,84
4,1975,86.4,82.3,72.7,103.4,67.1,75.7,54.9,75.3,84.6,83,97.7,72,84.6,73.9,62.9,92.4,84.7,78.2,93.6,91.5,96.6,96.8,98.2,103.2,84.3,89.1,84.4
5,1975,86.1,82,72.4,102.8,67.7,75.3,54.7,74.4,83.8,82.6,97.2,71.7,84.2,73.5,62.3,92.4,84.1,78.2,93.9,91.6,96.9,97.1,97.9,102.9,84.2,88.9,84.1
6,1975,86.3,82.1,72.4,103,67.9,75.2,54.7,74.4,83.5,82.8,97.3,71.8,84.5,73.5,62.2,92.4,84.6,78.2,93.8,91.6,96.9,97.1,97.9,103.3,84.2,88.9,84.1
7,1975,88.2,83.8,74.2,104.1,69.8,76,56.8,77.1,84.7,84.4,98.7,73.4,86.1,75,64.2,93.8,87.1,79.4,94.7,92.9,97.8,98.3,98.8,104.8,85.6,90.9,86.2
8,1975,89.3,84.7,75.3,104.3,71.1,76.3,58.4,78.7,85.1,85.3,99.4,74.3,86.9,75.8,65.4,94.4,88.7,80.1,95,93.7,98.2,98.7,98.7,105.5,86.3,92,87.5
9,1975,89.8,84.8,75.5,103.6,71.6,76.4,58.9,79,85.1,85.4,99.1,74.5,86.8,76.1,65.7,94.3,89.5,80,94.9,93.5,97.8,98.5,98.1,105,86.4,92.2,87.6
10,1975,89.7,84.6,75.3,103.2,71.6,76.2,58.6,78.6,85.3,85.3,99,74.4,86.6,75.9,65.3,94.1,89.3,79.9,94.8,93.4,97.6,98.3,97.8,104.9,86.4,92.1,87.4
11,1975,89.6,84.6,75.5,103.9,71.5,76.3,58.7,78.7,85.2,85.3,99,74.4,86.7,75.8,65.5,94,89.4,79.9,94.3,93.1,97.1,97.7,98,105.3,86.5,91.8,87.2
12,1975,89.9,85,75.8,104.5,71.8,76.4,59,78.7,85.5,85.6,99,74.7,87.1,76,65.9,94.3,90.1,80,94.5,93.4,97.4,98,98.3,105.9,86.7,92.2,87.7
1,1976,89,84.1,75,103.2,71,75.4,58.6,77.8,84.3,84.6,97.7,74.1,86,75.1,65.6,93.3,89.3,79.1,93.6,92.5,96.3,97,97.2,104.5,85.9,91.3,86.8
2,1976,88.3,83.4,74.4,102.4,70.2,74.4,58.2,77.4,83.7,84,97.2,73.8,85.2,74.4,65.4,92.5,89.6,78.4,92.5,91.6,95.2,95.9,96.3,103.4,85.2,90.6,86.1
3,1976,88,83.1,74.3,101.7,70.4,74.2,58.2,77.4,83.6,83.8,96.9,73.7,84.9,74.2,65.3,92.1,89.8,78,91.9,91.1,94.7,95.3,95.6,102.8,84.9,90.9,86.1
4,1976,88,83,74.1,100.8,70.8,74.2,58.1,77.4,83.3,83.7,96.9,73.8,84.6,74.3,65.3,91.8,89.8,77.8,91.8,90.9,94.3,94.9,94.9,101.8,84.8,91.2,86.1
5,1976,88.2,83.1,74.4,101,71.2,74.3,58.3,77.7,83.4,83.9,97,74,84.8,74.5,65.5,91.8,89.8,77.9,91.8,91,94.2,95,95,101.9,84.9,91.4,86.2
6,1976,88.3,83.1,74.4,101,71.3,74.4,58.4,77.8,83.2,83.9,97,74.1,84.7,74.5,65.5,91.8,90.3,77.8,91.5,90.9,94,94.7,94.9,102.1,85,91.7,86.3
7,1976,87.8,82.7,73.9,100.3,70.6,73.6,58.1,77.7,82.7,83.4,96.5,73.9,84,74,65.2,91.3,89.8,77.4,91.1,90.5,93.5,94.3,94.5,101.2,84.7,91.3,85.9
8,1976,87.8,82.6,73.6,100.1,70.3,73.7,57.8,77.3,82.4,83.4,96.6,73.9,83.8,73.9,64.9,91.6,89.6,77.3,91.8,90.9,94.3,95,94.6,101.2,84.8,91.5,85.9
9,1976,92.5,86.7,77.3,107.1,73.2,79.5,59.4,79.9,85.6,89.1,103.3,77.4,87.3,81.5,65.9,96.2,90.1,86.5,95.7,93.6,96.5,96.2,103.9,108.4,92.7,94.2,86.7
10,1976,92,86.3,77,107,73.1,79.3,59.1,79.1,85.2,88.7,102.9,77,87.3,81,65.8,95.8,89.6,85.9,95.3,93.4,96.2,95.8,103.4,108.3,92.2,94.3,86.5
11,1976,93.7,87.9,78.4,110,73.8,81.5,59.7,79.6,86.8,90.6,105.1,78.2,88.9,83.7,66,97.8,89.6,89.1,97.3,94.8,98,97.1,107,111.6,94.6,95.3,87.2
12,1976,91.8,85.8,75.9,105.5,71.7,78.2,58.3,77.5,84.5,87.8,101.5,76.2,86.7,79.5,65.1,96,88.6,84.5,96.5,94.3,98,97.7,102.3,107.7,90.6,94.1,86.9
1,1977,91.2,85.3,75.6,104.8,71.7,77.6,58.3,77.6,83.7,87.3,100.9,75.8,86.1,79.3,65.1,95.3,88.1,84.1,95.7,93.4,97,96.8,101.8,106.8,90.3,93,86.2
2,1977,92.6,86.5,76.5,105.5,72.7,78.6,59.1,78.9,84.5,88.7,102.5,77,86.9,81,65.5,96.7,88.7,86,97.4,94.6,98.4,98.3,103.5,108,92.1,94.2,87
3,1977,92.6,86.4,76.2,104.9,72.8,78.2,58.9,79.5,83.7,88.6,102.5,77.2,86.6,80.9,65.4,96.9,88.6,85.9,97.9,94.9,99,99,103.4,107.5,92.2,94.3,87.1
4,1977,92.1,85.9,75.7,103.7,72.3,77.1,58.7,79.1,82.8,88.1,101.9,77,85.9,80.4,65.4,96.4,88.3,85.5,97.7,94.6,98.6,98.7,102.8,106.3,92,93.9,86.6
5,1977,91.8,85.6,75.4,103.6,72.2,77,58.4,78.8,82.6,87.8,101.6,76.7,85.6,80.1,65.2,96.2,88.2,85.3,97.2,94.2,98.1,98.2,102.6,106.4,92.1,93.6,86.3
6,1977,92,85.7,75.2,103.1,72.3,76.6,58.4,78.8,81.9,87.9,101.6,76.8,85.6,80.1,65.1,96.4,88.2,85.4,97.7,94.5,98.6,98.8,102.7,106.4,92.2,93.8,86.5
7,1977,91.4,85.1,74.6,102.2,71.5,75.8,57.9,77.9,81.2,87.3,101.1,76.4,85,79.8,64.6,95.8,88.4,84.8,97.2,93.9,97.9,98.2,101.9,105.2,91.6,93.3,86
8,1977,91.3,84.9,74.1,101.6,70.7,75.5,57.6,77.7,80.5,87,100.8,76.3,84.7,79.1,64.2,96,88.5,84.3,97.6,94.2,98.6,99,101.5,105.2,91.3,93.5,86.2
9,1977,91,84.5,73.9,101.2,70.3,75,57.4,77.6,80.7,86.6,100.1,75.9,84.3,78.7,64.2,95.5,88.2,83.7,97.1,93.8,98,98.4,101,104.4,91,93.2,85.9
10,1977,90.5,83.9,73,99.6,69.7,74.4,56.9,76.7,79.9,86.1,99.6,75.7,83.4,78.2,63.9,95.2,87.5,83.3,97.4,93.7,98.1,98.8,100.4,102.7,91,92.9,85.4
11,1977,90.3,83.5,72.4,99,68.6,74,56.2,75.8,79.7,85.7,99.5,75.4,83.2,78.1,63.5,95,87.2,83,97.6,93.7,98,99,100,101.6,90.8,92.3,84.9
12,1977,89,82.5,71.4,98.4,67.6,73.4,55,74,79.2,84.7,98.7,74.5,82.3,77.1,62.4,94,85.8,82.2,96.6,92.6,96.9,97.7,99.2,100.7,90,91,83.6
1,1978,88.1,81.7,70.6,97.7,66.4,72.7,54.1,72.8,79.1,83.9,98.2,73.8,81.6,76.2,61.3,93.5,84.8,81.6,96.3,92.2,96.7,97.5,98.6,100.2,89.4,90,82.8
2,1978,87.8,81.4,70,97.3,65.6,72.4,53.4,71.9,78.5,83.6,98.1,73.6,81.3,75.7,60.7,93.5,84.5,81.4,96.5,92.3,97,97.8,98.4,99.9,89.3,89.9,82.6
3,1978,87.9,81.4,69.9,96,68,72.7,53.2,72.2,78.1,83.7,98.6,73.8,81,76.1,60.5,93.5,85.1,81.4,96.9,92.3,97.1,97.9,97.8,98.8,89.8,90.1,82.3
4,1978,88.3,81.5,69.8,94.6,68.2,72.1,53.7,72.6,77.3,83.9,98.6,74.2,80.8,76.4,61.2,93.7,85.3,81.4,97.7,92.8,97.5,98.8,97.4,97.7,90.3,90.9,82.7
5,1978,88.9,82.1,70.8,95.7,68.8,72.3,54.9,74.2,77.8,84.5,99.1,74.8,81.5,76.9,62.1,93.8,86.4,82,97.2,92.7,96.9,98.3,97.7,98.6,90.7,91.3,83.4
6,1978,88.6,81.8,70.5,94.5,68.5,71.8,54.9,74,77.6,84.3,99,74.7,81.1,76.8,62,93.5,85.9,81.9,97.1,92.5,96.6,98.2,97.2,97.3,91,91.1,83
7,1978,87.6,80.8,69.6,92.3,67.8,70.7,54.4,73.3,76.8,83.4,98.2,74.2,79.8,76.2,61.6,92.4,84.7,81.1,96.3,91.4,95.3,97.3,95.7,94.9,90.7,89.9,81.8
8,1978,86.9,79.9,68.5,90.4,66.9,70.1,53.6,71.8,75.8,82.6,97.4,73.4,78.6,75.5,61.1,91.8,83.7,80.5,96.4,91,95,97.3,94.8,93.1,90.9,89.2,81
9,1978,87.2,80.3,68.6,90.5,66.8,70.8,53.7,71.2,76,82.8,97.6,73.6,78.9,75.6,61.1,92.7,83.5,80.7,97.8,92.1,96.6,99,95.4,93.6,91.7,89.9,81.7
10,1978,86.2,79.5,67.7,89.5,66,69.8,52.8,69.7,75.2,81.9,97,72.8,78,74.8,60.4,92.1,81.7,80.2,97.7,91.6,96.4,98.6,94.8,92.7,91.5,89,80.6
11,1978,86.9,80.3,68.4,90.9,66.6,70.1,53.2,71.7,76.4,82.8,98,73.3,79.7,75.3,60.3,92.8,83,81.2,97.8,92.5,96.9,98.9,95.7,94.3,91.4,89.9,81.3
12,1978,87.5,80.9,68.8,91.7,67,70.3,53.2,76.6,76.9,83.9,103.1,73.3,80.8,75.4,60.1,93.6,83.2,82.2,98.6,93.7,97.8,99.8,96.4,95.3,91.4,92.2,82
1,1979,87.2,81.4,69.6,94.6,66.4,69.9,53.3,76.4,79.8,83.8,103,73.5,81.8,75.1,59.6,94,82.9,82.7,98.8,94,98.4,100.2,98.6,95.3,90.9,91.9,82
2,1979,87.7,81.7,69.8,95.3,66.3,70.4,53.3,76.7,79.9,84,103.3,73.9,81.9,75.1,59.6,94.6,83.6,82.8,99.3,94.6,99,100.8,99.1,96.5,91.4,92.4,82.5
3,1979,87.6,81.9,70.2,96.1,66.4,70.6,53.7,77.1,80.1,84.1,103.3,73.8,82.4,75.1,59.7,94.5,83.9,83.1,98.6,94.4,98.6,100.1,99.3,97.3,91.7,92.1,82.4
4,1979,88,82.4,70.8,97.4,66.9,71.2,54.3,78,80.3,84.4,103.4,74.1,82.9,75.3,60.2,94.9,85.2,83.3,98.2,94.6,98.4,99.6,99.9,99,92.7,92.1,82.8
5,1979,88.8,82.9,71.2,97.9,67.1,71.5,54.8,78.6,80.4,84.9,103.7,74.8,83.4,75.7,60.5,95.6,85.7,83.7,98.9,95.3,99.2,100.6,100.4,99.8,93.1,93,83.7
6,1979,89.2,83.5,71.6,98.5,68.1,72.3,54.9,78.6,80.7,85.4,104.3,75.2,83.9,76.1,60.7,96.5,86.3,84,100,96.2,100.5,101.9,101.3,100.6,94,93.2,84.2
7,1979,88.1,82.8,71.1,98.2,67.6,72.2,54.3,77.5,80.2,84.5,103.6,74.4,83.1,75.6,60.2,95.9,85.5,83.4,99.3,95.4,99.9,101.1,101.1,100.2,94.2,91.1,83
8,1979,88.3,83.2,71.2,98.8,67.4,72.5,54.5,77.6,80,84.7,103.6,74.6,83.4,75.5,60.5,96.5,85.7,83.4,100,96.1,100.9,102.1,101.7,101.2,94.4,91.7,83.7
9,1979,88.1,83,71.1,99,67,72.5,54.4,77,80,84.5,103.2,74.4,83.4,75.2,60.2,96.4,85.3,83.4,99.7,96,100.9,101.9,101.7,101.7,94.1,91.7,83.6
10,1979,88.5,83.3,71.2,99.8,66.6,72.6,54.4,77.1,80.2,84.6,103.1,74.6,83.7,75,60.2,97,85.4,83.5,100.3,96.7,101.8,102.7,102.2,102.8,94,92.4,84.2
11,1979,89,84.2,72,102.1,66.5,73.3,54.8,77,81.2,85,103.2,74.7,84.8,75.2,60.4,98,85.8,84,100.9,97.7,103.2,103.5,103.7,105.6,94.4,93.2,85.1
12,1979,88.7,83.7,71.5,101.3,66.2,72.6,54.5,76.2,80.9,84.5,102.7,74.2,84.3,74.7,59.9,97.4,84.9,83.7,100.5,97.1,102.6,103,103,104.8,93.9,92.2,84.8
1,1980,88.9,84,71.7,101.6,67.3,72.6,54.4,77.1,80.6,84.7,103.1,74.2,84.4,74.6,61.4,98.2,87.4,83.4,100.9,98,102.9,103.4,103.8,105.4,96.1,92.5,85.2
2,1980,89.6,85.1,73.1,102.8,71.7,74.4,55.2,79,81.3,85.8,104.3,75,85.7,75.7,62.3,99,89.9,83.7,101.1,98.5,103.4,103.7,104.4,106.8,97,92.7,86
3,1980,91.8,86.9,74.6,103.8,72.8,75.1,57,82,82.5,87.4,105.5,76.7,87.2,76.9,63.9,101,92.8,84.7,102.9,100.6,105.5,106.2,105.7,108.7,98.6,95.5,88.5
4,1980,92.2,87.3,74.8,103.8,73.1,75.1,57.1,82.8,82.8,87.7,106,77.2,87.3,77,64.1,101.5,93.5,84.9,103.6,101.1,106.4,107.2,105.9,109.1,98.6,95.7,89.2
5,1980,90.1,85,72.7,100.2,71.5,73.3,55.4,80.6,81,85.8,104.5,76,84.7,75.4,62.4,99,91,83.4,101.7,98.6,103.7,104.9,103.3,104.7,97.3,93.1,86.5
6,1980,89.1,84,71.9,98.7,71.3,72.4,54.8,80,80.2,85,103.8,75.4,83.7,74.9,62,97.7,90.3,82.7,100.4,97.3,101.8,103.3,102.1,102.8,96.7,91.9,85.3
7,1980,87.9,83.2,71.1,98.5,70.4,71.8,54.2,78.9,78.7,84,102.7,74.3,83.1,74,61.5,96.9,89.3,81.7,99.5,96.5,101.2,102.5,101.4,102.4,95.7,90.7,84.4
8,1980,88.4,83.8,71.8,99.5,70.8,72.2,54.9,79.9,79.1,84.4,103.1,74.7,83.8,74.3,62.2,97.5,90.3,81.8,99.8,97.2,101.9,103.1,102,103.5,96,91.4,85.2
9,1980,88.1,83.3,71.1,97.6,70.4,71.3,54.6,80,78.3,84,102.7,74.6,82.9,74,62.1,97.1,90.4,81.4,99.7,96.8,101.3,103,101,101.7,96.4,91.2,84.8
10,1980,88.4,83.5,71.3,97.2,70.7,71.1,55,80.9,78.1,84.2,102.8,75.1,82.8,74.2,62.6,97.2,91.1,81.5,99.8,97,101.3,103.4,101,101.3,96.7,91.6,85.2
11,1980,89.6,84.7,72.5,98.6,72.1,71.8,56.2,82.7,78.7,85.3,103.6,76.3,84.1,75.2,64,98.4,93.2,82.1,100.7,98.1,102.4,104.7,102.3,102.6,97.4,92.9,86.8
12,1980,90.5,85.3,73,98.3,72.6,71.7,57,84.3,79.2,85.9,104.1,77.2,84.5,75.7,64.7,99.1,94.7,82.3,101.5,99,103.3,105.9,102.3,102.7,97.8,94.3,87.9
1,1981,89.9,84.6,72.5,97,72.2,70.8,57,84.5,78,85.2,103.3,77,83.6,75.4,64.6,98,94.7,81.6,100.5,98,101.9,104.9,100.8,100.7,97.1,93.3,87.2
2,1981,91.8,86.4,74.3,98.3,74.3,71.7,59.1,87.9,79.1,86.8,104.6,78.6,85.3,76.9,66.6,99.6,97.9,82.5,101.5,99.5,103.2,106.5,101.9,102.4,98.2,95.7,89.6
3,1981,91.6,86.6,74.8,99,74.6,72,59.7,87.9,79.8,86.9,104.7,78.6,85.6,77.2,66.9,99.4,97.8,82.5,101.1,99.2,102.9,106,101.7,102.8,98.1,95.7,89.7
4,1981,92.3,87.3,75.7,99.8,75.5,72.5,60.8,89.2,80,87.4,105,79.3,86.3,77.6,67.9,100,99,82.8,101.4,99.8,103.5,106.6,102.1,104.1,98.6,96.4,90.7
5,1981,94.1,89,77.4,101.1,77.2,73.3,62.8,92.2,81.4,89,106.4,81.1,88,79.2,69.7,101.5,102,83.9,102.4,101.3,104.8,108.1,103.3,105.6,99.7,98.7,93.1
6,1981,95.3,90.1,78.6,101.8,78.4,74.1,64.1,93.9,82.7,90,107.2,82.1,89,80.2,70.7,102.4,104.3,84.5,102.8,102.1,105.3,108.7,103.8,106.8,100.5,100.5,94.6
7,1981,96.6,91.5,79.8,103.7,79.6,75.2,64.8,95.6,83.9,91.2,108.4,83.1,90.5,81,71.5,104,106.7,85.4,104,103.6,106.9,110.2,105.4,109,101.6,102.9,96.3
8,1981,99.9,93.2,81.2,104.8,81.5,76,66.3,97.6,85.3,93.5,109.4,84.4,92.1,82.2,73.1,105.6,109.4,86.2,106.1,105.1,108.2,111.8,106.5,110.5,103,104.8,98.1
9,1981,98.5,92.1,80.4,104.1,80.9,75.3,65.4,95.1,84.7,92.5,108.7,83.2,91.1,81.4,72.3,104.5,107.5,85.8,104.9,104.1,106.9,110,105.7,109.5,103,103.5,96.4
10,1981,97.6,91.8,80.5,104.7,81,75.6,65.4,92.8,84.9,92,108.2,82.5,90.9,81.4,72.1,103.9,106,85.4,104.5,103.5,106.6,109.2,105.3,109.4,102.4,102.2,95.7
11,1981,96.4,90.9,79.9,103.9,80.7,75,65,91.2,84,91.2,107.6,81.8,90.2,81.1,71.6,102.5,104.1,84.9,103.2,102,104.9,107.6,104.1,107.7,101.1,100.1,94.3
12,1981,96.4,90.7,79.8,103.2,81.1,74.5,65,91.9,83.8,91.1,107.4,82,90,80.9,71.8,102.2,104.6,84.6,102.8,101.7,104.4,107.4,103.7,106.8,100.9,100,94.3
1,1982,96.4,91,80.1,103.5,81.4,74.5,65.5,93.1,83.8,91.1,107.7,81.8,90.1,80.6,72.6,102.4,105.2,84.2,102.8,102,104.7,107.7,103.7,107.6,100.8,100.8,95.1
2,1982,99.7,94.1,83,107.8,84.1,77.8,67.8,96.1,85.9,94.4,111,84.4,93.1,84.3,74.5,105.8,107.8,88.2,105.5,104.8,107.6,110.2,108.3,112.9,104.8,103.6,97.6
3,1982,104.5,98.4,87,114.7,87.3,83,70.2,99.5,89,100,117.2,88,97,91.2,75.9,110.6,109.6,96.5,109.4,107.8,110.3,112.1,117,120.8,112.1,106.5,99.4
4,1982,104.6,98.6,87.2,114.6,87.9,82.8,70.6,100.4,89.2,100,116.9,88.2,97.1,90.8,76.4,110.7,110.2,96.1,109.3,108,110.5,112.4,116.6,120.9,111.7,106.8,99.9
5,1982,103.3,97.5,86.1,113,87.3,81.9,69.5,99,88.4,99,116.5,87.6,96.1,89.8,75.6,109.6,108.4,95.1,108.8,107.2,109.9,111.9,115.2,119.1,110.7,105.5,98.7
6,1982,107.2,100.8,89.2,116.4,90.6,84,72.7,103.2,90.5,102.1,119.1,90.2,99.6,92.2,78.8,113.1,113,97,112,110.5,113.7,115.8,118,123.4,112.9,109.5,103
7,1982,107.9,101.4,89.9,117,91.6,83.9,73.5,104.2,90.9,102.6,118.9,90.4,100.3,92.3,79.6,113.3,114.2,96.8,112,110.8,113.8,116,118,124.2,112.8,110.1,103.9
8,1982,113.5,106.4,94.7,125.1,95.9,90.5,76.4,108.2,94.6,109.2,126.4,94.4,105,101,81.4,118.8,116.3,107,116.1,114,116.3,117.3,128.4,133.6,122.5,113.1,105.6
9,1982,114.6,107.4,95.8,126.8,96.7,91.3,77.2,109.1,95.6,110.5,127.8,95.2,106.1,102.6,81.9,119.6,116.9,109,116.4,114.4,116.3,117.1,130.2,135.2,124.1,113.7,106
10,1982,111.2,104.6,93.5,122.3,94.7,87.1,76.5,107.3,93.8,106.2,122.5,92.4,103.7,96.8,82.1,116.3,117.8,102,112.9,112.6,114.3,115.4,123.5,130.7,118.9,112.3,105.7
11,1982,110.3,103.7,92.7,120.5,94.4,85.8,76.1,107.1,92.8,105.1,121.1,91.8,102.8,95.5,82,115,117.9,100.4,111.6,111.5,112.9,114.4,121.4,128.6,117.4,112.1,105.3
12,1982,108.7,101.8,90.5,117,93.1,83.9,74.1,103.9,91,104,120.5,90.9,100.8,94.9,80,113.4,115.1,99.9,111.2,110,111.5,113.3,119.7,124.6,116.6,110.5,102.9
1,1983,109.2,102.1,90.7,117.4,93.2,84.7,73.9,103.5,91,104.8,121.8,91.3,100.6,96.4,79.9,114,114.6,101.9,111.7,110.1,111.3,113,121.4,125,118.7,110.9,102.3
2,1983,110.1,102.8,91.5,117.9,94.3,84.7,74.9,104.6,91.8,105.5,122.2,91.7,101.3,96.9,80.5,114.3,115.2,102.3,111.8,110.3,111.4,113.1,121.5,125.8,118.5,111.6,103.5
3,1983,110.6,102.9,91.6,117.7,95,84.3,75.2,104.9,91.5,105.7,122.3,91.8,101.4,96.8,80.8,114.1,115.4,102.4,111.5,110.2,110.9,112.6,120.9,125.9,117.9,111.7,104.1
4,1983,111.4,104.1,93,118.1,97.8,84.2,76.7,107.2,92.6,107.1,124.7,92.7,103.8,98,81.7,115.1,116.7,104.1,112.5,111.7,112,113.8,121.5,126.4,118.6,111.8,105.1
5,1983,111.8,104.2,93,117.5,98.4,83.6,76.9,107.8,92.3,107.3,124.8,93.2,103.7,98.2,82.2,115.3,118,104.2,112.7,111.8,111.9,114,121.5,126,119.3,111.9,105.3
6,1983,112.7,105,93.6,118.6,99.1,84.2,77.4,109.3,93,108.1,125.6,93.9,104.6,98.7,83,116.1,120.1,104.7,112.9,112.5,112.4,114.5,122.3,127.7,120.1,113,106.4
7,1983,113.2,105.5,94.2,119.4,99.7,84.8,77.7,110.5,93.8,108.6,126.4,94.4,105.2,99,83.3,116.5,121.1,105,113.1,112.8,112.6,114.8,122.7,128.1,120.2,113.5,106.9
8,1983,114.3,106.3,94.7,120.5,100.5,85.5,77.9,111.9,94.2,109.5,126.9,95.2,106.1,99.4,83.8,117.3,123.3,105.4,113.6,113.6,113.2,115.4,123.6,129.3,120.9,114.7,107.9
9,1983,114.9,106.6,95,120.5,101.1,85.5,78.2,112.1,94.4,110,127.6,95.9,106.3,99.9,84.5,117.9,124.7,105.8,114.1,114.1,113.4,115.7,124.1,129.4,122.5,115.3,108.1
10,1983,114.6,106.3,94.7,119.2,100.7,88.7,77.6,111.2,95.3,110,129.7,95.4,105.8,100,84.2,117.4,123.2,106.6,114,113.5,112.7,115.1,123.4,127.6,124.4,114.5,107.1
11,1983,115.4,106.8,95.2,119.7,101.4,89.6,78.3,112.3,95.3,110.4,129.6,96,106.4,100,84.7,117.7,123.8,106.3,114.4,113.7,113.2,115.9,123.3,127.7,124,115.2,108.4
12,1983,116.3,107.2,95.4,120.2,101.9,89.8,78.4,112.8,95.1,110.9,129.6,97,106.8,100.1,85,118.3,125.1,106.1,115.3,114.4,113.8,116.9,123.7,127.5,124.1,116.4,109.4
1,1984,116.9,107.7,96.2,119.9,104,89.8,79.8,113.9,94.6,111.2,128.7,97.5,106.9,100.4,86.4,118.2,126.4,105.3,115.2,114.5,113.7,117.1,123,127.2,124,117.1,110.3
2,1984,115.9,107.1,96,119.2,104.7,89.3,79.9,112.3,94.2,110.4,127.6,97.1,106.4,100,86.4,117.5,124.9,104.4,114.6,113.8,113.3,116.4,122,126.4,123.3,115.9,109.5
3,1984,115.1,106.3,95,117.3,104.3,88.2,79.5,110.4,92.7,109.6,126.9,96.6,105.4,99.4,86,116.9,123,103.7,114.9,113.5,113.4,116.6,120.8,124.6,123,115.5,108.7
4,1984,115.3,106.3,94.6,116.6,103.1,88,80.1,111.2,90.2,109.4,126.1,96.2,105.4,99.4,86.8,117.2,123.7,103.1,115.3,114,113.9,117.3,120.5,124.7,123.1,116.3,109.5
5,1984,116.8,107.9,96.3,117.8,105.4,88.6,82.5,113.6,90.1,110.8,127,97.9,106.9,100.9,88.9,118.6,126.1,104,116.4,115.5,115.4,119.1,121.6,126.4,124,118.3,111.9
6,1984,117.6,108.6,96.8,118.1,105.8,88.9,83.2,113.8,91.1,111.5,128.9,97.8,107.7,101.4,89.7,119.3,125.8,104.9,117.1,116.2,116.2,119.8,121.7,127.8,124.4,119.4,112.8
7,1984,119.9,110.8,99.1,120.6,108.1,90.3,85.7,116.7,92.5,113.3,129.6,99.7,110,103.1,91.9,121.4,129,106.2,118.8,118.5,118.3,122.1,123.7,130.5,125.5,122.3,115.8
8,1984,120.2,111.5,100.3,121.2,109.7,91.4,87.6,117.8,92.6,113.9,129.8,100.3,110.8,103.9,93.3,121.5,130.2,106.6,118.4,118.5,117.9,121.7,123.7,131,126.3,122.3,116.3
9,1984,122.8,113.7,103,122,113.4,92,91.9,121.2,93.3,115.9,130.6,102.2,112.9,106.3,96.8,123,133.1,107.8,119.7,120,119.2,123.4,124.4,132,127.7,125,119.4
10,1984,123.7,114.3,103.6,122,114.1,92.1,92.4,122,94.7,116.5,131.2,102.7,113.5,106.7,97.6,123.5,134.1,108.3,120.2,120.5,119.6,124,124.5,132.2,128,126,120.4
11,1984,122.4,114.3,104.5,121.4,115.8,91.5,94.4,120.6,95.1,116,130.4,102,113.7,107.6,99.4,122.7,132.4,108.1,119.4,119.9,118.9,123.1,123.6,131.6,127.9,124.7,120
12,1984,124.6,115.7,106.2,121.9,118.5,92.2,97.1,122.2,95.8,117.4,130,103.2,115.2,108.9,101.8,123.6,134.8,108.4,120.2,120.8,119.6,124.1,123.7,132.4,128.3,126.5,122.3
1,1985,125.3,116.6,106.9,123.9,116.9,92.8,97.3,134.6,96.4,118.6,134.9,105.1,115.5,108.2,102.3,124.3,136,108.9,120.9,121.7,120.1,124.8,123.7,133.5,128.8,128.3,123.7
2,1985,127.1,118,107.8,125.3,117.6,93.8,98,136.9,97.4,119.6,135.4,106.6,116.8,108.7,102.9,126.1,138.7,109.6,122.5,123.9,122.3,127.2,125.1,135.6,129.1,130.8,126.2
3,1985,128.1,118.7,108.1,125.3,118.1,94.2,98.2,137.5,97.7,120.3,135.9,107.2,117.5,109.2,103.6,127.2,139.4,110.1,124.2,125.2,124,129.1,125.7,136,129.8,131.9,127.1
4,1985,125.5,117.1,107,124.3,117.2,93.3,97.4,132.8,96.5,118.5,134.2,105.1,116,108.3,103.2,125.5,135.2,109.3,122.6,123.4,122.3,126.9,124.7,134.8,129.3,127.2,124.4
5,1985,126.4,117.7,107.4,124.6,118.1,93.7,97.6,133.4,97,119.2,134.7,105.9,116.6,109,103.5,126.2,136.3,109.8,123.4,124,123,127.8,125.4,135.3,130,127.7,125.1
6,1985,125.6,117.4,107.4,124.8,117.9,93.7,97.8,133.1,96.6,118.8,134.3,105.2,116.5,109.1,103.5,125.7,135.7,109.7,122.7,123.4,122.3,126.9,125.5,135,129.8,126.7,124.3
7,1985,124,116.3,106.7,123.5,117.7,93.1,97.3,129.8,95.9,117.8,133.1,103.9,115.5,109.2,103.3,124.4,132.9,109.5,121.6,121.8,120.8,125.1,124.8,133.8,130.2,123.9,121.9
8,1985,125.2,117.8,108.3,126.1,118.6,95.5,98.5,129.1,96.6,119.9,135.4,104.9,117,112.6,104.3,126.3,131.9,113.2,123.5,123,122.1,125.8,128.5,136.7,134.5,124.3,121.6
9,1985,126.3,118.7,109.1,126.3,119.3,95.7,99.6,130.4,97.3,120.7,135.7,105.5,117.7,113.4,105.1,127.1,132.8,113.9,124.4,123.9,123,126.9,129,137.2,134.9,125.5,122.9
10,1985,124.3,117.2,108.2,122.6,119.4,93.4,100.4,127.1,95.8,119.3,134.2,104.3,115.5,113.3,105.9,125.1,129,113.4,123.3,121.9,120.8,125,126.8,132.9,135.4,122.6,120.4
11,1985,124.3,117.4,108.8,121.7,120.5,92.7,102.5,126.7,95.4,119.4,133.7,104.2,115.5,114.3,107.9,125,128.2,113.8,123.6,121.9,120.7,125,126.6,132,136.3,122.1,120.4
12,1985,124.2,117.6,108.8,121.8,120.8,92.9,102.2,125.4,96,119.6,134.5,104.1,115.7,114.5,107.6,125.5,127.4,114.3,124.4,122.5,121.4,125.8,127,132.3,137,122.2,120
1,1986,123.6,117,108.1,120.7,120.2,93.7,101.4,124,95.5,119,134.4,103.2,115,114.3,107,125.2,126.1,114,124.7,122.5,121.5,125.9,126.2,131.8,137.4,122.1,119.2
2,1986,122,115.6,106.9,118.4,120.1,93.3,100.3,121.6,94.4,118.2,135.7,102.3,113.2,114.4,105.8,123.6,123,114.2,123.7,120.9,119.5,124,124.7,128.6,137.4,120.1,116.5
3,1986,121.2,114.8,106.4,117.2,120.8,92.8,99.7,120.1,94,117.6,135.1,101.5,112.3,114.4,104.9,122.6,121.1,114.5,123,119.7,118.3,122.7,124.1,127.2,137.4,118.2,115.1
4,1986,120.4,114,105.7,115.9,120.7,92.4,99,120,93.2,117,134.4,101,111.3,114,104.4,121.7,120.8,114,122,118.6,117.1,121.5,123.3,126,137,117,114
5,1986,119.7,113,104.8,114.2,120.3,91.5,98.3,119.2,92.4,116.4,134,100.8,110.1,113.6,103.8,120.6,119.7,113.9,121.1,117.4,115.5,120.2,122.2,123.9,137.2,115.6,112.6
6,1986,121.3,114.7,106.2,116.4,121.6,93.7,98.7,119.9,95.2,118.7,139,103.1,111.5,115.2,104.3,122.4,120.6,115.7,123,119.3,117.6,122,123.3,125.8,140.4,117,113.9
7,1986,121.6,116.1,109.5,115.5,126.4,93.3,105.8,120.1,95.9,119.7,138.5,103.5,112.3,118.6,109.8,121.9,119.1,117.1,122.4,118.7,116.4,120.8,122.5,125.2,142.7,116.2,114.6
8,1986,121.4,116.1,109.5,114.8,126.7,93.2,106.5,118.4,95.4,119.9,138.8,103.3,112.2,119.5,110.2,122,117.9,117.6,122.8,118.8,116.4,120.7,122.4,125,143.7,116.1,114.2
9,1986,122.1,117.1,110.8,115.4,128.9,94,107.7,120.1,97.1,121.3,141.5,103.9,114.2,121.3,110,122.8,117.8,119.9,123.6,119.7,117,121.2,123.3,126,144.8,116.8,114.5
10,1986,122.4,118.4,113.6,115.9,128.8,95.3,108.1,121.3,111.5,121.9,141.7,103.7,115.1,121.8,109.9,122.9,116.9,120.8,123.7,119.8,117.1,120.9,123.7,126.5,144.8,117.1,114.7
11,1986,122.6,118.7,113.9,117.5,129.1,95.8,108.3,122.1,109.7,122.1,142,103.6,115.9,122,109.9,123.4,117.7,120.9,123.6,120,117.6,121,124.6,128.4,144.8,117.4,115.2
12,1986,121.8,118,113.1,117,128.7,95.1,107.8,120.8,107.9,121.4,141.2,103,115.4,121.3,109.3,122.7,117,120.3,122.9,119.4,117,120.3,124,127.9,144.2,117.2,114.4
1,1987,119.2,116.4,112,115.1,127.2,94.1,107,117.6,108.1,119.6,139.8,101.4,113.7,120.4,108.6,120.9,114.1,119.1,121.3,117.6,115.2,118.3,122.3,125.8,143.5,114.4,111.7
2,1987,118.5,115.9,112,114.9,126.9,95,106.8,117.7,109,119.1,139.8,100.8,113.2,120,108.3,120.1,113.5,118.8,120.1,116.6,113.9,116.8,121.6,125.4,143.7,113.3,110.8
3,1987,118.1,115.5,111.9,114.3,126.5,94.7,106.8,118.1,109.4,118.8,139.4,100.5,112.7,119.8,108.2,119.5,113.2,118.6,119.4,115.8,113,116,121.2,124.7,143.8,112.3,110.2
4,1987,117,114.4,111,111.7,127.8,92.8,106,117,109.6,118,139.3,100.9,111,118.7,107.4,118,111.9,117.8,118.5,114.4,111.6,115.1,119.2,121.4,142.9,110.8,108.8
5,1987,116.7,114,110.2,110.5,126.6,92.3,105.3,116.9,109.4,117.6,139.2,100.9,110.1,118,106.4,117.8,111.1,117.4,118.8,114.2,111.9,115.5,118.5,120.6,142.7,110.6,108.6
6,1987,117.3,114.4,110.5,110.9,127.2,93.1,105.2,118.8,109.5,118.1,140,101.5,110.6,118,105.9,118.2,112,117.5,119,114.5,112.3,115.9,118.4,121.7,142.4,111.5,109.4
7,1987,117.5,114.5,110.7,112,127.1,93.4,105.2,119,109.3,118,139.4,101.4,111.2,117.5,105.8,118.2,113,116.9,118.4,114.5,112.2,115.5,118.6,122.9,141.5,111.8,110
8,1987,117.2,114.1,110.1,110.8,126.7,93,104.8,119.2,109.5,117.5,139,101.1,110.6,116.8,105.3,117.8,113,116.1,118.2,114.2,111.9,115.5,117.5,121.8,140.8,112,109.9
9,1987,116.2,113.2,109.5,109.7,126,92.3,104.3,119.2,109,116.8,138.9,100.4,109.6,116.1,104.8,116.8,111.6,115.4,117.5,113.3,111,114.7,116.5,120,140.7,110.7,108.6
10,1987,115.5,112.7,109,109.4,125.1,92.1,103.8,119.6,108.8,116.2,139,99.9,109.1,115.2,104.4,116.3,110.7,114.7,117,112.9,110.6,114.2,115.8,119.8,139.9,109.9,108.1
11,1987,112.9,110.6,106.9,106.7,122.8,90,102.2,115.1,106.6,113.9,136.8,97.9,106.8,113.2,103.2,114.4,107.7,112.9,115.7,111.3,109.2,112.8,113.6,117,138.5,107,105.7
12,1987,111.8,109.5,105.9,105.3,122.2,89,101.3,113.4,106,113.3,136.7,98,105.4,113,102,113.2,105.6,113.2,114.9,109.8,107.8,111.5,112.8,115.2,138.3,105.5,104
1,1988,110.8,108.2,104.7,103.6,121.2,87.9,100.6,113.4,104,111.8,134.3,96.8,104.4,111.1,101.4,111.8,106.1,110.7,113.3,108.7,106.3,110.3,110.7,113.4,136.4,104.9,103.3
2,1988,110,107.3,103.9,102.6,120.5,87.1,99.9,114.5,103,110.8,133.1,96.2,103.6,109.4,100.5,110.7,106.6,108.8,111.8,107.8,105.3,109.3,108.8,112.3,134.2,104.8,103.1
3,1988,108.3,105.7,102.5,100.7,118.8,85.7,99.1,113,101.4,109,130.9,94.6,102.2,107.7,99.3,108.9,105.3,106.9,110,106.2,103.7,107.6,106.8,110.5,132.6,102.9,101.5
4,1988,107.2,104.6,101.2,99.3,117.4,84.7,98.3,113.6,98.9,107.9,130.2,94,101,106.4,98.8,107.8,104.6,105.8,108.9,105.2,102.6,106.6,105.2,109,131.7,101.7,100.6
5,1988,107.1,104.3,100.7,99,116.8,84.4,97.9,114.2,98,107.7,129.8,94.1,100.8,105.9,98.2,107.6,105,105.2,108.6,104.9,102.4,106.5,104.8,108.5,131.1,101.7,100.6
6,1988,107.6,104.4,100.8,99.3,116.8,84.9,97.7,116.3,98.3,108,130.2,94.7,101.1,105.7,97.9,107.5,106.7,104.9,108.1,104.7,102,106.2,104.6,108.6,130.6,102.8,101
7,1988,108.6,105,101.2,100.3,116.3,85.9,97.6,118.1,99.2,108.4,129.7,94.8,102.1,105.8,97.8,108.1,109.1,104.7,108,105.4,102.4,106.5,105.2,110.2,130.2,104.3,102.3
8,1988,109.1,105.1,100.8,100,115.9,86.5,97,118.6,98.4,108.5,129.4,94.9,102.3,105.7,97.3,108.7,110.1,104.5,108.9,106.1,103.4,107.8,105.3,110.3,130.2,105.3,102.8
9,1988,110.1,106,101.9,101.2,119.5,87.1,96.4,118.2,102.4,109.8,132.5,97.2,102.8,105.7,96.8,109.5,110.2,105.8,109.9,106.8,104.1,108.6,106,110.7,130.6,105.7,103.2
10,1988,108.7,105.1,101.4,100.1,118.6,92.6,95.2,117.3,103.4,109.4,134,99,101.4,104.9,95.5,108,108.8,105.3,108.6,105.2,102.4,106.7,104.4,108.5,130.1,103.7,101.2
11,1988,106.9,103.5,99.6,97.8,116.6,92.6,93.3,114.1,102.8,107.9,132.8,98.5,99.5,103.3,93.4,106.6,106.3,103.9,108.1,104,101.7,106,102.6,106.1,128.9,101.8,99.4
12,1988,106.2,102.8,99.1,97.4,116.3,92.8,92.2,113.7,103.6,107.3,132.3,98.4,98.9,102.3,92.2,105.7,106,103.1,106.9,103.1,100.6,104.9,101.8,105.4,127.6,100.9,98.6
1,1989,107.9,103.4,99.5,98.3,115.7,94,91.6,115.5,105.8,107.9,132,99.2,99.6,102,91.7,106.3,107.6,103.2,107.4,103.7,101,105.5,102.1,106.3,126.7,102,100.3
2,1989,108.4,103.4,99.2,98.3,115.1,95.2,90.7,115.9,106.5,108.1,132.3,99.6,99.5,101.6,90.8,106.3,107.7,103.3,107.4,103.6,101,105.4,102,106.5,126.1,102.2,100.7
3,1989,109.3,103.8,99.2,98.9,114.8,97.2,90.2,117,106.4,108.8,133.5,100.5,99.9,101.8,90.3,107.1,108.6,103.9,108.2,104.5,101.8,106.2,102.5,107.5,126.2,104,101.3
4,1989,110.2,103.5,98.4,98.3,113.8,97.5,89.3,117,104.6,109.2,133.3,100.4,99.6,101.3,89.5,107,108.4,103.7,108.6,104.3,101.7,106.3,102,107.6,125.9,103.9,101.1
5,1989,111.8,104.5,99,99.9,113.6,98.9,89.2,119.2,105.5,110.4,134.6,102,100.8,101.6,88.9,108.1,110.6,104.6,109.3,105.2,102.5,107.1,103.2,109.4,126,105.7,102.7
6,1989,113.3,105.4,99.4,101.5,113.7,101.7,88.9,120,105.7,111.4,136.1,103.3,101.9,101.9,88.6,109.2,112,105.4,110.3,106.3,103.6,108.1,104.2,111.1,126.1,107.4,104.3
7,1989,110.6,103.9,98.3,100.7,111.8,101.2,87.9,116.9,104.7,109.8,134.9,101.9,100.7,101.1,87.7,107.9,109.4,104.5,108.8,105,102.4,106.5,103.4,110.1,125.6,105.2,101.4
8,1989,111.6,104.7,99.7,103.3,112,101.5,88.3,117.3,108.4,110.3,134.7,102.5,101.9,101.5,87.3,108.1,110.2,105.6,108.6,104.9,102,106.1,105.4,110.1,125.4,105.3,102.3
9,1989,111.6,104.9,99.7,103.8,110.9,102.2,88.1,117.6,108.6,110.5,135,102.8,102.3,101.6,87,108.6,110.5,105.8,109,105.4,102.7,106.8,105.9,111,125.5,106,102.4
10,1989,109.7,103.7,98.6,102.5,109.3,101.4,87.5,115.1,107.1,109.2,133.6,101.5,101.1,100.9,86.7,107.6,108.7,104.8,108,104.5,101.8,105.7,104.9,109.9,125.2,104.6,100.6
11,1989,109.4,103.8,98.7,103.3,108.6,102.2,87.4,114.8,107.4,109.2,134.5,101.1,101.3,100.9,86.6,107.6,108,104.8,108,104.6,102,105.5,105.1,110.8,125.4,104.8,100.4
12,1989,109.4,105,101.6,103.4,112.2,101.8,93.8,114.8,106.7,109.7,133.9,100.6,102.4,102.9,91.5,107.3,106.7,104.8,107.5,104.3,101.6,104.8,104.3,111.3,126.2,104.2,101.4
1,1990,109.1,106.5,104.8,103.9,115.7,101.4,100.3,115,107.3,110.1,133.2,100.8,103.8,105,96.3,107.7,106.5,105.2,107.6,104.9,102.4,105.3,104.3,112.4,127.3,104,102.8
2,1990,109.1,106.8,104.9,104.4,115,102.1,100.3,113.8,107.5,110.3,133.4,101.2,104.1,105.1,96.4,108.3,106.1,105.3,108.5,105.6,103.5,106.4,104.8,113,127.8,103.7,102.9
3,1990,109.3,107.7,106.1,106.7,115.1,104.6,101,114.9,109,111,135.1,101.5,105.5,105.8,96.8,109,106.8,106,108.6,106.2,103.9,106.4,105.7,115.4,127.9,104.6,103.4
4,1990,108.8,107.5,106.2,107.7,114.5,105.3,100.9,114.5,109.3,110.8,135.5,101.2,105.4,105.4,96.5,108.7,105.7,106,108.1,105.8,103.6,105.7,105.7,116.4,127.6,103.6,103.1
5,1990,108.4,107.3,106,107.1,114.9,106.9,100.6,113.3,109.3,110.9,137,102.7,104.8,105.4,96.3,108.3,104.6,106,108.3,105.5,103.4,105.7,105,115,127.5,102.6,102.6
6,1990,108.7,107.8,106.8,108.1,115.7,109.2,101.1,114,110.3,111.4,138,103.9,105.4,105.9,96.9,108.6,105.1,106.2,108.5,105.8,103.7,105.9,105.4,115.4,127.6,102.5,102.9
7,1990,107.6,107.9,108.4,110.6,116,109.5,102.2,112.8,114.1,111.1,138,104.3,106,106.1,96.7,107.8,104,107,107.3,104.6,102.4,104.5,106.9,114.1,126.9,100.5,101.7
8,1990,106.9,108.1,109.2,111.4,117.3,110.8,102.6,112.3,116.2,111.4,140.6,105.2,106,106.3,96.9,107.6,102.8,107.8,107.2,104.3,102.2,104.1,107,114.1,127.9,99,100.9
9,1990,106.9,108,108.9,110,117.2,110,102.5,112.2,116.9,111.7,142.2,106.2,105.4,106.7,96.9,107.7,102.5,108.2,107.9,104.5,102.4,104.7,106.5,112.3,128.6,99.3,100.6
10,1990,106.1,106.9,107.7,107.6,116.3,108.6,102.1,110.7,115.6,110.6,140.6,105.3,103.8,106,96.9,106.5,100.8,107.7,107.4,103.5,101.1,103.8,105.1,109.7,128.3,97.8,99.6
11,1990,108.3,107.8,109,107,119.2,107.6,104.7,109.5,116.7,111.1,139.3,104.6,104.4,106.4,98.8,106.5,100.1,108.4,107.9,103.6,101.1,103.9,104.7,110,128.1,97.5,102.7
12,1990,108.1,108.5,110.5,107.5,120.7,107.6,107.9,109.8,116.8,111.1,137.6,104.8,105.4,107.1,100.9,106.6,100.8,107.8,107.5,103.8,101.3,103.9,104.4,110.9,127.5,97.9,103.4
1,1991,107,107.7,110.2,106.8,119.7,106.8,108,109.7,116.7,110.3,136.1,104.4,104.9,106.5,100.7,105.5,100.6,106.8,105.9,102.6,99.9,102.5,103.4,110.1,126.6,97.1,102.2
2,1991,105.7,107.4,110.7,108,118.9,105.4,108.5,108.7,118.5,109.7,135.3,104.6,104.9,106.2,100.2,104.9,99.8,106.8,105.2,102,99.3,101.8,104.2,108.8,125.8,95.9,100.8
3,1991,107.6,108.9,112.2,109.8,120.1,107.6,109.6,113.4,119.7,111.3,137,106.6,106.8,107.4,100.8,106.2,103.4,107.4,105.9,103.3,100.3,103.1,105.2,110.5,126,98.5,102.9
4,1991,108.3,109.1,112.3,109.5,120.5,107.2,110.3,115.6,118.3,111.7,136.7,107.6,106.7,107.5,101.4,106.4,105.2,107.3,105.9,103.3,100.2,103.4,105,110,125.7,99.2,103.6
5,1991,108.4,109.5,113,109.8,121.6,107.7,111.1,116.4,119.2,112,137.3,108.3,107,107.8,101.8,106.4,105.8,107.4,105.7,103.3,100.1,103.3,105.1,110.2,125.7,99.5,103.8
6,1991,109.1,110.1,113.8,110.2,122.3,108.2,111.9,119,120.5,112.7,137.9,109.1,107.7,108.3,102.3,106.8,107.5,107.5,105.6,103.6,100.2,103.5,105.2,110.8,125.7,100.7,104.5
7,1991,108.8,109.8,113.4,109.3,122.2,108,111.4,118.6,120.4,112.3,137,109.3,107.1,108,102.1,106.6,108.4,107,105.5,103.7,100.1,103.4,104.7,110.2,125.2,100.8,104
8,1991,109.8,109.8,113.3,109.3,123.1,108,111.1,117,120.5,112.2,135.9,108.5,106.9,107.4,101.8,106.4,107.4,106.9,105.7,103.5,100,103.2,104.5,110.2,124.6,100.1,105.3
9,1991,108.3,108.8,112.4,108.3,122.2,107.2,110.9,115.2,117.9,111.3,135.1,107.7,106.1,107.1,101.8,105.6,105.7,106.3,105.2,102.8,99.4,102.6,103.7,109,124.2,98.9,103.9
10,1991,108.5,108.4,111.7,107.2,122.5,106.4,110.3,114.4,117.3,111.1,134.9,108.2,105.4,106.7,101.6,105,105.2,106.2,105,102.1,98.6,102.1,102.8,107.3,123.6,98.2,104
11,1991,106.6,107.4,111,106.5,121.4,105.4,109.9,112,116.4,109.9,133.8,107.1,104.5,105.9,101.3,104,103.2,105.2,104.2,101.4,98.1,101.4,101.9,106.4,122.2,96.8,102.3
12,1991,106,106.8,110.1,105.8,120.7,104.6,109.3,109.8,114.9,109.1,132.8,106.2,104,105.1,100.9,103.8,101.9,104.5,104.6,101.5,98.7,101.9,101.3,105.8,121.1,96.3,102.1
1,1992,105.9,106.7,109.2,104.4,119.5,103.6,109,111.1,112.6,108.8,132.1,105.9,103.4,104.4,100.7,104.5,102.1,104.2,104.8,101.7,98.5,102.5,102.1,107.1,127.9,96.5,102.3
2,1992,106.7,107.5,109.7,105.1,119.6,104.2,109.4,112.6,113.4,109.4,132.6,106.7,104.1,104.8,101,105.6,103.1,104.2,106.1,102.9,100.1,104.2,102.9,108,127.6,98,103.6
3,1992,108.4,109.1,111.8,106.5,120.4,106.1,110.1,115.1,121.7,110.5,133.4,107.4,105.3,105.4,101.6,106.7,104.6,104.8,107.2,104.1,101.5,105.5,103.9,109.6,128,99.7,105.5
4,1992,107.9,108.7,111.5,106.1,120.6,105.9,109.9,114.7,121.1,110.1,132.7,107.1,104.9,104.9,101.4,106.3,104,104.4,106.7,103.5,101,105.1,103.6,109.3,127.8,98.8,105.2
5,1992,107.1,108.3,110.9,105.2,120.8,105.5,109.5,114,119.7,109.6,132.4,106.7,104.4,104.8,101.1,106.3,103.4,104.3,106.8,103.4,101.1,105.2,103.7,109.1,129.3,98.1,104.2
6,1992,106.5,107.7,110.2,104.5,121.1,105.1,108.9,112.1,118.1,109.1,131.8,105.9,103.9,104.6,100.7,105.8,102.3,104.2,106.5,102.9,100.5,104.7,103.5,108.4,129.7,97.1,103.4
7,1992,105.1,106.9,109.4,104.3,120.5,104.9,108,109.6,116.8,108.1,130.5,104.7,103.1,103.8,99.9,105.3,100.5,103.5,105.9,102.3,100.1,103.9,103.3,108.6,131,95.6,102.1
8,1992,104.6,106.8,109.1,104.4,119.9,104.8,107.6,108.7,116.3,107.6,129.8,104,103,103.3,99.7,105.6,99.9,103.2,105.9,102.5,100.2,104,103.8,109.6,133.9,95.2,101.7
9,1992,105.5,107.5,109,103.2,119.5,104.5,108,109.7,116.5,108.2,130.3,104.7,102.9,103.5,100.1,107.1,100.8,103.5,107.5,103.6,101.3,105.8,104.9,110.4,140.5,97,102.9
10,1992,107.3,108.6,109.5,103.2,119.6,105.1,108.5,111.3,117.3,109.4,131.3,106,103.6,104.3,100.9,108.4,102.8,104.3,109.2,105,102.7,107.5,105.6,110.7,141.4,100.3,104.8
11,1992,109.7,109.9,110.7,104.3,120.7,106.4,109.7,114.2,118.3,111,132.8,108,105.1,105.4,102,109.4,105.4,104.9,110.6,106.6,104.3,109.3,105.6,110.8,137.2,103.3,107.4
12,1992,109.5,110,111.1,104,121.4,105.8,111.2,113.6,117.9,110.9,132.3,108,105.2,105.7,103.3,109,105.3,104.6,110.4,106.5,104.4,109.3,104.9,110.1,134.8,103.2,107.7
1,1993,110,110.1,110.8,104.2,120.7,106.2,110.6,114.5,117.7,111.1,132.3,108.7,105.3,105.5,103.1,109.4,106,104.4,110.8,107,105,110,105,110.4,134.1,104.2,108.3
2,1993,110.1,109.6,110.4,103.1,120.5,105.7,110.1,115.1,117.8,111,132,108.7,104.9,105.3,103.1,108.5,106.4,103.8,110,106.3,103.9,109,103.8,108.5,132.4,104.9,108.2
3,1993,109.9,108.9,109.7,101.9,120,105,109,114.9,118.4,110.6,131.6,109,103.9,104.7,102.4,107.8,107.2,103.4,109.4,105.7,103,108.3,102.9,106.8,131.4,104.4,107.4
4,1993,108.7,107.8,108,100.3,118.8,103.4,107.6,112.7,115.1,109.6,131.1,108.2,102.8,103.8,101.4,107.2,105.4,102.9,109.5,105.2,102.9,108.4,102,105.1,131.1,102.6,106
5,1993,108.7,107.6,107.4,99.8,118.5,103,107.2,112.8,113.3,109.7,131.6,108.3,102.6,103.8,100.9,107.2,105.6,103.1,109.8,105.3,102.9,108.7,102,104.8,131.5,102.4,106
6,1993,109.2,107.2,106.7,98.9,118.7,101.3,106.7,113.1,111.8,109.6,131.3,108.3,102.3,103.8,100.6,106.8,106.3,102.8,110,105.3,103,109,100.9,102.8,127.1,103.2,106.4
7,1993,109.8,107.3,106.8,99.1,118.8,101.8,106.5,113.9,111.9,110,131.9,109.1,102.6,104,100.8,106.5,107.6,102.6,110.1,105.4,103.1,109.2,100.3,101.6,123.2,104,107
8,1993,110,107.1,106.4,98.3,118.9,103.1,105.9,113.5,111.7,110.2,132.9,110.1,102.2,104.1,100.7,106.4,107.6,102.5,111.1,105.7,103.9,110.1,99.5,99.8,121.1,104.6,107.1
9,1993,109.1,106.7,105.8,98.5,117.7,103.2,105.1,110.7,111.4,109.6,132.6,109,102,103.5,99.9,106.2,105.4,102.3,111.3,105.8,104.6,110.3,99.2,99.9,119.2,103.9,106.5
10,1993,109.6,106.9,106,99.2,117.4,103.8,104.7,110.9,112.2,109.9,133.4,109.5,102.4,103.6,99.7,106.3,105.6,102.5,111.7,106.2,105.2,110.8,99.1,99.9,116.5,104.8,107.1
11,1993,110.1,106.9,106,99.7,117.1,104.4,104.3,111.9,112.1,110.2,133.5,109.9,102.6,103.7,99.4,106.2,106.5,102.4,111.4,106,105,110.5,99,99.7,114.7,105.2,107.4
12,1993,109.8,106.6,105.5,99.7,116.4,104.5,103.5,110.6,111.5,109.7,132.8,109.8,102.5,103,98.7,106,106.5,101.6,111.7,106.2,105.6,111,98.5,99.3,112.1,105.1,107.5
1,1994,113,113,117.8,101.4,132.3,105.3,130.9,115.9,111.6,113.9,132,113.3,107.8,112.2,117.9,107.4,108.5,104.3,111.9,107.2,106.2,111.5,98.4,102,116.6,106.4,114.4
2,1994,113.1,112.7,116.8,99.6,134.2,105.2,129.5,115.7,109.8,113.8,131.9,113.5,107,112.3,116.8,107.5,108.5,103.9,113,107.6,107.1,112.8,97.9,100.5,116.8,106.9,114.3
3,1994,113.6,113.2,116.9,99.8,135.7,106.4,128.9,115.4,109.5,114.5,132.9,113.8,107.3,113.5,116.3,108.7,108.5,105.3,114.5,108.5,108.4,113.9,99.3,101.3,118.8,107.4,114.3
4,1994,114.1,113.5,116.9,99.5,139.6,107.5,128.1,115.9,108.7,115.2,133.7,115.2,107.4,114.3,115.5,109,109.4,105.7,115.3,108.8,109.1,114.7,99.5,100.9,118.6,107.6,114.3
5,1994,112.8,112.5,115.6,99.1,137.8,106.8,126.3,114,107.5,114,132.5,114.3,106.5,112.9,114.1,108.3,108.1,104.7,114.7,108.2,108.8,114.2,98.9,100.2,117.1,106.6,113.2
6,1994,111.8,111.9,114.9,99.3,135.1,106.5,125.2,112.7,106.7,113.5,132.3,113.8,106.1,112.6,113.3,108.1,107,104.6,114.6,108.1,108.9,114.1,99.1,100.1,116.8,106.3,112
7,1994,110.8,110.6,113.1,97.9,133,105.5,123.2,110.6,104.7,112.4,131.3,112.9,104.8,111.6,111.8,107.3,105.2,104.1,114.1,107.3,108,113.2,98.5,99,117.1,105.3,110.6
8,1994,110.3,110.1,112.1,97.9,131.7,105.4,121.6,110.1,103.3,111.9,130.9,112.3,104.4,110.8,110.5,107.2,105,103.6,113.8,107.1,108,113.1,98.5,99.3,117.2,105.2,110.1
9,1994,109.1,109,110.9,97.3,130.5,104.8,119.7,109,102.3,111,130.4,111.3,103.5,109.8,109.1,106.2,104.1,102.9,112.6,106,106.7,111.7,97.9,98.6,116.5,104,108.6
10,1994,108.1,108,109.6,96.8,128.3,104.1,117.8,107.4,101.2,110,129.3,110.3,102.6,108.7,107.8,105.6,102.8,102.2,112.2,105.5,106.3,111.3,97.5,97.9,115.5,103,107.4
11,1994,108.1,107.6,108.6,96.5,126.7,103.8,116.4,107.7,99.7,109.7,128.6,110.1,102.2,108.2,106.9,105.6,103,101.7,112.4,105.6,106.6,111.6,97.4,97.6,114.6,103.5,107.3
12,1994,110.4,109.4,109.8,99.2,126.6,106.7,116.4,109.1,100.3,112.2,131.4,112.3,103.9,111.1,106.6,107.9,104,105.1,114.9,107.5,108.9,113.6,100.8,100.3,116.5,105.6,108.5
1,1995,114.6,113.3,113.1,104.1,129.8,112.7,117.8,110.2,102.3,117.6,138,116,107.1,118.7,106.9,112.5,104.4,113.6,119.7,110.7,112.4,116.3,108,106,123.6,108.1,109.7
2,1995,113.7,112.4,112.1,103.5,128.5,111.9,116.5,108.9,101.5,116.8,137.4,115.2,106.4,117.8,106.1,111.7,103.5,113.1,118.9,110,111.6,115.4,107.3,105.4,122.9,107.4,108.7
3,1995,113.9,112.4,111.6,102.7,128.7,112.2,115.7,106.6,101,117.5,139,115.5,105.8,119.8,105.3,112.1,101.9,115.7,119.9,109.9,111.5,115.1,108.4,104.8,125.6,107,107.4
4,1995,109.9,108.1,107.3,97.2,124.9,106.7,112.4,103.5,97,113,134.3,112.1,101.6,114.3,103.1,107.6,99.5,110.1,115.7,106.2,107.4,111.6,102.5,98.6,120.2,103.9,104.4
5,1995,108.2,106.2,105.2,95.8,122,104.9,109.9,102.9,95.3,110.8,131.9,110.6,100.2,111,101.1,105.7,98.9,106.9,113.8,104.9,106.1,110.4,99.9,96.6,115.6,102.9,103.4
6,1995,108.3,106.1,104.8,96,121.2,105,109,102,94.7,110.9,132,111,100.1,111,100.5,105.9,98.3,107.1,114.5,105.3,106.8,111.1,100.1,96.3,114.2,103.1,103.3
7,1995,107.2,105.3,104.2,96.4,120.1,104.6,108.1,100.9,94.3,109.9,131,109.9,99.8,109.6,99.7,104.9,97.5,105.8,113.3,104.6,106.2,110,99.1,96.1,111.5,102.3,102.6
8,1995,108.4,106.4,105.4,99.2,120.3,106.5,108.5,102.2,95.3,110.9,131.9,110.6,101.6,110.1,100,106.1,98.9,106.2,114.1,105.8,107.7,111.2,100.5,98.5,110.6,103.5,104.1
9,1995,108.8,107,105.9,100.9,119.4,107.3,108.4,102,96,111.2,132,110.7,102.5,110,99.7,106.7,99.4,106.6,114.3,106.4,108.5,111.6,101.4,100.1,110,103.9,104.7
10,1995,109,107.3,106.2,101.8,119.7,108.2,108.2,100.8,96.7,111.7,132.8,111,102.9,110.8,99.5,107.1,98.8,107.8,114.8,106.6,108.9,111.6,102.2,101,110.4,103.7,104.5
11,1995,110.6,108.8,107.7,104.3,120.9,110.8,108.7,101.5,97.8,113.9,135.7,112.6,104.4,113.7,99.6,108.8,99,111.1,116.5,107.9,110.2,112.5,105,103.5,112.4,104.8,105
12,1995,110.6,108.5,106.9,103.5,120.9,110.3,107.9,101.8,96.8,113.5,135.2,112.6,104.1,112.9,99.1,108.8,99.6,110.2,116.8,108.1,110.6,113.3,104.4,102.8,111.5,105.2,105.2
1,1996,110.6,108.6,107,104.4,120.1,110.4,107.7,101.8,96.9,113.1,134.4,112.5,104.4,111.8,99.3,108.9,100.3,109.1,116.7,108.5,111.1,113.7,104.2,103.5,110.2,105.6,105.9
2,1996,110.4,108.3,106.5,104,120,110,107.3,101.9,96.3,112.7,133.7,112.1,104,111.2,98.8,108.8,100.4,108.3,116.7,108.5,111.4,114,103.8,103.2,109.6,105.7,106
3,1996,110.3,108.2,106.5,104,120.1,110,107.3,102.1,96.2,112.6,133.7,111.7,104.1,111.1,98.7,108.5,100.2,108.2,116.3,108.2,111.1,113.6,103.6,103,109.3,105.5,105.9
4,1996,109.9,107.8,106.1,103.6,119.5,109.5,106.9,102.5,95.9,112,132.9,111.4,103.8,110,98.3,108,100.3,107.1,115.7,107.8,110.7,113.4,102.8,102.5,108,105.5,105.9
5,1996,109.9,107.4,105.5,102.8,119.2,108.9,106.4,103.3,94.9,111.7,132.5,111.4,103.4,109.5,97.9,107.8,100.8,106.4,115.7,107.7,110.7,113.7,102.2,101.7,107.6,105.6,106
6,1996,109.9,107.7,105.8,103.9,119.4,109.5,106.3,103.3,95,111.8,132.6,111.3,104,109.5,98.1,108.1,100.9,106.6,115.8,108,111,113.9,102.9,102.7,107.6,105.3,106
7,1996,109.7,107.6,105.6,104.2,119.4,109.8,105.9,102.6,94.6,111.7,132.5,111.1,104,109.4,98.1,108.3,100.6,106.5,116,108.2,111.4,114.1,103.3,103.1,107.8,105.3,105.9
8,1996,109,106.9,104.6,103.1,118.3,108.6,105,101.6,93.7,110.9,131.7,110.5,103.3,108.3,97.5,107.8,100,105.7,115.6,107.8,111.1,113.9,102.5,102.4,107.4,105,105.5
9,1996,109.2,107.1,104.8,103.6,118.2,108.9,105,102.3,94.1,111,131.7,110.6,103.5,108.1,97.5,108,100.4,105.7,115.7,108,111.3,114.2,102.8,102.9,107.3,105.1,105.9
10,1996,109.5,107.4,105.3,104.7,118.3,109.6,105.1,103.2,94.9,111.3,132,110.7,104,108.4,97.7,108.1,100.8,106.1,115.4,107.9,111.1,113.8,103.4,103.8,107.5,104.9,106.1
11,1996,109.1,107.3,105.5,105.1,118.6,109.8,105,103.2,95.3,111.1,131.8,110.3,103.9,108.4,97.6,107.8,100.3,106.4,114.8,107.4,110.5,113.1,103.6,104,107.4,103.7,105.4
12,1996,109.4,107.4,105.3,104.9,118.4,109.4,104.6,104.4,95.3,111,131.4,110.5,104,107.7,97.5,108.2,101.3,105.7,115.4,108,111.5,114.3,103.5,103.9,106.6,104.4,106.2
1,1997,109.8,107.8,105.7,106,118.4,110,104.7,105.9,95.8,111.3,131.7,111,104.6,107.3,97.8,108.4,102.5,105.2,115.1,108.3,111.6,114.4,103.6,104.9,106.1,104.9,107
2,1997,111,108.7,106.4,107.6,118.5,110.8,105.1,108,96.5,112.1,132.5,112,105.7,107.5,98.4,109.5,104.6,105.4,115.9,109.4,112.8,115.7,104.6,106.5,105.8,106.5,108.8
3,1997,111.9,109.4,106.8,108.3,118.8,111.4,105.4,108.9,96.3,112.9,133.2,112.8,106.4,108.3,99.3,110.3,105.4,106.1,117,110.3,113.9,116.9,105.6,107,106.4,107.6,109.7
4,1997,112.1,109.5,106.6,108,118.3,111.1,105.2,109,96.1,112.8,133.1,112.9,106.4,108,99.1,110.7,105.5,105.9,117.7,110.9,114.9,118,105.6,107,106.1,107.9,110.1
5,1997,111.2,108.3,105.4,105.9,117.8,109.6,104.5,108.3,94.9,111.9,132.2,112.2,105.1,107.3,98.6,109.3,104.7,105,116.5,109.6,113.1,116.6,103.9,104.5,105.3,106.7,108.8
6,1997,111.2,107.9,104.9,104.5,118,109,104.3,108.9,94.1,111.8,131.9,112.5,104.4,107.1,98.4,108.9,105,104.7,116.4,109.3,112.5,116.5,103.2,103,105,106.5,108.7
7,1997,111.8,108.3,105.3,104.7,119,109.1,104.7,110.6,94.7,112.4,133,112.9,105.3,107.7,99,109.2,106.1,105.2,116.5,109.7,112.7,116.8,103.1,103.2,104.6,106.8,109.4
8,1997,113.1,109.5,106.4,105.6,120.2,109.7,105.6,112.6,96.3,113.6,134.7,113.9,107,108.5,99.6,110.3,107.5,106.3,117.7,111.2,114.1,118.3,103.7,104.1,104.9,108.6,110.9
9,1997,113,110,107.1,106.3,121.2,110,106.1,111.9,98,114,136.3,113.4,108.4,109.3,99.9,110.7,106.6,107.5,118.1,111.8,114.6,118.5,104,105.1,105.1,108.3,110.8
10,1997,113.2,110.6,108.1,107.1,122.4,110.3,107.1,112.2,99.3,114.7,137.7,113.3,110.1,110.3,100.5,111.1,105.9,109.1,118.7,112.6,115.2,118.9,104.5,105.4,105.5,107.9,110.8
11,1997,114.8,112.7,110.1,111.5,123.8,112.8,108,111.9,101.2,116.7,139.6,114.5,112.5,112.7,103.2,113.6,106.4,111.6,121.3,115.2,118,121.3,108.5,109,107.3,108.7,112.3
12,1997,117.3,116.1,113.8,117.8,128.8,114.8,110.5,115.3,104.6,120.4,143.8,115.8,119.5,116.7,110.6,116.7,109.4,115.7,124,119.1,120.7,124.2,113.5,112.3,108,110.3,115.5
1,1998,119.5,119.1,117.5,120.4,135.5,115.6,114.5,120.3,108.7,124.1,149.3,116.8,127.1,121.4,114.2,118.8,111,121.1,126.2,122.6,122.6,126.3,115.8,113.5,108.6,111.9,117.5
2,1998,118.5,117.7,115.8,118.4,132.9,115,113.1,118.6,106.5,122.6,146.8,116.6,123.6,119.6,112.2,117.6,110.4,118.8,125,120.6,121.2,125,114.6,112.2,108.6,111.3,116.5
3,1998,117.9,117.1,115.3,117.5,132.1,114.7,113.1,118.8,105.5,121.8,145.5,116.3,122.7,118.4,110.1,116.9,110.4,117.9,123.8,119.7,120.4,123.9,113.4,112.1,108,110.7,116
4,1998,117.5,116.3,114,116.8,129.1,114.3,111.8,117.3,104.1,120.5,143.7,115.9,120.3,116.4,108.6,116.7,109.9,115.9,123.8,119.3,121,124.4,112.6,112.4,107.6,110.8,116
5,1998,118,117.3,115.2,118.1,130.7,115,113,117.3,104.9,121.3,144.8,116.1,122.4,117.4,109.1,117.7,109.6,117.5,124.9,120.7,122.3,125.3,113.6,113.8,108,111.3,116.6
6,1998,120,119.7,117.7,120.9,134.5,117,115.5,119.7,106.8,124,148,117.5,126.7,120.3,110.1,120,111,121.1,127.1,123.6,125,127.6,116,116.8,109.3,112.7,118.5
7,1998,120.3,119.7,117.3,119.9,133.6,116.9,115.2,120.6,106.5,123.9,148.6,118.1,125.9,119.7,108.7,120.4,110.9,121.1,127.9,123.9,126,128.6,115.4,116.7,109.6,113.6,118.9
8,1998,122.1,121.1,117.8,122.1,132.4,118.9,114.9,120.2,107.2,125.1,150.1,119.5,126.1,120.5,109.6,122.8,111.6,122.2,130.8,126.1,129.2,131.8,118,119.8,111.9,115.6,120.7
9,1998,121.9,121.2,117.4,121.6,131.4,118.9,114.3,119.1,107,125.5,150.8,119.2,124.5,121.7,110.3,123.7,110,123.8,131.3,125.6,127.9,131.1,120.8,121.2,120.7,114.3,119.2
10,1998,120,118.4,113.9,116.5,127.6,115.9,111.7,115.3,103.8,122.7,147.6,117.9,119.3,119.1,108.9,121.5,108,120.4,130.3,123.2,125.9,130.1,117.7,116.4,120.8,113,116.9
11,1998,119.5,117.3,112.7,114.8,126.3,114.6,111,115.3,102,121.3,144.5,117.6,117.6,117.3,108.1,120.4,108.6,117.9,129.1,122.1,124.9,129.4,115.9,114.8,119.2,113.1,116.8
12,1998,118.7,116.3,111.4,112.3,125.6,113.1,110.3,114.6,100.7,120.1,143.1,117,116.1,115.8,106.6,119.6,108.4,116.5,128.5,121.5,124.3,129.1,114.2,113.4,119.6,112.6,116.1
1,1999,119.9,117.4,114.6,110.9,127.2,114.2,110.8,117.1,119.7,120.7,142.9,117.2,116.1,115.8,106.2,119,108.5,116.7,127.9,120.7,122.9,128,113,111.9,119.7,112.6,116.9
2,1999,121.3,118.2,115.5,112,128.7,114.9,111.2,119,121,121.5,143.7,118.1,117,115.7,106.9,119.3,110.3,116.8,127.8,120.9,122.8,127.9,113.2,112.8,119.3,113.3,118.6
3,1999,122.4,119.3,116.4,113.4,129.6,115.6,112,120.8,122.2,122.5,145.1,119,118.4,116.1,108.3,120.4,112.1,117,128.9,122.3,124.2,129.5,114.1,113.9,119.5,114.6,120.2
4,1999,121.5,118.7,116.3,112.7,129.2,115,112.4,121.8,122.4,121.7,143.8,118.8,117.7,115.3,108.5,119.5,113,115.5,127.3,121.3,122.8,128.1,112.9,113.1,119.2,114.3,119.6
5,1999,120.9,118.2,116.3,112.9,128.8,114.9,112.1,121.4,122.9,121,142.7,118.3,117.1,114.5,108.4,118.5,113,114.4,125.8,120.1,121.6,126.7,112.1,112.9,118,113.5,119.1
6,1999,121.9,118.4,116.2,112.7,129,115.2,111.9,122.2,122.7,121.5,143.2,119.4,116.6,114.5,108.3,118.8,114,114.5,126.3,120.3,121.8,127.2,112.1,112.8,118.1,114.5,119.9
7,1999,122.4,118.7,116.3,112.8,128.9,115.3,111.9,122.3,123.3,121.7,143.4,119.8,116.7,114.4,109.1,119.3,114.7,114.1,127.1,121,122.7,128.3,112.2,112.7,118,115.6,120.7
8,1999,121.9,118.3,116,110.9,129.8,114.2,112.1,121.7,123.6,121.5,143.7,119.4,116.5,114.7,109,118.7,113.7,114.6,127.1,120.6,121.9,127.8,111.1,110.9,118.3,114.6,119.8
9,1999,121.9,118,116,109.3,131.1,113.2,112.7,123.1,123.9,121.7,144.4,119.3,116.7,115.2,109.4,118,113.9,114.8,126.5,120.1,120.6,127,110,108.9,118.5,114,119.3
10,1999,121.7,117.6,115.5,109,130,113.1,112.1,121.3,123.6,121.3,144.1,119,115.6,114.9,109.3,117.7,112.9,114.6,126.5,119.6,120.3,126.8,110,108.6,118.8,113.4,118.7
11,1999,122,117.4,115.1,108.2,129.6,113,112,122.8,123.4,121.1,143.8,119.3,115,114.2,109.1,117.5,114.2,113.7,126,119.4,119.8,126.6,109.2,108.1,118.7,114.1,119.1
12,1999,121.8,116.9,114.5,106.7,129.1,112.3,111.8,123.6,122.4,120.7,143.2,119.4,114.1,113.5,108.5,117.1,114.9,113,125.7,119.1,119.5,126.6,108.3,107,118.5,114.3,118.9
1,2000,116.4,114.4,112.1,102.6,122.6,112.5,112,123.6,117.8,114.9,119.7,117.1,111.9,113.2,108.4,115.4,114,111.8,121.1,116.7,118.7,124.3,108.1,106.7,118.2,112.6,117.9
2,2000,117.6,115.6,113.2,104.1,123.2,113.7,113,125.8,118.9,116,120.4,118.4,113.3,113.7,109,116.7,116.1,112.7,121.8,117.9,119.9,125.4,109.1,108.7,118.8,114.2,119.6
3,2000,118.3,115.9,113.4,103.4,123.7,113.7,113.7,127.4,119.1,116.4,120.6,119.1,113.4,114,109.6,117,117.3,112.8,122.3,118.4,120.2,126.1,108.8,108.1,119,115.2,120.4
4,2000,118.8,116.2,113.5,103,124.1,113.7,114,128.4,118.7,116.8,120.8,119.7,113.7,114.4,109.8,117.3,118,113.2,122.9,118.9,120.7,126.8,108.9,107.8,119.2,115.7,120.9
5,2000,121.3,118,114.9,104.5,125.7,115.4,115.2,131.5,120,118.9,122.8,121.7,116,116.1,110.9,119.3,120.6,115,124.9,121,122.7,129.2,110.4,109.4,119.8,118.5,123.5
6,2000,120.5,117.8,115.2,104.8,126.5,115.8,115.7,129.3,120.1,118.8,122.9,121.2,116.1,116.8,110.9,118.8,119,115.8,124.2,120.4,121.9,127.8,110.5,109.4,120.3,117.4,122.2
7,2000,120.5,118,115.6,104.9,126.7,115.9,116,129.7,121.4,118.7,123.1,121.1,116.8,116.5,111.1,118.8,119.5,115.5,124.1,120.7,122.1,128,110,109.4,119.3,117.7,122.6
8,2000,120.8,117.7,115,104.3,126,115.4,115.5,131,120.3,118.5,122.6,121.5,116,115.7,111.2,118.6,121.2,114.4,124,120.6,122,128.3,109.4,108.8,118.6,118.5,123.2
9,2000,122.4,118.7,115.7,104.3,127.4,115.9,116.4,133.2,120.9,119.7,123.6,122.9,117,116.6,111.8,119.6,123.1,115.5,124.9,121.7,122.8,129.4,109.7,109,119.1,120.3,124.8
10,2000,124,120.2,116.9,105.7,128.4,117.2,117.3,135,122.6,121.2,125.4,124.1,118.6,118,112.8,121.2,124.6,117.3,126.8,123.5,124.7,131.4,111.3,110.5,119.9,121.7,126.5
11,2000,124.7,120.8,117.2,106.4,128.2,117.5,117.5,134.9,123.3,121.8,125.8,124.5,119.5,118.4,113.6,122.1,124.7,117.9,128.1,124.7,126.2,132.9,112.1,111.1,119.9,122.7,127.5
12,2000,123,120.2,117.4,107.8,127.4,117.2,117.2,131.4,124.3,120.7,124.6,122.9,119.5,117.6,114.1,121.2,122.6,117.1,126.8,123.8,125.3,131.4,112.4,111.6,119,120.6,126.2
1,2001,122.7,120.4,117.4,108.2,125.1,114.1,118.1,129.6,123.8,120.2,120.8,121.6,120.5,117.5,115.1,121.8,121.7,118.1,126.3,123.8,125.9,131,114.6,114.2,119.7,120.7,126.4
2,2001,123.7,121,117.9,108.1,127.4,114.7,118.7,131.1,123.6,120.9,120.7,122.8,120.9,118,115.2,122.5,123.5,118.3,127.1,124.6,126.7,132,114.8,114.2,120,121.9,127.5
3,2001,125.4,122.9,119.8,110.1,131.7,116.9,119.9,132.8,125.3,122.5,122.1,124.1,123.4,119.5,116.4,124.5,125.8,119.4,129.2,126.8,129.5,134.6,116.4,116.6,120.5,123.6,129.8
4,2001,126.2,123.9,121.1,111,135.6,117.7,121,134.5,126.5,123.5,123.2,124.7,125.2,120.4,117.5,125,127.5,120,129.3,127.5,130,135,116.6,117.2,120.2,124,131
5,2001,125.9,123.2,120.5,110.1,133.8,116.4,120.9,135,125.9,123,122.8,124.8,124.5,119.5,117.4,124,127.6,119.3,128.2,126.6,128.6,133.8,115.5,115.9,119.4,123.7,130.7
6,2001,126.5,123.5,121,110.5,134.9,116.7,121.3,136.5,126.6,123.3,123,125.2,124.9,119.7,117.8,124.1,128.9,119.3,127.9,126.6,128.3,133.5,115.5,116,119.2,124.3,131.3
7,2001,126.7,123.8,121.1,111.2,135.4,117.3,120.9,135.8,126.6,123.5,123.4,125.2,125,119.8,117.7,124.5,128.8,119.5,128.3,126.9,129,134,116.1,117,119.4,124.6,131.6
8,2001,125.1,122.3,119.6,109.9,133.8,116.2,119.3,132.1,124.9,121.7,121.5,123.9,122.3,118.3,116.8,123.3,126.7,117.6,127.7,125.5,128.2,133.1,115.2,115.5,119.1,123.2,129.9
9,2001,126.2,123.2,120.2,110.3,135,117,120.1,131.8,125,122.7,122.3,124.8,123.2,119.6,117.4,124.5,126.9,119,129.4,126.8,129.7,134.7,116.1,115.9,120.3,123.7,130.7
10,2001,126.5,123.5,120.4,110.6,135.7,117.2,120.2,131.9,125.3,123,122.5,124.8,124.1,119.8,117.3,124.8,127.2,119.3,129.8,127.3,130.3,135.2,116.3,116.4,120,124.1,131.2
11,2001,126.6,123.6,120,110.4,133.1,116.6,120,132.3,125.6,122.9,122.3,124.9,124.2,119.1,117,125.3,127.3,118.9,130.7,128.1,131.6,136.9,116.3,116.4,119.5,125.3,131.9
12,2001,125.6,123.2,119.9,111.7,130.6,116.3,119.7,131.2,126.1,122.1,121.3,123.8,124.1,118.1,116.8,125,126.8,118.3,129.6,127.7,131.1,135.9,116.6,117.4,119.1,124.5,131.1
1,2002,126.7,124.1,120.4,113.6,128.6,116.9,120,131.1,126.6,122.7,121.4,124.4,125.1,118.2,117.5,126.2,127.4,118.6,130.9,129,132.9,137.5,118,119.4,118.9,125.8,132.6
2,2002,127.5,124.5,120.8,114.3,128.3,117.2,120.4,132.3,127,123.1,121.6,124.9,125.5,118.3,118,126.5,128.4,118.8,131,129.2,133,137.6,118.4,120.1,119,126.4,133.3
3,2002,127.1,124.1,120.6,113.8,127.9,116.9,120.6,131.7,126.8,122.8,121.1,124.6,124.8,118.1,118.3,125.9,128,118.3,130.4,128.5,132.1,136.8,117.9,119.3,119,125.9,132.7
4,2002,126.8,124,120.6,114,127.1,116.8,120.8,131,126.4,122.6,120.9,124.6,124.5,118,118.6,125.8,127.5,118.2,130.2,128.2,131.9,136.4,118,119.5,119.2,125.4,132.3
5,2002,125.7,122.8,119.9,112.5,128,116.5,120.4,129,125.3,121.7,120.1,123.7,122.7,117.8,117.2,124.2,125.6,117.9,128.6,126.2,129.5,133.8,116.6,117.8,119.2,123.5,130.1
6,2002,124.8,122.1,119.7,111.5,129.5,116.4,120,127.1,125.2,121.1,119.8,123,121.7,117.8,116.2,123.1,124,117.7,127.5,124.6,128.1,132,115.8,116.8,119.5,121.9,128.6
7,2002,124,121.3,119,109.6,130.9,115.7,119.7,125.5,124.4,120.5,119.5,122.6,120.6,117.6,115.2,122.3,122.4,117.5,127.3,123.9,127.4,131.4,114.5,115.3,119.5,120.5,127.4
8,2002,125.4,122.3,119.8,110.4,131.2,116.3,120.3,126.7,125.8,121.6,120.4,123.6,121.6,118.3,116.1,123.5,123.4,118.4,128.7,125.2,128.8,133,115.5,116.2,120.2,121.8,128.9
9,2002,126.2,123.1,120.5,111.6,131.5,117.1,120.9,126.6,126.9,122.3,121,123.9,122.5,119.2,116.7,124.4,123.4,119.3,129.7,126,129.8,133.8,116.6,117.4,121.1,122.1,129.6
10,2002,127.1,124.1,121.6,113.3,132,118,121.5,126.5,128.7,123,121.5,124.1,123.9,119.8,117.7,125.2,123.6,120.2,130.3,126.8,130.7,134.4,117.8,119,121.3,122.6,130.8
11,2002,125.5,122.8,120.5,112.3,130,116.9,121,125.2,127,121.7,120.4,122.8,122.4,118.8,116.9,123.9,122.3,119.2,128.8,125.4,129.1,132.7,116.7,118,120.6,121.5,129.1
12,2002,124.3,122,119.7,111.7,128.8,116.2,120.3,122.9,126.2,120.7,119.5,121.8,121.5,118.1,116.3,123.2,120.6,118.3,128.3,124.8,128.8,132.2,116,117.4,119.8,120.3,128
1,2003,123.1,121.3,119.7,111.2,129.3,116.2,120.5,120.7,125.7,120.1,119.3,121.2,120.9,118.6,115.6,122.2,119.1,118.6,127.1,123.5,127.3,130.3,115.6,116.6,120.2,118.8,126
2,2003,123.6,122.4,121.7,114.1,130.2,117,122.1,120.9,128.9,121.1,120.3,121.7,122.5,120.2,116.7,122.6,119.1,120.5,126.9,123.5,126.9,129.3,117.7,118,121,118.6,126.1
3,2003,123.3,122.6,122.6,115.2,130.8,117.4,122.8,123.3,130.8,121.6,121.8,122.3,122.9,120.6,117.6,122.3,119.1,121.2,126,123,125.7,128.1,117.9,118,121.1,118.4,125.7
4,2003,121.7,121.4,121.5,114.7,128.7,116.1,122,122.7,128.5,120.1,120.4,121.2,121.7,119,117.1,121.1,118.1,119.4,124.7,122,124.8,127,116.8,117,119.6,117.6,124.5
5,2003,117.4,118,119.1,112.5,125.3,113.1,120.3,118.5,126.4,116.5,117.4,117.5,118.3,115.7,115.3,117.1,113.9,116.3,119.9,117.8,119.9,121.6,113.4,113.9,117.2,113,119.9
6,2003,116.9,117.8,119.3,113.5,124.4,113.2,120.4,118.9,126.2,116.4,117.8,117.3,118.3,115.8,115.3,116.6,113.3,116.8,118.9,117,118.8,120.2,113.7,114.5,117.4,112.1,119.1
7,2003,118.2,118.7,119.7,114,124.5,113.6,120.8,122.1,126.3,117.4,119.4,118.7,119,116.3,115.6,117.8,114.7,117.4,120.4,118.4,120.4,122,114.4,115.1,117.8,113.9,120.6
8,2003,119.8,119.9,120.6,114.8,125.1,114.7,121.6,123.5,127.5,118.8,120.5,119.7,120.1,117.6,116.1,119.2,116.1,118.9,121.9,119.6,121.7,123.4,115.7,116.2,119,115.6,122
9,2003,118.8,118.9,119.9,113.5,124.3,113.8,121.4,122.4,125.8,117.9,119.7,118.8,118.9,117.2,115.6,117.8,115.1,118.4,120.2,118.1,119.7,121.4,114.6,114.8,118.8,114.2,120.4
10,2003,116.5,117.1,118.9,111.9,124.4,112.6,120.6,120.5,124.6,116.4,118.8,117.1,117.1,116.6,114.7,115.6,112.4,117.6,117.9,115.6,116.8,118.4,112.9,112.3,117.9,111.1,117.4
11,2003,115.7,116.5,118.5,111.7,124.1,112.1,120,120.8,124.9,115.8,118.6,116.3,116.5,115.9,114.6,114.7,111.9,116.8,116.9,114.7,115.8,117.3,112.2,111.6,116.9,110.2,116.8
12,2003,114.1,115.3,117.5,110.9,123,111.2,119.2,116.7,123.5,114.5,117.1,114.8,115.4,115.1,113.9,113.6,109.4,116,116.1,113.6,115,116.3,111.6,110.7,116.1,108.2,115
1,2004,112.5,114.1,116.5,109.9,121.1,109.8,118.5,116.1,122.5,113.2,116.4,113.8,114,113.6,113.2,112.3,108,114.7,114.9,112.4,113.9,115,110.1,109.4,114.7,106.6,113.7
2,2004,113.2,114.7,116.6,109.9,121.2,110.1,118.8,116.2,122.4,113.7,117,114.6,114.5,114.1,113.3,113.4,108.5,115.4,116.5,113.6,115.7,116.9,110.7,110,115.2,107.4,114.6
3,2004,114.4,115.6,117.4,110.6,121.5,111,119.7,117.4,123.3,114.5,117.4,115.3,115.6,114.8,113.9,114.3,110,116.1,117.1,114.6,116.5,117.8,111.3,111.2,115.5,108.9,116
4,2004,115.4,116.2,117.6,110.5,122.1,111.5,120,118.1,123.2,115.3,117.9,116.2,116,115.7,114,115.1,110.9,116.8,118.1,115.4,117.4,118.9,112,111.4,116.2,110,116.8
5,2004,117.8,118.8,120.1,113.8,125.8,114.6,121.5,119.6,125.3,117.8,120.1,118.1,119,118.2,115.6,117.9,112.9,119.5,120.9,118.2,120.6,121.6,115.1,115.1,118.3,112,119.3
6,2004,117,118,119.5,112.5,125.9,113.6,121.4,118.9,124.7,117.1,119.4,117.5,118.3,117.7,115.1,116.8,112.2,119,119.8,117.2,119.2,120.3,113.8,113.7,117.7,110.8,118.2
7,2004,115.6,116.8,118.6,112.1,124.2,112.7,120.5,117.1,123.5,115.8,117.8,116.2,117.1,116.7,114.4,115.4,111.2,117.7,117.8,115.5,117.2,118.1,113,112.9,116.7,109.3,116.6
8,2004,115.4,116.5,118.4,111.8,124.1,112.5,120.4,116.7,123.1,115.5,117.1,115.6,117.2,116.3,114.1,115.1,111.5,117.2,117.4,115.4,117,117.8,112.6,112.8,116.3,109.4,116.5
9,2004,114.6,115.8,117.9,111.2,123.9,112.2,120.1,115.5,122.3,114.8,116.2,114.7,116.6,115.9,113.7,114.3,111.1,116.6,116.2,114.4,115.7,116.4,111.8,112.3,115.8,108.8,115.6
10,2004,112.9,114.4,117.1,110.2,123.2,111.1,119.8,112.7,121.1,113.3,114.3,112.9,115.5,115,113.4,112.4,109.7,115.2,113.8,112.4,113.2,113.8,110.4,110.9,114.5,107,113.7
11,2004,110,111.8,115.2,107.6,121.4,108.8,118.6,109,119,110.8,111.9,110.4,112.9,113,111.6,109.3,106.8,113.1,110.4,109.1,109.5,109.9,107.5,108,112.5,103.8,110.4
12,2004,108.4,110.5,113.5,105.9,119.4,107.3,117.4,106.6,116.8,109.2,110.4,109.2,111.4,111.4,109.8,108.4,104.7,111.7,110.1,108.5,109.6,109.9,106.1,106.8,110.9,102.4,109.2
1,2005,109,110.6,113.2,105.5,118.4,107.4,117.2,107.4,116,109.4,110.5,109.5,111.2,111.3,109.5,108.9,105.2,111.7,110.7,109.1,110.4,110.7,106,107,110.9,103.7,109.8
2,2005,109.3,110.9,113.3,105.6,118,107.5,117.5,107.9,115.8,109.5,110.4,109.9,111.6,111.3,109.4,109.4,106,111.6,111.3,109.6,111.2,111.6,106.2,107.5,110.8,104.4,110.5
3,2005,109.1,110.8,113.5,105.7,118.5,107.5,117.9,107.2,115.9,109.3,110.1,109.6,111.6,111.2,109.4,108.9,105.6,111.6,110.6,109.1,110.5,110.7,105.8,107.6,110.4,103.8,110.2
4,2005,110.3,112.1,114.6,106.9,119.7,108.6,119,108.9,116.7,110.5,111.3,110.8,113,112.4,110.4,110.4,107.2,112.6,112,110.7,112.3,112.5,107.1,109.1,111.2,105.3,111.6
5,2005,110.5,112,114.1,106.3,119.1,108.3,118.6,109.7,116,110.5,111.2,111.2,112.7,112,110.1,110.6,107.7,112.2,112.5,111,112.9,113.3,106.9,108.7,111,106.1,112
6,2005,111.1,112.4,114.6,107,119.1,108.5,119,111.7,116.5,111,111.6,111.7,113.4,112.2,110.7,110.7,109.3,112.3,112,111,112.5,113.1,107,109.2,110.8,106.8,112.7
7,2005,111.5,112.8,115,108.4,119,108.9,119.2,112.8,116.3,111.4,112,111.9,114.4,112.3,111.3,111.1,110.1,112.4,111.9,111.5,112.7,113.1,107.7,110.5,110.6,107.7,113.5
8,2005,110.4,112,114.3,108,118.7,108.5,118.3,111.5,115.6,110.6,111.5,111,113.6,111.6,110.3,110.2,109.2,111.9,110.8,110.5,111.5,111.7,107.1,109.8,110.3,106.4,112.1
9,2005,111,112.8,115.8,109.5,120,109.4,119.9,112.9,117.1,111.4,112.4,111.6,114.7,112.7,111.7,110.6,110,113,110.6,110.7,111.2,111.2,108,110.8,111.1,106.4,112.4
10,2005,112,113.7,116.5,111.4,119.5,110.6,120,114.1,118.3,112.2,112.8,112.5,115.3,113,112.6,111.6,111.3,113.3,111.4,111.7,112.3,112.3,109.3,112.6,111.6,107.8,113.6
11,2005,111.5,113.2,115.9,111.4,117.9,110.1,119,114.2,118,111.4,112,111.9,114.8,111.7,111.8,111.2,111.4,112,110.9,111.4,112.2,112.1,108.8,112.6,110.4,107.9,113.6
12,2005,110.2,111.9,114.7,110.2,116.8,109,117.9,112.8,116.8,110,110.5,110.6,113.4,110.3,110.5,109.7,110.2,110.4,109.2,109.9,110.5,110.4,107.2,111.5,109,106.4,112.4
1,2006,109.5,111,113.8,108.6,115.8,108.3,117.4,112,115.9,109.2,109.8,110.1,112,109.5,109.5,108.9,109.3,109.6,108.7,109,109.8,109.8,106,110.2,108.2,105.8,111.6
2,2006,109.5,111.1,113.8,109.2,115.3,108.5,117.4,112.3,115.5,109.1,109.5,110.2,112.1,109.1,109.3,109,109.9,109.2,108.5,109.1,110,109.7,106,110.8,107.7,106.2,111.8
3,2006,110.2,111.6,114.3,109.8,116,109.3,117.9,112.1,115.4,109.7,109.8,110.7,112.6,110,109.8,109.7,110.1,110,109.3,109.9,110.8,110.5,106.8,111.5,108.4,106.8,112.3
4,2006,110,111.7,114.7,110.4,116.3,109.8,118.4,111.4,115.4,109.9,110,110.7,112.5,110.4,109.7,109.6,109.5,110.7,109,109.5,110.3,109.7,107.3,112.1,109,106.2,111.7
5,2006,108.3,110.4,114.2,108.7,117.5,108.8,118.2,109.5,114.8,108.8,109.4,109.5,111.2,110.2,109.1,107.8,107.7,110.3,107.1,107.4,107.8,107.2,105.7,110,108.6,103.3,109.4
6,2006,110,112,115.8,110.8,119.9,110.7,119.2,111.1,116.7,110.6,111.1,110.9,113.2,111.9,110.1,109.3,109.1,112.2,108.4,108.9,109.3,108.4,107.4,112.1,109.8,104.6,110.8
7,2006,109.8,111.9,115.3,110.5,119.1,110.4,118.8,110.7,116,110.1,110.5,110.8,112.9,111.1,109.9,109.5,109.2,111.2,108.8,109.3,110.1,109.2,107.1,112.1,109.2,104.9,111.1
8,2006,108.7,111,114.6,110.1,117.6,109.5,118.3,109.7,114.7,109.1,109.3,109.8,112,110.1,109.8,108.6,108.4,110.1,107.9,108.4,109.2,108.3,106.5,111.3,108.4,103.7,110.2
9,2006,108.4,110.5,113.9,109.7,116.6,109.1,117.4,109.7,114.1,108.6,108.8,109.2,111.5,109.3,108.8,108.3,108,109.5,107.6,108.1,109,108.1,106,111.1,107.9,103.6,109.9
10,2006,108.1,110.2,113.2,109.5,115.2,108.7,116.4,109.5,113.7,108.1,108.2,108.7,111,108.5,108.3,108.2,107.6,108.7,107.6,108.2,109.4,108.4,105.9,111.1,107.3,103.6,109.9
11,2006,106.9,109.2,112.1,108.4,113.9,107.8,115.3,107.8,112.8,107,107.2,107.6,109.9,107.4,107.1,107.4,106.1,107.7,107.1,107.4,109,107.9,105,110.2,106.3,102.6,108.9
12,2006,106.1,108.5,111.2,107.7,112.8,107.2,114.3,105.9,112,106.2,106.5,107,109.1,106.6,106.1,107.1,104.7,107,107.2,107.2,109.4,108.2,104.6,109.8,105.7,101.8,108.3
1,2007,107.4,109.7,111.9,109.3,112.7,108.2,114.5,107.3,112.9,107.1,107.2,108,110.3,107.2,106.7,108.7,106.1,107.7,108.8,108.8,111.4,110.2,106.1,111.6,106.3,103.5,109.9
2,2007,107.3,109.8,112,109.8,112.4,108.5,114.5,107.1,113.1,107.2,107.2,107.9,110.4,107.3,106.8,108.8,106.2,107.9,108.7,108.9,111.3,109.9,106.4,112.1,106.6,103.5,109.7
3,2007,107.5,109.9,112.3,109.7,113,108.6,115,106.9,113.2,107.5,107.5,108.1,110.5,107.9,107.2,108.7,105.9,108.5,108.8,108.8,111.1,109.7,106.6,111.7,106.9,103.5,109.5
4,2007,106.1,109.1,112.1,109.9,112.1,108.2,115,105.5,112.8,106.5,106.5,106.9,110,107.1,107,107.6,104.6,107.7,107.1,107.5,109.6,107.8,106,111.6,106.3,102,108.2
5,2007,105.3,108.4,111.9,110.4,111.2,108.1,114.7,105.4,112.6,105.8,105.7,106,109.4,106.3,106.9,106.6,104.4,107,105.3,106.2,107.9,105.9,105.6,111.7,105.7,101.2,107.4
6,2007,104.9,108.1,111.9,110.9,110.8,108.2,114.5,105.9,112.6,105.5,105.5,105.5,109.6,106.1,106.5,106,104.5,106.8,104.2,105.5,106.9,104.8,105.5,111.9,105.2,100.6,106.9
7,2007,103.3,106.8,110.7,110,109.4,107.1,113.2,104.4,111.6,104.2,104.4,104.3,108.4,104.9,105.2,104.7,102.9,105.6,102.8,104.1,105.4,103.2,104.3,110.7,104,99.1,105.2
8,2007,103.8,106.8,110.2,108.9,110,106.7,112.7,104.9,110.8,104.6,105,104.5,108.2,105.4,105.1,104.8,103,106.1,103.5,104.4,105.5,103.7,104.2,109.6,104.4,99.4,105.3
9,2007,102.2,105.3,109.1,107.9,108.4,105.5,111.5,103.4,109.9,103.2,103.8,102.9,106.8,104.1,104.2,103.1,101.4,105,101.4,102.6,103.2,101.4,102.7,108.3,103.2,97.7,103.4
10,2007,99.6,103.2,107.6,106.8,106,103.9,110.3,101.3,108.3,101,101.6,100.6,104.9,102.1,102.8,100.5,98.9,102.6,98.3,99.8,100.3,98.1,100.6,106.6,100.9,95.2,100.9
11,2007,98.6,102.2,106.5,105.7,105.3,102.7,109.3,99.3,107,100.1,100.6,99.7,104,101.4,102.2,99.6,97.6,102.1,97.7,99.1,99.4,97.3,99.9,105.2,100.3,94.1,99.7
12,2007,99.2,102.4,105.9,105.7,104.4,102.7,108.3,99.2,106,100.3,100.3,100,104.1,101.1,101.8,100.6,97.8,101.9,99.2,100.4,101.2,99.2,100.6,105.7,100.1,95.4,100.6
1,2008,99.1,101.9,104.7,104.6,103.5,102.2,106.9,98.3,104.7,100,99.9,99.9,103.2,100.7,101.2,100.5,97.7,101.4,99.7,100.6,101.4,99.6,100.3,104.6,100,96,100.4
2,2008,98,100.9,103.6,103.8,102.4,101.2,105.4,97.5,103.8,99,99,99,102,99.4,100.1,99.5,97,100.2,98.5,99.4,100.3,98.5,99.4,103.7,98.9,95.1,99.4
3,2008,96.7,99.7,102.2,101.9,102.1,100.1,103.9,94.7,102.4,97.9,98.2,97.7,100.6,98.6,99.6,98.6,95.3,99.5,98.2,98.6,99.6,98,98.4,101.6,98.3,93.8,97.8
4,2008,96.4,99.5,101.8,102.1,101.9,100.3,103.1,94,102,97.5,97.9,97.2,100.6,98.1,99.1,98.7,95.1,99.1,98.4,98.9,100.3,98.3,98.5,102.1,97.7,93.9,97.9
5,2008,96.7,99.8,102.3,103.2,101.8,100.5,103.3,94.9,102.5,97.9,98.1,97.4,101.2,98.3,100.2,98.9,95.9,99.5,98,99,99.9,97.9,99.2,102.9,97.9,94.1,98.1
6,2008,97.3,100.5,102.4,104,101.6,101.2,103,95,102.8,98.4,98.8,98,101.9,98.5,100,99.9,96.6,100,99.2,100.1,101.5,99.4,100,104.2,98.1,95.1,99
7,2008,96.7,99.9,101.7,103.6,100.8,100.7,102.2,94.1,102.1,97.8,98.2,97.4,101.4,97.9,99.2,99.4,95.9,99.3,98.8,99.7,101.2,99,99.4,103.8,97.4,94.5,98.4
8,2008,98.4,101,101.9,104.2,100.3,101.2,102.1,96.4,102.2,98.7,98.9,98.5,102.4,98.2,100.2,101.2,98.1,99.6,100.9,101.9,103.7,101.9,100.6,104.9,98.2,96.8,100.5
9,2008,101,102.6,103.1,105.8,102.3,102.5,102.6,98.8,103.5,100.9,100.6,100.4,104,100.1,102.1,102.9,100.7,101.7,102.5,103.7,104.5,103.1,102.6,106,100.1,99.3,102.5
10,2008,108.5,108,106.3,109.2,107.5,107.2,104,104.2,106.9,107.6,107,106.7,109,106.9,105.8,109.9,105.9,109.3,111.6,111,112.3,112.1,110,109.6,105.8,106.3,108.7
11,2008,109.9,108.4,106.1,108.2,108.5,107.1,103.4,106.7,106.8,108.8,108.3,107.7,110,108,105.5,110.4,106.7,110.6,112.8,111.9,112.7,113.2,110.2,108.4,105.6,108.4,109.5
12,2008,108.2,106.7,104.2,105.5,106.8,105.5,101.6,103.4,105.5,107,106.6,106.1,107.4,106.6,103.7,109,103.4,109.3,112.4,110.7,111.8,112.3,108.6,105.8,105.4,107.4,107.5
1,2009,109.7,108,105.5,106.4,107.9,107.1,102.5,105.5,108.3,108.5,107.9,107.7,108.4,108.1,104.3,110.3,105.3,110.7,113.3,111.6,112.4,113.1,110.1,107,107.8,109.2,108.6
2,2009,112.7,111,108.3,110.1,110.9,110.2,104.5,109.4,111.1,111.7,111.2,110.4,111.8,111.4,106.8,113.5,108.4,114.2,116,114.5,114.9,115.7,114.1,110.8,112,111.5,111.1
3,2009,114,112.5,109.5,112.5,111.6,112.3,105.2,109.1,112.4,112.9,112.1,111.2,113.6,112.6,107.4,115.5,108.8,115.5,118.4,116.7,118.1,118.3,116.2,113.6,112.5,113.4,112.8
4,2009,110,109.2,107,109.3,108.2,109,103.7,106.2,109.8,109,108.7,108,110.1,108.4,104.9,111.4,106.4,110.7,113.6,112.5,113.9,113.8,111.3,110.3,108.6,109.6,109.6
5,2009,106.4,106.3,105.2,106.8,106.4,106.7,102.8,103.6,107.7,106.1,106.3,105.4,107,106,103.1,107.5,103.7,107.9,108.8,108.2,108.9,108.5,107.6,107.3,106.1,105.4,105.8
6,2009,105.6,106.2,105.8,107.7,106.8,107,103.6,102.7,107.8,105.9,106.3,105,107.1,106.4,103.9,107,102.8,108.2,107.9,107.4,108.1,107.3,108,107.8,106.1,103.8,104.9
7,2009,105,105.5,105,106.6,106,106.2,103.2,102.4,106.6,105.2,105.4,104.1,106.2,105.8,103.6,106.5,102.1,107.5,107.4,106.9,107.6,106.9,107.3,106.9,106,103.4,104.3
8,2009,103.4,104.3,104.3,105.5,105,105,102.8,101.2,106,103.9,104.3,102.8,105.1,104.5,103.1,104.9,101.3,105.9,105.3,105.1,105.6,104.8,105.6,105.9,105.3,101.8,102.8
9,2009,102.7,103.6,103.6,104.2,104.7,104.5,102.4,100.1,105,103.3,103.8,102.1,104,104.4,102.6,104.1,100.1,105.6,104.8,104.3,104.8,104,104.9,104.6,105.1,101.3,101.8
10,2009,101,102,102.5,103,103.3,103.3,101.8,98.4,103.4,101.8,102.3,100.7,102.4,103.1,101.5,102.2,98.1,103.9,102.8,102.2,102.8,101.9,103,103,103.1,99.9,100.2
11,2009,100.3,101.5,102.1,102.3,103,102.6,101.6,97.7,103,101.3,101.9,100.4,101.9,102.6,101.1,101.7,97.5,103.2,102.4,101.8,102.4,101.5,102.2,102.1,102.5,99.1,99.6
12,2009,100.2,101.3,101.7,101.9,102.6,102,101.3,98.3,102.4,101,101.5,100.3,101.7,101.9,100.9,101.4,97.9,102.4,102,101.6,102.1,101.5,101.7,101.8,102,99.3,99.8
1,2010,100.2,101,101.4,101.7,101.7,101.7,101.3,98.7,101.9,100.7,101,100.2,101.4,101.3,100.5,101.1,98.4,101.7,101.4,101.2,101.7,101,101.2,101.9,101.4,99.5,100.1
2,2010,101.5,101.7,101.7,101.7,102.1,101.8,101.5,100.6,102,101.5,101.6,101.2,101.9,101.9,101,101.8,100,102.4,102.2,102,102.3,102,101.7,102,101.5,100.9,101.3
3,2010,100.4,100.7,101.1,100.9,101.5,100.9,101.2,100,101.3,100.4,100.3,100.1,101,100.7,100.5,100.4,99.8,100.8,100.3,100.5,100.5,100.1,100.2,100.9,100.2,100.4,100.4
4,2010,99.5,100,100.7,101,100.3,100.3,101,99.5,101,99.6,99.4,99.4,100.5,99.5,99.9,99.5,99.5,99.5,98.9,99.5,99.5,99,99.4,101,98.9,99.5,99.9
5,2010,102.6,102.2,102.2,102.4,102,102,101.9,103.6,102.4,102.2,102,102.1,102.5,102,101.7,102.1,103,101.9,101.8,102.1,101.9,102,102,102.4,101.2,102.9,102.7
6,2010,103.2,102.5,102.3,102.7,102.2,102.1,101.8,104.8,102.2,102.7,102.4,102.7,102.8,102.3,102.4,102.4,104.2,102.2,101.9,102.4,101.9,102.3,102.6,102.5,101.5,103.3,103.2
7,2010,101.6,101.3,101,101.3,101.1,101.1,100.7,102,100.9,101.5,101.4,101.5,101.3,101.4,101.6,101.4,102.3,101.4,101.3,101.4,101.1,101.3,101.7,101.3,101.4,101.6,101.5
8,2010,100.6,100.3,99.9,99.7,100.1,99.9,100.1,101,99.3,100.4,100.3,100.7,99.9,100.4,100.8,100.5,101.4,100.2,100.6,100.5,100.4,100.7,100.5,99.8,100.7,100.3,100.5
9,2010,99.7,99.4,99,98.8,99,99.2,99.2,99.5,98.5,99.6,99.5,99.8,98.8,99.6,99.7,99.6,100.3,99.4,99.7,99.5,99.4,99.7,99.7,99,100.3,99.9,99.4
10,2010,96.7,96.8,96.7,96.2,96.6,96.8,97.2,96,96.5,96.9,97.1,97.1,96.3,97,97.3,97,96.2,97,97.4,97,97.1,97.2,96.9,96.1,97.9,97,96.6
11,2010,96.6,96.7,96.6,96.3,96.3,96.6,96.8,96.5,96.5,96.7,97,97.1,96.3,96.6,97.1,96.8,96.7,96.5,97,96.7,96.8,97.1,96.7,96.1,97.5,96.8,96.7
12,2010,97.2,97.2,97.1,97.1,97.2,97.3,97.1,97.5,97,97.4,97.7,97.9,97,97.1,97.4,97.2,97.9,96.9,97.2,97.1,97.1,97.4,97.2,96.7,97.5,97.5,97.3
1,2011,96.2,96.3,96.3,95.9,97,96.5,96.3,96.6,96.4,96.5,97,97,96.2,96.2,96.3,96.1,97.4,95.8,96.1,96,96,96.3,95.8,95.5,96,96.8,96.5
2,2011,95.6,95.9,96.2,95.9,97,96.4,96.1,95.6,96.2,96,96.4,96.5,95.9,95.8,96,95.7,96.7,95.3,95.7,95.5,95.7,95.8,95.5,95.2,95.4,95.6,95.8
3,2011,95,95.6,96.2,96.1,97.1,96.4,96.2,94.4,96.3,95.7,96.1,96.1,95.7,95.7,96.2,95.2,96,95.3,95.1,95.1,95,94.9,95.3,95.1,95.1,94.8,95.2
4,2011,93.6,94.7,95.6,95.9,95.8,95.7,95.6,92.8,96,94.5,95.1,94.9,94.9,94.5,95.1,94.2,94.4,94.3,93.8,94,94.1,93.6,94.4,95,94.1,93.6,94
5,2011,93.9,94.8,95.4,95.4,96,95.7,95.3,92.9,95.9,94.7,95.3,95.3,94.8,94.7,95,94.3,94.8,94.4,94.2,94.2,94.4,94.1,94.4,94.4,94.1,94,94.2
6,2011,93.9,94.8,95.1,95.1,96.1,95.8,94.8,92.3,95.5,94.8,95.5,95.4,94.7,94.8,94.5,94.6,94.7,94.5,94.7,94.5,94.9,94.7,94.6,94.3,94.3,94.1,94.1
7,2011,93,93.8,94.3,94,95.8,95,94.1,92,94.5,93.9,94.7,94.6,93.7,93.9,93.7,93.4,94.6,93.3,93.3,93.2,93.4,93.2,93.3,93.1,93.6,93.5,93.3
8,2011,94,94.6,94.5,94.2,96.7,96,93.8,91.9,94.6,94.9,95.7,95.5,94.1,95.1,93.8,94.8,95.5,94.6,95.1,94.5,94.8,94.8,94.7,93.6,95.6,94.3,93.8
9,2011,97,96.6,95.9,96.1,98.1,98,94.5,95.8,96.2,97.4,98,97.8,96.1,97.5,95.2,97.1,98,97.3,97.5,96.7,96.7,97,97.5,95.5,98.2,96.9,95.9
10,2011,97.9,97.2,96.2,96.9,98.2,98.7,94.3,96.5,96.6,98.2,98.8,98.5,96.8,98.4,95.2,97.9,97.8,98.6,98.7,97.6,97.7,98.1,98.7,96.3,98.9,97.5,96.3
11,2011,98,97.2,96.1,97,97.6,98.7,94,96.8,96.7,98.2,98.8,98.6,96.9,98.2,94.7,98,98,98.6,98.7,97.8,97.9,98.2,98.7,96.5,98.4,97.7,96.5
12,2011,98.6,97.5,96.2,97,98.1,98.8,93.7,98.1,96.9,98.6,99.2,99.2,97.1,98.3,94.6,98.4,99.1,98.8,99.1,98.1,98.2,98.7,98.9,96.6,98.4,98.3,97
1,2012,98.2,97,95.7,96.4,97.6,98.2,93.5,98.7,96.2,98.2,98.9,99,96.7,97.8,94.4,97.7,99.5,98,98.2,97.4,97.3,98.1,98.1,95.6,97.6,98.3,96.9
2,2012,96.2,95.5,94.7,95.6,95.9,97,92.8,96.4,95.2,96.3,97.1,97.1,95.5,95.8,93.5,96.1,97.7,95.8,96.4,95.9,96.1,96.4,96.4,94.6,95.5,96.4,95.5
3,2012,96.9,96.5,95.8,97.5,96.8,98.4,93.7,96.8,96.2,97.1,97.8,97.7,96.9,96.5,94.2,97,98.5,96.7,97,96.8,97.1,97.1,97.5,96.7,95.8,97.1,96.5
4,2012,97.3,96.7,96,97.8,96.9,98.7,93.8,96.9,96.3,97.5,98.2,98,97,97.1,94.4,97,98.4,97.3,97.2,96.9,97,97,97.6,96.5,94.9,97,96.6
5,2012,99.1,97.9,96.6,98.2,97.9,99.6,94.2,99.3,96.8,99.1,99.6,99.7,97.9,98.5,95,98.6,100.2,99.1,98.8,98.3,98.2,98.6,99.4,97.6,97.8,98.4,97.9
6,2012,100.7,99,97.3,98.9,98.7,100.6,94.6,100.9,97.2,100.3,100.5,101,98.8,99.7,95.5,100,101.6,100.4,100.4,99.6,99.6,100.3,100.9,98.6,99.6,100.1,99.2
7,2012,99.6,97.9,96.3,97.6,97.7,99.2,94,100.8,96.2,99.1,99.2,100.1,97.8,98.2,95,98.7,101.8,98.4,99,98.4,98.3,99.1,99.1,97.1,98.1,99.3,98.5
8,2012,98.8,97.3,96.2,97.2,97.6,98.7,94.2,100.3,96,98.5,98.6,99.5,97.3,97.6,94.9,97.9,101.3,97.7,97.8,97.5,97.1,97.8,98.3,96.5,97.5,98.4,97.8
9,2012,97.6,96.5,95.7,96.6,97.3,98.1,93.9,98.6,95.4,97.5,97.8,98.3,96.6,96.9,94.4,96.9,99.7,96.9,96.8,96.6,96.2,96.7,97.2,95.9,96.8,97,96.7
10,2012,97,96,95.1,96.2,96.4,97.7,93.3,97.7,94.9,96.9,97.3,97.6,96.2,96.1,93.5,96.5,98.2,96.3,96.7,96.3,96.3,96.7,96.7,95.6,95.6,96.6,96.4
11,2012,97.3,96.2,95,96.7,95.9,97.9,92.9,98,94.9,97.1,97.4,97.9,96.4,96.1,92.8,96.9,98.6,96.4,97.1,96.7,97,97.3,97.1,96.3,95.5,97.1,96.8
12,2012,96.4,95.7,94.6,96.8,95,97.5,92.3,96.3,94.5,96.2,96.6,96.8,96.1,95.1,92,96.4,97.3,95.5,96.5,96.2,96.8,96.8,96.6,96.5,94.3,96.7,96.4
1,2013,96.3,96.1,95.1,98.6,94.4,98.1,92.6,96,95.1,96.1,96.3,96.5,96.8,94.8,91.7,96.8,97.2,95.5,96.7,96.7,97.8,97.2,97.4,98.3,93.8,96.6,96.8
2,2013,97.2,97.3,96.3,101.1,95,99.7,93.5,96.4,96.4,97.1,97.2,97.3,98.4,95.6,92.7,98.3,97.8,96.4,97.9,98.1,99.6,98.6,99.1,100.7,94.4,98,98.1
3,2013,98.2,98.1,96.8,101.9,95.2,100.3,93.7,97.7,96.9,97.8,97.8,98.2,99.1,95.8,93.3,99.2,99.3,96.6,98.9,99.2,100.8,100,99.9,101.5,94.9,99.5,99.3
4,2013,97.5,97.7,96.4,102.3,94.4,99.9,93.1,97,96.8,97.2,97.2,97.4,99,94.9,93,98.8,98.8,95.8,98.4,98.8,100.6,99.6,99.7,101.8,94.2,98.8,99.1
5,2013,98.1,98.2,96.9,103.6,94.7,100.9,93,97.5,97.7,97.7,97.9,97.8,99.8,95.2,92.8,99.5,99.3,96.4,98.8,99.4,101.3,100,100.5,103.3,94.3,99.3,99.6
6,2013,99.4,99.2,97.6,104,96.2,101.9,93.2,97.9,98.6,99.1,99.6,99.1,100.5,96.9,93.4,100.7,99.6,98.7,100.3,100.5,102.2,101.1,102,103.9,96.2,99.8,100.1
7,2013,99.9,99.6,97.8,104.4,96.4,102.3,93.2,98.3,98.9,99.4,99.9,99.4,100.9,96.9,93.2,101.2,100.1,98.7,100.9,101.1,103,101.8,102.2,104.7,96.2,100.7,100.9
8,2013,99.9,99.5,97.7,103.7,97.1,102,93.2,98,98.9,99.4,100.1,99.4,100.8,97,93.1,101.2,100.2,99.1,101.1,101.2,102.9,101.8,102,104.2,96.8,100.1,100.5
9,2013,99.5,99.5,97.8,103.7,97.7,102.4,93.3,98,98.8,99.5,100.3,99.3,101.1,97.2,92.4,101,99.9,99.4,100.7,100.9,102.7,101.3,101.8,104.4,96.6,99.5,100.1
10,2013,98.1,98.2,96.6,102.2,96.2,101.1,92.3,96.3,97.4,98.2,99,98.1,99.8,96.1,91.2,99.8,97.8,98.1,99.9,99.8,102,100.6,100.5,102.8,95.2,98.3,98.8
11,2013,98.6,98.6,96.7,102.5,96.4,101.5,92.2,96.8,97.6,98.5,99.3,98.5,100.3,96.2,91,100.3,98.2,98.2,100.5,100.4,102.7,101.3,100.8,103.4,95.2,98.8,99.4
12,2013,98.8,99,96.9,103.5,96.7,102.1,92.2,96.1,98.1,98.7,99.6,98.4,101.1,96.2,90.7,101.1,97.9,98.6,101.4,101.3,104.1,102.4,101.4,104.7,95.3,98.9,99.9
1,2014,100.1,100.2,97.7,104.3,97.9,103.3,92.6,97.3,98.8,99.9,100.8,99.5,102.1,97.2,91.2,102.6,99.2,99.6,103.3,102.9,106.2,104.5,102.7,105.9,96.3,100.3,101.3
2,2014,100.5,100.4,97.8,104.3,98,103.6,92.7,97.4,98.9,100.2,101,99.8,102.2,97.6,91.5,102.9,99.4,99.9,103.8,103.2,106.4,104.9,103.1,106,97.3,100.6,101.4
3,2014,100.4,100.5,97.9,104.6,97.7,103.9,93,96.9,98.9,100.1,101,99.7,102.1,97.7,91.9,103.1,99.1,99.8,104,103.3,106.8,105.2,103.4,106.4,98,100.5,101.4
4,2014,99.6,99.8,97.4,103.5,96.6,103.1,93,96.8,98.2,99.4,100.4,99.2,101.3,97.1,91.6,102.2,98.5,99.2,103,102.4,105.8,104.2,102.3,105.3,97.2,99.9,100.7
5,2014,99.4,99.5,97.3,103.2,96.5,102.8,93.2,97.1,98,99.2,100.1,99.2,101.1,97,91.4,101.7,98.5,98.9,102.4,101.9,105.1,103.6,101.8,104.6,96.7,99.6,100.4
6,2014,99.6,99.7,97.5,103.4,96.8,103,93.4,97.7,98.1,99.4,100.3,99.4,101.4,97.1,91.5,101.8,98.9,99.1,102.3,101.9,105,103.5,101.9,104.7,96.5,99.7,100.6
7,2014,99.5,99.5,97.2,103.2,96.3,102.8,93.2,97.8,97.5,99.2,99.9,99.2,101.1,96.8,91.4,101.8,98.7,98.6,102.4,101.9,105.2,103.8,101.7,104.7,96.3,99.9,100.7
8,2014,100.1,99.9,97.3,103.2,96.5,103.1,93,98.5,97.5,99.6,100.3,99.6,101.3,97.1,91.4,102.3,99.8,99,102.8,102.3,105.5,104.1,102.2,105.2,97.3,100.5,101.2
9,2014,101.5,101,98.2,104.8,97.2,104.6,93.5,100.2,98.6,100.8,101.4,100.7,102.7,97.9,91.8,103.5,101.1,99.8,103.8,103.5,106.8,105.5,103.4,107,97.8,101.9,102.7
10,2014,102.6,101.9,98.7,105.7,97.6,105.4,93.6,101.4,99.1,101.7,102.4,101.5,103.6,98.6,92.2,104.7,101.9,100.8,105.1,104.7,108.1,106.9,104.7,108.3,98.9,103.1,103.9
11,2014,103.6,103.1,99.6,108.6,97.2,106.8,93.7,102.2,100.5,102.6,103,102,105.2,98.9,92.7,106.2,102.9,101.5,106.2,106.1,109.8,108.4,106.9,111.7,100.3,104.2,105.4
12,2014,105.4,104.7,100.7,110.6,98,108.8,93.8,103.8,102.4,104.3,104.7,103.5,106.7,100.5,92.7,108.5,104.1,103.5,108.4,108.1,111.9,110.5,109.7,114.8,103.7,105.8,106.8
1,2015,107.8,106.2,100.9,110.4,98,109.5,94.1,105.8,102.5,106,106.3,105.8,107.6,101.5,92.7,110.9,106.8,104.7,111.5,110.6,115,114.4,111.2,115.5,105.6,109.2,109.3
2,2015,109.6,107.7,102.1,111.8,99.6,111.1,94.9,107.4,103.6,107.6,107.8,107.6,109.1,102.9,93.5,112.7,108.4,106.4,113.6,112.5,117.2,116.7,113.1,117.1,107.1,110.7,111.2
3,2015,112,109.5,104,113.4,101.6,113.1,96.1,110.3,,109.7,109.7,109.7,111,104.6,94.7,114.3,111,108,115.2,114,118.7,118.3,114.4,118.4,107.2,112.9,113.5
4,2015,111.3,108.7,103.5,112.6,101.3,112.8,95.8,109.5,106.6,109.1,109.2,109.3,110.1,104.2,94.2,113,110.7,107.4,113.8,112.8,117.2,116.6,113,117,105.2,112.2,112.5
5,2015,110.5,108.6,103.8,113.3,101.8,113.2,95.9,108,106.9,108.9,109.3,108.8,110.3,104.4,94.3,112.5,109.6,107.7,113.1,112.2,116.6,115.5,113,117.3,104.8,110.8,111.6
6,2015,111.7,110,105,115.4,102.9,114.8,96.7,108.9,108.2,110.2,110.5,109.7,111.9,105.6,95.1,114.3,110.4,109.2,114.8,113.9,118.5,117.3,115.1,120,106.8,111.9,113
7,2015,113.9,111.7,105.9,116.7,103.4,116.2,97.1,110.7,109.2,112,112.2,111.6,113.4,107.1,96,116.7,111.7,111.1,117.9,116.5,121.6,120.7,117.6,121.7,108.8,114.2,115.1
8,2015,115.9,113.8,108,118.4,106.5,117.3,99.4,112.3,110.6,114,113.8,113.1,115.5,109.7,98.3,119,112.8,113.6,120.1,118.6,123.6,122.7,120.1,124.1,112.6,115.4,116.7
9,2015,116.9,114.3,108.5,117.9,108.3,118,100.1,112.9,110.8,114.9,114.6,113.8,116.1,110.8,98.7,119.5,112.7,114.8,121.2,119.3,124.2,123.5,120.2,123.8,113.4,115.9,117.4
10,2015,115.5,112.9,107.2,116.4,106.5,116.5,99.2,111.7,109.6,113.4,113.2,112.5,114.4,109.2,97.4,117.7,111.3,113.1,119.4,117.6,122.5,121.8,118.2,122.1,110.9,115,116.2
11,2015,116.7,113.8,107.7,117.3,106,117,99.4,113.9,110.2,114.2,114,113.8,115.3,109.6,97.9,118.9,113.1,113.5,120.6,118.7,124,123.5,119.2,123.3,111.4,116.4,117.7
12,2015,117.8,114.7,108.1,117.7,106.9,117.5,100,113.7,110.2,115.2,114.6,114.5,116,110.6,98.6,120.4,113,114.4,122.8,120.3,126.1,125.8,120.5,124.2,113.2,117.7,118.7
1,2016,120.7,117,109.7,118.8,108.7,119,101.8,116,110.9,117.7,116.7,116.8,117.8,113.4,100.5,123.2,114.8,117.2,126.4,123.1,129.1,129.2,123.5,126.1,116.9,120.8,121.2
2,2016,119.4,115.9,109.1,118.2,108.1,118.5,101.1,114.9,110.2,117,116.3,115.9,116.6,113,100.1,121.7,113.4,116.9,124.4,121.2,126.5,126.5,122.7,124.9,116.7,119.1,119.3
3,2016,116.8,113.7,107.8,116.5,106.7,116.4,100.3,113.3,109,114.7,114.2,114,114.6,110.9,99,118.6,112.2,114.3,120.6,118,122.6,122.5,119.6,121.7,113.4,116.8,116.8
4,2016,114.9,112.1,106.8,115,105.7,114.9,99.8,111.8,107.9,113.1,112.9,112.5,113.1,109.8,98.1,116.5,110.8,113,118.1,115.8,119.9,119.6,117.7,119.4,111.8,114.9,114.6
5,2016,116.2,113.4,108,116.1,107.4,116.2,101,113.3,108.4,114.6,114.5,113.8,114.3,111.7,99.5,117.8,111.7,115.1,119.5,117.2,121.1,120.9,119.3,120.7,113.2,115.7,115.6
6,2016,116.8,113.8,108.8,115.8,107.9,116.7,101.9,114.1,110.4,115.3,114.9,114.5,114.4,112.8,100.1,118,112,115.9,119.8,117.1,120.8,120.8,119.5,120.3,114,116.4,115.7
7,2016,117.2,114,109,114.6,107.5,116.6,102.1,114.8,113,115.3,114.8,114.8,113.9,112.7,100.1,118,112.3,115.3,120.2,117.4,121.3,121.5,118.8,119.4,113.5,118.3,116.4
8,2016,116.2,113.1,108.1,112.8,107.1,115.7,101.4,114,112.6,114.4,114.1,114.1,112.7,111.8,99,117.1,111.4,114.4,119.5,116.4,120.4,120.6,117.4,117.8,113.1,117.5,115.3
9,2016,117.3,113.9,108.7,113.6,107.6,116.8,102,114.7,113,115.4,115.2,115,113.5,113,99.3,118.1,111.8,115.8,120.7,117.4,121.6,121.8,118.6,119,114.1,118.4,116
10,2016,118.1,114.6,109.3,114.1,108.2,117.3,102.7,115.6,113.2,116.1,115.8,115.7,114.3,113.5,100.3,118.8,112.8,116,121.5,118.3,122.6,122.8,118.8,119.5,113.7,120.4,117.3
11,2016,120.7,117.9,113.4,120.6,110.8,119.9,105.6,118,119.1,119,118.7,118.6,118.4,116.8,101.8,121.6,114.9,120,123.8,120.5,125,125.1,124.6,122.6,115.7,122,119.6
12,2016,122.2,120.1,116.2,125.5,112.7,122.7,107.6,119.8,121.9,121,120.5,120,121.3,118.8,103.3,123.4,116.7,122.3,124.6,122,126.6,126,127.8,126.6,116,123,121.5
1,2017,122.3,120.2,116.5,125.7,113.7,123.6,107.9,120,121.8,121.3,120.9,120.1,121.4,119.5,103.3,123.2,117.1,122.8,124.2,121.7,126,125.2,127.9,126.7,116.1,123.2,121.1
2,2017,120.4,118.3,114.4,122.4,112,121.5,106.7,118.6,119.1,119.3,119.1,118.5,119.2,117.2,102.1,121.4,116.1,120.1,122.6,120.1,124.7,124,124.6,124.4,114.1,121.8,119.9
3,2017,119.9,117.8,113.7,121.2,111.3,120.3,106.4,117.9,118.3,118.4,118.3,118.1,118.8,115.9,101.9,121.2,115.6,118.7,122.9,120.4,125.4,124.9,123.5,123.4,113.1,122.1,120.2
4,2017,119,116.9,112.7,119.5,110.5,118.6,105.9,117.2,117.1,117.4,117.2,117.5,117.7,114.8,101.7,120.2,114.9,117.5,122.3,119.7,124.7,124.5,122,121.4,111.7,121.1,119.5
5,2017,118.9,117,112.7,120.1,110.2,119,105.8,115.8,116.9,117.3,117.2,117.3,117.8,114.7,101.3,120.7,113.9,117.7,123,120.2,125.8,125.2,122.5,122.6,112.1,120.8,119.5
6,2017,117.4,115.6,111.4,119,109.1,117.6,104.5,114.4,115.9,115.8,115.8,115.8,116.5,113,100.5,119.1,112.8,116,121.1,118.6,123.8,123.2,120.8,121,110.9,119.4,118.1
7,2017,115.1,113.9,110.7,118.5,108.5,116.6,103.6,112.9,115.3,114.1,114.3,113.7,115.4,111.5,99.7,116.8,111.2,114.3,117.8,116,120.5,119.5,119,120.3,109.9,116.6,115.7
8,2017,114.1,112.9,109.5,117.3,107.5,115.9,102.4,111.9,114.4,113.2,113.7,112.8,114.3,110.6,98.8,115.9,110,113.7,117.2,115.2,119.6,118.7,118.1,119.1,109.7,115.7,114.4
9,2017,113.3,112.3,109.2,117.6,106.9,115.9,101.7,111.4,114.4,112.6,113.5,112.2,113.9,110,98.3,115.1,109.6,113.3,115.8,114.3,118.3,117.1,117.8,119,109,114.4,113.4
10,2017,115.1,114,110.5,119.3,108.3,117.7,102.7,112.9,115.3,114.4,115.2,113.8,115.5,111.8,98.9,117.1,110.7,115.4,118,116.2,120.6,119.3,119.9,121.2,110.4,116.2,115.1
11,2017,115.5,114.2,110.5,118.8,108.9,118,102.7,113.2,114.9,114.6,115.2,114.1,115.5,112,98.6,117.5,110.9,115.4,118.7,116.6,121.4,120.1,120,121.4,110.8,116.7,115.5
12,2017,114.9,113.6,109.8,118.2,108.2,117.4,102,112.2,114.2,114,114.5,113.6,114.8,111.3,97.7,117.1,110,114.9,118.5,116.3,121.2,119.9,119.5,120.9,110.3,116,114.9
1,2018,112.6,110.2,105.8,118.3,108.5,115.6,98.9,107.9,111.5,110.4,111.1,112.7,107.6,103.2,96.8,113.7,109.1,111.8,114.5,112.6,117.1,115.8,113.3,117,111.2,113.3,110.2
2,2018,112.2,109.7,104.8,117.3,108.2,114.9,97.7,106.9,111.3,109.9,111.3,112.4,106.8,102.2,96,113.4,108.7,111.4,114.7,112.6,117.3,116.1,112.6,115.9,110.5,112.9,109.8
3,2018,112.9,110.2,104.9,116.9,108.8,115.1,97.8,107.5,111.3,110.4,111.7,113,107,102.4,96.2,114.3,109.2,111.9,116.1,113.8,118.7,117.8,112.7,116.1,111.3,113.9,110.5
4,2018,112.8,110.1,105,116.8,109.4,115.1,97.9,108.5,111.7,110.3,111.3,112.7,107.2,102.4,96.1,114.1,109.7,111.6,115.4,113.4,118.1,117,112.9,116.2,110.9,113.5,110.4
5,2018,116.4,113,107.7,120.5,112.9,118.5,100,111.6,114.4,113.5,114.1,115.9,109.8,105.1,98,117,112.8,115,118.3,116,120.7,119.4,115.7,119.7,114.4,116.8,113.2
6,2018,118.5,114.8,109.2,122.3,114.6,120.3,101.5,112.5,115.7,115.4,115.9,117.9,111.3,106.9,99.6,119,114,117.2,120.4,117.9,122.8,121.6,117.4,121.7,116.6,118.7,115
7,2018,117.8,114.9,110.2,120.9,115.9,119.3,103.5,113.4,115.5,115.2,114.7,116.7,112.6,108.1,101.6,118.3,114,116.1,119.7,117.5,122.3,121.1,116.7,120.9,114.5,118.4,115.7
8,2018,118,115.2,111.1,120.2,119.7,119.7,104.8,114.8,115.3,115.5,114.3,116.9,113.4,109.4,102.3,118.1,115.4,115.7,119.5,117.2,121.9,120.8,115.9,120.1,114.1,118.6,116.4
9,2018,118.6,115.7,111.5,121,120.9,120.6,105,114.5,116.1,116,114.8,117.4,113.8,109.7,102.2,118.6,115.6,116.4,120.1,117.6,122.5,121.4,116.2,120.9,114.9,118.7,116.6
10,2018,118,115.9,112.1,121.4,120.2,120.4,106,115.4,115.6,115.8,115.2,117.3,114,110,103.1,118.6,115.8,116.6,119.7,117.8,122.5,121,116.3,121.3,114.4,119,116.9
11,2018,119.3,116.7,112.3,123.4,118.1,121.6,105.8,115.3,116.1,116.8,116.2,118.9,114.2,110.2,103.3,119.9,115.8,117.9,121.2,118.9,123.9,122.5,117.6,122.9,116.4,120.2,117.5
12,2018,119,116.1,111.2,121.6,117.4,121.2,104.7,114.3,115.3,116.1,115.7,118,112.9,109,102.5,119.7,115.3,117,121.5,119,124.3,123.1,116.5,122.3,115.9,120.5,117.4
1,2019,118.1,114.7,109.5,119.8,115.4,119.3,103.1,113.7,113.6,115,114.2,117.3,111.8,107.5,101.4,118.2,115,115.1,120.3,117.6,122.8,122.1,115.2,119.6,113.8,119.4,116.1
2,2019,118,114.5,109.4,120.1,114.9,119.5,102.9,113.8,113.5,114.8,113.8,117.2,111.6,107.1,101.1,118.1,115.2,115,119.9,117.3,122.4,121.6,115.4,120,113.6,119.1,116
3,2019,118.8,115.3,109.9,120.8,115.9,120.5,103.2,114.3,114.4,115.6,114.4,117.8,112.3,107.6,101.6,119,115.9,115.8,120.8,118.3,123.5,122.7,116.5,121,114.3,119.8,116.7
4,2019,119.1,115.6,110.3,121.1,116.9,121,103.5,114.9,114.7,115.9,114.6,118.1,112.8,108.1,102,119.3,116.5,115.8,121.1,118.6,123.9,123,116.8,121.2,114.3,120.3,117.2
5,2019,118.7,115.2,109.9,120.7,116.6,120.6,103,114.6,114.9,115.4,114.3,117.6,112.6,107.5,101.7,118.8,116.6,115.2,120.4,118.1,123.1,122.3,116.5,120.8,113.4,119.9,116.9
6,2019,118.3,115,109.7,120.6,116.2,120.5,102.8,114.3,115,115.2,114.2,117.2,112.5,107.2,101.6,118.5,116.6,114.8,120,117.8,122.7,121.8,116.5,120.7,112.8,119.6,116.8
7,2019,118.1,114.8,109.6,120.5,115.7,120.4,102.6,114,115,115,114,116.9,112.4,106.9,101.5,118.4,116.7,114.6,119.7,117.6,122.5,121.6,116.5,120.7,112.4,119.5,116.7
8,2019,117.8,114.5,109.3,120.1,115.3,120,102.3,113.7,115,114.7,113.7,116.5,112.2,106.5,101.4,118,116.6,114.1,119.3,117.3,122.2,121.2,116.3,120.4,111.8,119.3,116.6
9,2019,117.4,114.2,109,119.8,114.8,119.7,102.1,113.5,114.9,114.3,113.5,116.1,112,106.1,101.2,117.7,116.5,113.6,118.9,117,121.8,120.8,116.2,120.1,111.2,119.1,116.4
10,2019,117.1,114,108.8,119.6,114.5,119.6,101.8,113.2,114.9,114.1,113.3,115.7,111.8,105.8,101.1,117.5,116.4,113.3,118.7,116.9,121.6,120.6,116.1,120,110.8,119,116.3
11,2019,116.9,113.8,108.6,119.5,114.4,119.5,101.5,113,115.1,113.9,113.2,115.4,111.7,105.6,101,117.3,116.3,113,118.4,116.7,121.4,120.3,116.1,119.9,110.4,118.9,116.2
12,2019,116.6,113.6,108.4,119.3,114.3,119.4,101.2,112.7,115.1,113.6,113,115,111.6,105.3,100.8,117.1,116.1,112.7,118.1,116.5,121.1,120,116,119.8,110,118.7,116
