Month,compcom,U.S. agricultural imports,Bulk,"Coffee, Unroasted",Rubber & Allied Products,Cocoa Beans,Raw Beet & Cane Sugar,Intermediates ,Oils (ex. Soybean),Live Animals,"Sugars, Sweeteners, Beverage Bases",Cocoa Paste &  Butter,   Consumer-Oriented ,Wine & Beer,Fresh & Processed Fruit,Fresh & Processed Vegetables,Prepared & Snack Foods , Chocolate & Cocoa Products,Beef & Beef Products,   Agricultural Related Products,Fish Products ,Forest Products ,Distilled Spirits
1,1970,103.3,82.3,61.8,64.1,352.6,74.1,96.7,90.1,106.8,86.6,104.3,111.6,118.1,135.3,107.9,102.6,106.9,78.3,104.7,121.3,84.5,113.5
2,1970,103.6,82.7,62.1,64.3,354.1,74.9,97.2,91.1,107.4,87.0,104.6,111.9,118.1,135.1,108.4,103.0,107.3,78.4,104.8,121.4,84.6,113.6
3,1970,104.1,83.2,62.3,65.0,347.7,78.3,98.1,94.6,107.7,87.5,104.4,112.3,117.9,136.0,108.7,103.4,107.4,78.5,105.2,122.4,84.7,113.6
4,1970,105.1,85.0,62.5,69.6,363.3,78.3,98.7,95.4,108.1,88.0,106.5,113.0,118.5,138.1,109.3,103.8,108.5,78.8,106.4,124.4,85.5,113.5
5,1970,105.6,86.4,62.7,73.2,380.2,78.4,99.1,96.0,108.8,88.2,108.4,113.2,118.5,137.7,109.5,104.2,109.6,79.1,106.9,125.3,86.0,113.5
6,1970,104.7,85.2,62.4,72.4,355.5,78.3,98.2,95.3,106.4,87.3,106.7,112.5,118.8,137.1,108.7,103.0,107.8,78.3,105.9,124.6,84.5,113.4
7,1970,104.9,85.4,62.7,72.8,358.9,78.5,98.0,94.8,105.7,87.3,106.8,112.7,119.3,139.0,108.5,102.7,107.6,78.0,106.0,124.9,84.4,113.4
8,1970,105.0,85.8,62.5,73.0,372.5,78.4,97.6,94.6,104.8,86.8,106.7,112.8,118.6,140.9,108.5,102.5,107.2,77.5,106.3,126.5,83.9,113.0
9,1970,105.1,86.5,62.7,74.3,378.4,78.2,97.8,94.7,105.2,87.0,107.5,112.9,118.4,140.8,108.9,102.8,107.7,77.3,106.3,126.5,84.0,113.2
10,1970,105.5,87.0,63.1,74.8,385.4,78.7,98.1,95.1,106.0,87.6,108.1,113.2,118.3,141.3,109.4,103.2,108.4,77.5,106.7,126.9,84.4,113.2
11,1970,105.5,86.8,63.4,73.5,380.8,78.4,98.1,94.9,106.2,87.6,107.9,113.2,118.1,141.1,109.6,103.4,108.4,77.5,106.7,126.8,84.5,113.2
12,1970,105.8,87.2,63.8,73.5,387.0,78.3,98.4,95.0,106.7,87.7,108.7,113.3,118.0,141.1,109.6,103.6,108.9,77.4,107.1,127.2,84.9,113.3
1,1971,104.7,86.2,62.8,72.1,386.2,77.9,97.4,93.9,105.5,87.0,107.4,112.3,117.0,139.6,108.7,102.6,107.7,76.8,106.1,126.1,84.2,112.0
2,1971,104.4,85.9,62.9,71.1,386.0,77.9,96.9,93.3,105.0,86.8,106.9,111.9,116.5,139.5,108.4,102.2,107.3,76.5,105.8,125.8,83.8,111.6
3,1971,104.3,85.8,63.0,71.3,379.0,77.6,96.9,93.4,105.0,86.8,106.6,111.8,116.2,139.4,108.3,102.1,107.1,76.4,105.7,125.7,83.8,111.4
4,1971,104.0,86.0,63.3,72.0,380.5,77.5,96.6,93.5,104.4,86.5,106.9,111.4,115.6,138.7,108.0,101.8,107.0,75.9,105.3,125.5,83.4,110.6
5,1971,104.3,86.8,63.7,73.7,381.6,77.7,96.8,94.0,104.8,86.8,107.0,111.4,115.3,138.6,108.3,102.0,107.0,76.2,105.7,126.1,83.6,110.6
6,1971,104.8,87.1,63.3,74.8,382.8,77.8,97.3,94.8,106.0,87.3,107.4,111.8,115.8,138.7,108.9,102.8,107.7,76.5,106.3,126.9,84.3,110.9
7,1971,104.4,86.7,63.1,74.8,382.8,77.1,96.9,94.4,105.5,87.0,107.5,111.5,115.5,138.2,108.8,102.4,107.5,76.1,105.9,126.5,83.9,110.6
8,1971,104.1,87.7,63.9,77.7,386.1,77.4,96.3,93.9,104.2,86.8,107.7,110.9,114.7,138.3,108.2,101.6,106.9,75.4,105.5,126.4,83.4,109.8
9,1971,103.6,88.3,64.1,80.1,393.0,76.8,95.7,93.6,104.1,86.5,107.7,110.1,112.9,137.5,107.8,101.1,106.6,74.4,105.1,126.0,83.3,108.6
10,1971,103.0,88.0,64.2,79.5,393.0,76.7,95.0,92.8,103.2,86.4,106.8,109.4,112.0,137.2,107.6,100.4,105.8,73.5,104.4,125.4,82.7,107.9
11,1971,102.5,87.3,63.5,78.1,389.2,76.3,94.6,92.5,103.1,86.1,106.2,108.9,111.6,136.0,107.2,100.1,105.3,73.4,104.0,124.6,82.4,107.3
12,1971,102.0,87.5,63.8,78.8,394.0,76.1,93.6,90.9,102.7,86.0,105.2,108.2,109.9,135.4,106.9,99.7,104.7,72.4,103.6,124.8,82.1,106.1
1,1972,101.2,86.9,63.5,77.4,398.7,75.5,92.4,89.0,102.4,85.8,103.8,107.8,108.6,139.6,106.1,98.4,103.6,71.9,102.2,123.5,81.1,103.2
2,1972,101.0,86.6,63.9,76.6,386.6,76.1,92.0,88.8,102.2,85.9,102.0,107.5,107.7,140.1,106.2,98.2,102.6,71.6,101.9,123.4,81.1,102.1
3,1972,100.4,86.4,64.0,76.5,381.0,76.2,91.5,88.5,101.5,85.6,101.2,107.0,106.8,138.2,105.7,97.6,102.0,73.5,101.1,122.3,80.4,101.4
4,1972,100.0,86.0,63.3,76.6,378.0,76.0,91.2,88.6,101.1,85.1,100.8,106.4,106.5,136.4,105.3,97.3,101.6,73.0,100.7,121.9,79.9,101.2
5,1972,99.7,86.0,63.5,76.9,374.6,76.2,91.1,88.8,100.8,85.4,100.8,106.0,105.9,135.4,105.1,97.0,101.4,72.8,100.3,121.5,79.5,100.8
6,1972,99.4,86.0,63.2,78.0,375.4,75.7,90.8,88.5,100.1,85.2,100.6,105.5,105.3,135.2,104.6,96.6,101.0,72.2,100.2,121.5,79.3,100.7
7,1972,99.0,86.4,63.4,78.7,381.2,75.5,91.1,88.2,100.0,85.1,101.2,105.0,104.9,132.8,104.4,96.3,101.2,72.4,99.6,120.5,78.3,102.0
8,1972,98.0,86.0,63.4,78.4,379.4,75.1,90.4,87.6,99.3,84.6,101.1,103.9,104.2,128.4,103.8,95.8,100.9,71.8,98.4,118.6,77.2,102.2
9,1972,99.1,85.7,63.1,77.7,379.8,75.1,90.9,87.4,99.2,84.9,101.0,105.3,105.1,137.5,103.8,95.5,100.7,71.8,99.9,121.1,78.7,101.5
10,1972,98.7,85.4,63.4,75.9,378.3,75.4,91.0,87.7,99.6,85.1,100.7,104.9,104.4,135.0,104.1,95.7,100.7,71.5,99.4,120.1,78.3,101.8
11,1972,98.3,84.0,63.2,71.0,372.1,75.4,90.9,87.2,99.3,84.8,99.4,104.6,104.0,134.2,103.9,95.5,100.0,71.6,99.0,119.1,78.1,102.2
12,1972,97.6,83.3,63.1,68.3,369.4,75.0,90.5,87.1,100.3,84.8,98.6,103.8,102.7,130.1,104.0,95.8,100.1,71.4,98.3,117.6,77.9,102.0
1,1973,97.0,83.0,62.6,68.9,370.4,73.8,89.9,86.3,99.6,84.0,98.4,103.0,101.9,130.2,103.2,95.2,99.6,69.9,98.2,117.4,77.8,101.7
2,1973,94.7,81.7,61.8,68.3,354.7,72.7,87.4,83.9,98.7,83.1,93.6,100.4,98.2,127.7,102.3,93.5,96.5,67.0,95.8,114.8,76.0,98.2
3,1973,92.9,80.6,61.0,67.6,342.5,72.0,85.8,82.5,99.0,82.9,90.2,98.5,95.3,123.5,101.8,92.6,94.7,66.4,93.4,111.8,74.3,95.7
4,1973,92.4,80.0,60.5,66.9,339.9,71.6,85.3,82.1,98.7,82.4,89.7,98.0,95.2,121.8,101.3,92.4,94.3,66.1,93.1,111.2,74.1,95.5
5,1973,91.4,79.5,60.0,66.9,333.0,70.8,84.3,81.3,98.6,82.0,88.3,96.8,93.8,118.3,100.8,92.0,93.5,66.2,92.0,109.8,73.5,94.2
6,1973,90.0,77.9,59.8,64.4,306.3,70.5,82.8,80.3,97.8,81.6,84.1,95.6,92.0,117.4,100.2,91.0,90.9,66.0,90.3,107.8,72.4,91.4
7,1973,88.1,76.0,58.5,61.7,297.7,69.4,81.0,77.4,96.3,80.2,80.0,93.4,89.4,115.0,98.4,89.1,87.8,64.9,88.6,105.8,71.3,89.0
8,1973,88.9,77.7,60.2,62.7,310.9,70.2,82.0,77.7,97.3,80.7,82.0,94.1,90.5,112.3,99.2,90.4,89.6,65.4,89.6,106.3,71.7,92.3
9,1973,88.1,76.7,59.4,61.2,308.7,69.0,81.8,77.0,96.8,79.7,81.2,93.0,89.0,111.5,97.9,89.6,88.9,63.6,89.2,105.5,71.7,92.3
10,1973,85.9,76.3,59.3,60.1,314.1,68.8,80.5,76.5,96.3,78.9,80.8,90.4,86.3,101.2,97.1,89.2,88.5,62.8,86.5,101.2,69.4,91.4
11,1973,91.5,76.4,59.2,59.9,317.1,68.6,83.4,77.5,96.6,80.0,82.6,97.1,94.0,132.4,98.0,89.9,89.8,63.0,93.8,111.7,76.1,93.7
12,1973,91.0,76.2,59.5,58.8,319.0,68.0,83.6,77.3,96.4,78.8,83.5,96.4,94.1,128.1,96.6,89.7,90.2,62.9,93.7,110.7,75.9,95.8
1,1974,91.5,74.9,58.4,55.4,330.7,66.8,84.6,78.0,95.7,77.5,85.7,97.3,97.4,129.7,95.6,89.7,91.2,62.7,94.7,110.9,76.7,99.8
2,1974,90.2,74.4,58.9,54.3,323.4,66.9,83.2,76.9,94.6,76.7,83.8,95.9,95.7,126.3,94.9,88.7,89.6,62.6,93.0,108.7,75.6,97.8
3,1974,89.2,73.5,58.3,53.8,313.4,66.6,82.0,75.7,94.2,76.7,82.0,94.9,94.0,125.4,94.8,87.9,88.4,62.2,92.0,107.4,75.0,96.0
4,1974,87.7,72.1,57.0,52.3,309.4,65.8,80.5,74.8,93.1,75.8,80.4,93.5,92.5,123.6,93.8,86.7,87.1,61.3,90.4,105.4,74.0,93.9
5,1974,87.7,72.0,57.4,52.6,305.1,66.2,79.9,74.3,92.3,75.9,79.8,93.8,92.3,128.0,93.8,86.1,86.3,61.6,90.1,105.4,73.6,93.3
6,1974,87.7,72.2,57.7,52.5,306.3,66.0,80.1,74.8,92.6,75.8,80.7,93.7,92.5,125.0,93.9,86.6,86.9,61.5,90.3,105.4,73.8,94.0
7,1974,88.2,72.4,57.9,52.8,301.0,65.9,80.3,74.8,93.2,75.8,80.4,94.0,92.2,126.9,93.9,86.9,86.9,61.6,91.0,106.6,74.7,93.2
8,1974,88.7,73.1,58.6,53.3,304.5,66.4,81.0,75.3,93.7,76.0,81.3,94.5,92.7,126.2,94.4,87.6,87.7,61.9,91.6,107.1,75.1,94.5
9,1974,89.2,73.5,58.9,53.1,306.1,66.9,81.6,75.8,94.5,76.3,81.9,94.9,93.2,124.8,94.8,88.3,88.5,62.8,92.1,107.3,75.8,95.4
10,1974,89.2,72.9,58.3,52.4,304.3,66.6,81.3,75.7,93.9,75.5,81.1,95.1,93.7,126.0,94.0,87.7,87.6,65.3,92.1,107.7,75.8,93.9
11,1974,88.1,72.7,58.2,51.9,300.5,66.7,80.6,75.0,93.5,74.7,79.5,93.7,92.0,121.6,93.0,87.2,86.5,65.0,90.9,106.2,74.9,92.8
12,1974,88.7,72.7,58.7,51.6,295.2,66.8,80.5,75.0,93.2,75.0,78.9,94.4,91.7,127.6,93.0,86.9,86.0,64.9,91.6,107.9,75.4,91.4
1,1975,89.1,72.3,58.3,51.3,285.7,66.7,80.1,74.4,93.4,75.0,76.7,94.9,91.0,135.3,92.6,86.3,84.6,64.7,92.0,109.3,76.5,88.6
2,1975,88.7,72.1,58.2,51.1,282.0,66.7,79.6,74.1,93.5,75.1,75.8,94.5,90.1,135.2,92.7,86.1,84.1,64.4,91.6,109.0,76.3,87.4
3,1975,88.8,72.0,57.8,50.7,276.5,67.3,80.0,74.5,93.3,75.0,75.0,94.7,90.4,136.3,92.5,86.0,83.5,64.4,91.3,108.9,76.2,86.1
4,1975,89.1,71.7,57.7,50.2,273.3,67.2,80.3,75.0,93.8,75.0,75.3,95.0,90.5,137.0,92.5,86.3,84.0,64.9,91.8,109.4,77.0,85.8
5,1975,89.0,71.6,57.6,50.0,268.0,66.8,80.1,74.9,94.2,74.9,74.6,94.6,89.4,136.5,92.3,86.2,83.6,65.0,91.7,109.8,77.2,84.2
6,1975,89.4,72.0,57.6,50.4,265.1,67.7,81.1,75.9,93.9,74.4,74.8,95.0,90.6,135.9,91.9,86.3,83.5,65.6,91.8,110.2,76.9,84.2
7,1975,91.1,72.8,58.2,50.8,272.2,68.0,82.9,77.2,94.5,74.8,77.2,96.8,93.4,138.4,92.8,87.6,85.4,65.9,94.1,112.8,78.6,87.7
8,1975,92.2,73.1,58.5,50.8,275.9,68.4,84.5,79.4,94.4,74.8,79.7,98.0,95.1,139.2,93.0,88.1,86.7,67.8,95.4,114.0,79.6,89.7
9,1975,92.7,72.9,58.2,49.8,275.4,68.7,85.2,80.0,94.1,74.5,80.1,98.6,96.8,139.3,92.9,88.4,87.0,68.5,95.7,114.2,79.7,90.8
10,1975,92.8,73.0,58.4,49.7,273.0,69.1,85.4,80.4,94.0,74.5,79.9,98.8,96.7,140.0,92.9,88.3,86.7,68.6,95.7,114.5,79.6,90.3
11,1975,92.6,72.8,58.8,49.1,271.3,69.2,85.2,80.3,93.1,74.3,80.0,98.5,96.5,140.3,92.7,87.9,86.4,67.9,95.4,114.3,79.2,90.2
12,1975,92.8,72.8,59.1,48.6,270.0,68.9,85.5,80.1,93.2,74.2,80.2,98.7,96.7,140.7,92.6,88.0,86.6,67.7,95.8,114.6,79.5,90.8
1,1976,92.0,71.9,58.3,47.9,264.6,68.2,84.3,79.6,92.1,73.2,78.9,97.9,96.2,140.3,91.6,87.2,85.4,67.2,95.2,114.1,79.0,89.5
2,1976,91.3,71.1,57.6,47.4,262.3,67.6,84.0,79.9,90.7,72.3,78.5,97.4,96.7,139.3,90.8,86.6,84.6,66.4,94.4,113.4,78.1,89.0
3,1976,90.9,70.8,57.5,47.3,265.7,66.9,84.0,79.8,90.0,71.8,78.9,96.8,97.0,137.2,90.2,86.2,84.6,65.9,94.1,112.5,77.5,90.7
4,1976,90.9,71.0,57.7,47.5,265.3,67.1,84.0,80.2,89.7,71.7,78.8,96.8,97.3,136.2,90.1,86.2,84.4,66.2,94.1,112.4,77.4,91.4
5,1976,90.8,70.8,57.7,47.2,263.5,66.9,84.1,79.6,89.7,71.7,78.8,96.6,96.8,136.1,90.0,86.0,84.4,66.1,94.3,112.6,77.4,92.1
6,1976,90.6,70.6,57.5,46.9,261.9,66.8,84.1,79.2,89.4,71.6,78.7,96.4,96.9,135.0,89.9,85.9,84.3,66.1,94.2,112.3,77.0,93.1
7,1976,89.8,70.3,57.3,46.9,262.2,66.5,83.3,78.6,89.1,71.3,78.6,95.4,96.0,131.7,89.6,85.6,84.1,65.3,93.5,111.1,76.2,93.3
8,1976,89.8,70.3,57.1,46.5,263.9,66.3,83.6,78.7,90.0,71.4,78.2,95.4,95.7,131.4,89.7,85.9,84.3,65.6,93.7,111.1,76.7,93.5
9,1976,94.4,70.9,58.3,45.7,259.3,71.7,86.4,78.7,99.2,88.1,77.8,104.1,103.2,147.7,111.0,93.6,89.3,67.1,94.6,111.5,76.4,98.8
10,1976,93.8,70.8,58.3,45.9,260.0,71.1,86.1,78.6,98.1,86.7,77.6,103.1,102.0,146.1,109.2,92.7,88.7,67.2,94.3,111.1,76.2,99.2
11,1976,95.4,71.1,58.6,45.8,257.6,72.7,87.1,78.7,102.0,92.7,77.3,106.1,104.1,151.8,116.8,95.6,90.5,67.9,94.9,111.5,76.7,100.4
12,1976,94.4,71.3,58.0,46.1,255.1,71.1,86.8,79.8,99.1,84.4,76.6,103.3,102.5,144.7,106.1,92.9,88.1,71.1,95.0,111.9,77.8,96.9
1,1977,93.7,70.5,57.5,45.6,248.7,70.5,85.7,79.1,98.4,84.2,75.7,102.8,102.1,144.6,106.1,92.4,87.4,69.6,94.4,111.4,77.2,95.7
2,1977,95.3,71.0,57.5,45.9,248.6,71.7,87.0,79.8,101.4,87.5,76.0,105.0,103.8,148.1,110.3,94.6,89.0,70.4,95.6,112.6,78.4,97.1
3,1977,95.0,70.8,56.8,45.9,245.7,71.4,87.2,80.1,102.4,87.4,75.5,104.6,103.2,145.7,110.4,94.9,89.2,70.3,95.4,112.2,78.6,96.8
4,1977,94.5,69.8,55.9,45.6,227.9,71.0,86.7,80.2,102.2,86.9,73.7,103.9,102.3,144.4,109.8,94.6,88.1,70.1,95.2,111.9,78.5,96.1
5,1977,94.0,69.1,55.6,45.1,219.1,70.8,86.3,79.8,101.6,86.8,72.8,103.5,101.9,144.4,109.6,94.1,87.3,69.7,94.7,111.3,78.0,95.8
6,1977,94.2,68.9,55.4,45.2,212.3,70.7,86.6,80.1,102.5,87.0,72.2,103.6,102.0,144.5,109.9,94.4,87.3,69.8,95.0,111.6,78.5,95.8
7,1977,93.7,68.5,55.3,44.9,207.0,70.4,86.1,80.0,102.0,86.7,71.4,103.1,101.4,144.1,109.8,94.0,86.6,69.1,94.4,111.0,78.1,94.8
8,1977,93.7,68.5,55.4,44.7,206.4,70.0,86.1,80.1,102.6,86.2,71.3,103.0,101.2,143.6,109.2,94.1,86.7,69.5,94.6,110.9,78.6,94.8
9,1977,93.4,68.4,55.3,44.4,213.3,69.6,85.8,79.5,101.7,85.3,71.7,102.5,100.8,143.8,108.0,93.4,86.6,69.0,94.6,110.8,78.5,95.1
10,1977,93.1,68.4,55.2,44.4,213.1,69.3,85.5,79.5,102.5,85.1,71.4,102.0,99.5,143.0,107.7,93.4,86.5,68.9,94.4,110.4,78.8,93.8
11,1977,93.0,68.6,55.3,44.3,214.9,69.2,85.2,79.1,102.8,85.1,71.0,101.9,98.9,143.5,107.5,93.3,86.4,68.4,94.3,110.6,78.9,93.0
12,1977,92.2,68.4,55.3,44.1,214.8,69.0,84.2,78.3,101.4,84.4,70.0,100.9,97.7,143.6,106.3,92.1,85.0,67.8,93.3,109.8,77.9,91.6
1,1978,91.4,67.9,55.2,44.1,206.0,68.7,83.2,78.2,101.1,83.8,68.8,100.0,96.4,142.8,105.4,91.5,84.1,67.4,92.5,109.0,77.5,89.6
2,1978,91.4,68.1,54.9,44.3,213.3,68.6,83.4,78.2,101.4,83.6,69.0,99.8,96.2,142.7,105.1,91.3,84.1,67.6,92.6,109.1,77.5,90.0
3,1978,91.5,68.2,54.8,44.4,207.7,68.9,83.8,78.6,101.9,83.8,68.3,99.8,95.2,143.0,105.4,91.6,83.9,67.6,92.7,109.3,77.7,89.7
4,1978,92.0,68.0,54.9,44.0,198.9,68.9,84.6,79.4,103.2,84.1,67.7,100.1,94.8,143.4,105.8,92.2,84.1,68.0,93.5,110.1,78.9,89.6
5,1978,92.2,67.9,54.8,44.4,198.6,69.0,84.9,79.5,101.9,83.6,68.7,100.4,96.2,143.4,105.6,92.0,84.4,67.9,93.9,110.7,78.7,90.9
6,1978,92.1,68.0,54.6,45.0,196.7,68.9,84.7,79.2,102.2,83.7,68.4,100.2,95.7,143.4,105.6,91.9,84.2,67.8,94.0,110.9,78.9,90.5
7,1978,91.4,67.7,54.5,44.8,197.1,68.6,83.6,78.5,101.6,83.2,68.1,99.3,94.2,142.9,105.0,91.2,83.7,67.2,93.2,110.3,78.5,88.5
8,1978,91.0,67.8,54.7,44.4,201.4,68.5,83.1,77.8,102.3,83.2,67.7,98.8,92.8,142.4,104.7,90.9,83.5,67.2,92.9,109.8,78.7,87.1
9,1978,91.6,68.6,55.1,45.1,208.5,68.5,83.8,78.4,104.3,83.5,68.9,99.0,92.1,141.8,105.0,91.7,84.6,67.8,93.7,110.4,80.1,87.0
10,1978,90.8,68.3,54.9,44.9,203.0,68.4,82.7,77.4,104.3,83.4,66.7,98.0,89.8,141.4,104.6,91.1,83.2,67.6,93.0,109.8,79.8,85.0
11,1978,91.9,71.1,55.9,52.1,211.1,68.4,83.6,78.4,103.8,83.2,69.0,98.6,91.4,141.3,104.3,91.4,84.5,67.8,94.0,111.7,79.7,86.6
12,1978,93.1,73.4,56.8,57.9,214.5,68.5,84.5,79.1,104.2,83.8,69.9,99.3,91.1,141.2,104.4,92.6,86.1,67.9,95.7,114.3,80.4,89.2
1,1979,92.5,73.2,56.4,58.2,210.6,67.8,84.0,79.3,104.1,82.7,69.4,98.4,89.5,139.4,103.2,92.0,85.6,67.7,95.4,114.2,80.4,87.7
2,1979,92.8,72.8,56.3,56.1,212.4,68.1,84.4,79.4,104.4,82.8,69.5,98.9,90.1,140.0,103.4,92.3,85.9,68.3,95.6,114.3,80.6,88.4
3,1979,92.6,73.3,56.4,58.2,214.3,68.1,84.1,79.2,103.2,82.5,70.1,98.6,90.1,140.0,102.9,91.8,85.8,68.0,95.5,114.6,80.1,88.2
4,1979,92.6,73.0,56.7,57.7,211.5,68.3,83.8,78.9,102.1,82.5,70.6,98.7,90.7,140.3,102.9,91.5,85.8,67.8,95.3,114.6,79.7,88.3
5,1979,93.2,73.1,57.3,57.1,206.1,68.6,84.6,79.3,103.0,82.8,70.8,99.3,91.5,140.5,103.2,92.2,86.4,68.2,96.2,115.2,80.6,89.4
6,1979,93.6,73.5,57.7,56.6,205.8,68.8,85.0,79.6,104.4,83.3,71.0,99.7,91.3,140.6,103.8,92.9,86.9,68.6,96.6,115.5,81.4,88.7
7,1979,92.6,72.7,57.3,55.8,203.9,68.2,83.6,78.6,103.7,82.9,70.1,98.9,89.7,141.1,103.5,92.0,86.0,68.4,95.2,114.4,80.9,85.3
8,1979,92.7,72.5,56.9,55.3,206.2,67.6,83.9,78.8,104.5,82.7,70.4,98.8,89.5,140.2,103.5,92.3,86.5,68.4,95.5,114.5,81.3,85.7
9,1979,92.4,72.5,57.0,55.3,207.7,67.4,83.6,78.5,104.1,82.3,70.4,98.3,88.6,139.0,103.2,91.9,86.2,68.4,95.3,114.2,81.0,85.6
10,1979,92.6,72.9,57.3,55.3,212.9,67.4,83.9,79.1,104.5,82.3,71.2,98.4,88.7,138.2,103.0,92.1,86.8,69.0,95.5,114.3,81.4,85.8
11,1979,92.7,72.7,57.1,55.5,208.5,67.1,84.1,79.5,104.8,82.2,71.1,98.5,88.7,137.8,103.0,92.3,86.8,69.4,95.8,114.8,81.6,85.9
12,1979,92.7,74.1,60.1,55.6,203.8,68.7,83.7,78.9,104.2,82.4,70.6,98.0,87.4,137.1,102.3,91.9,86.2,69.6,95.7,114.6,81.9,84.4
1,1980,92.3,74.5,60.8,55.5,203.4,68.9,83.4,78.8,103.6,81.5,70.7,97.3,86.1,135.6,100.9,91.5,86.0,69.4,95.6,114.3,82.2,83.1
2,1980,92.8,75.1,61.3,55.5,205.9,69.2,84.0,79.2,103.2,81.2,71.5,97.8,86.6,136.2,101.0,91.9,86.4,69.7,95.8,114.5,82.4,83.6
3,1980,94.7,76.0,61.8,56.1,208.8,69.5,86.4,81.5,105.2,81.8,73.8,99.7,89.7,136.3,102.0,94.0,88.9,70.8,98.1,116.4,84.5,87.0
4,1980,95.0,76.1,61.8,56.2,206.0,69.6,86.8,83.1,106.1,81.8,74.6,100.1,90.1,136.1,102.3,94.6,89.6,71.3,98.4,116.6,85.3,86.7
5,1980,93.2,74.7,61.1,54.6,199.3,68.9,84.8,81.1,104.7,81.0,72.2,98.2,87.6,134.6,101.3,92.8,87.5,69.6,96.3,114.2,83.6,84.3
6,1980,92.3,74.1,61.1,54.3,194.2,68.6,83.8,80.1,103.1,80.3,71.0,97.3,86.7,133.9,100.4,91.7,86.3,68.7,95.4,113.5,82.5,83.4
7,1980,90.9,73.2,60.2,53.9,191.9,67.4,82.3,79.1,101.8,78.9,70.0,95.7,84.7,131.8,98.8,90.4,85.1,67.7,94.1,112.4,81.5,81.5
8,1980,91.1,73.2,60.1,53.9,196.0,66.9,82.7,79.3,101.9,78.5,70.8,95.9,85.2,131.4,98.6,90.6,85.7,67.7,94.6,112.8,81.8,82.5
9,1980,91.0,73.3,60.1,54.1,197.9,66.6,82.7,79.1,102.2,78.5,70.9,95.5,84.6,130.6,98.5,90.6,85.9,67.4,94.5,112.7,82.0,82.2
10,1980,91.1,73.0,60.3,53.8,193.1,66.2,82.9,79.4,102.6,78.5,71.1,95.7,85.0,130.0,98.6,90.9,86.3,67.2,94.9,112.8,82.3,82.9
11,1980,91.8,73.0,60.1,53.5,196.3,65.7,84.0,80.1,103.5,78.5,72.4,96.4,86.5,129.5,98.9,91.8,87.6,67.4,96.0,113.5,83.3,85.1
12,1980,92.6,73.4,59.8,54.2,203.7,65.0,85.2,81.3,104.4,78.2,74.1,96.9,87.5,128.9,98.9,92.5,89.0,67.5,97.2,114.8,84.3,87.0
1,1981,92.2,73.0,60.3,53.8,200.2,64.6,84.3,80.7,103.1,77.1,73.7,96.8,86.9,131.7,98.2,91.7,88.4,66.8,96.6,114.2,83.7,86.5
2,1981,93.7,73.5,60.3,54.3,206.4,64.5,86.4,82.3,104.0,77.0,76.2,98.5,90.1,132.6,98.8,93.2,90.5,67.5,98.6,115.8,85.3,90.5
3,1981,93.4,73.3,60.9,53.9,204.1,64.6,86.0,81.9,102.9,76.6,75.9,98.2,89.3,134.5,98.4,92.5,89.9,67.2,98.4,115.4,85.0,90.7
4,1981,93.8,73.3,60.9,53.9,203.9,64.5,86.4,82.8,102.9,76.4,76.6,98.7,90.3,134.4,98.4,92.9,90.4,67.3,99.0,116.0,85.6,91.6
5,1981,95.0,73.8,61.2,54.5,209.2,64.0,87.9,83.8,104.0,76.8,79.0,99.7,92.4,133.8,99.2,94.2,92.6,67.5,101.0,117.5,87.1,95.8
6,1981,95.7,74.2,61.4,55.0,217.5,63.8,88.9,84.2,104.2,77.1,80.9,100.5,94.0,133.8,99.8,94.9,94.0,67.5,102.3,118.6,87.8,99.0
7,1981,96.7,75.0,61.5,56.0,223.3,63.7,89.5,84.9,105.1,77.5,82.2,101.4,95.0,134.4,100.6,96.1,95.2,67.7,103.8,120.7,88.5,101.6
8,1981,101.8,78.3,61.7,56.8,222.0,70.4,94.7,90.4,106.8,78.2,83.0,107.6,107.2,141.3,102.1,100.2,96.3,72.3,107.2,125.1,90.9,103.8
9,1981,100.5,78.0,62.1,57.0,213.2,70.5,93.0,89.1,105.2,77.9,80.8,106.0,103.6,140.8,101.4,98.6,94.1,71.6,105.9,124.3,89.6,101.5
10,1981,100.1,78.4,63.7,56.5,211.9,71.3,91.5,88.1,104.1,77.6,78.9,105.8,101.6,145.3,101.0,97.8,92.5,71.5,105.4,124.0,89.3,99.7
11,1981,99.3,78.3,64.2,56.7,209.4,71.2,90.4,86.9,102.6,77.2,78.0,105.0,100.3,146.1,100.4,96.6,91.3,70.6,104.4,123.2,88.3,98.2
12,1981,99.2,78.5,64.3,56.9,215.3,70.9,90.5,86.7,102.3,76.8,78.8,104.7,100.4,144.5,99.8,96.4,91.7,70.4,104.4,123.0,88.3,98.8
1,1982,98.8,77.5,63.5,55.8,209.4,70.0,90.3,86.3,101.8,75.8,78.2,104.0,100.0,141.9,98.5,96.1,91.3,70.4,104.7,123.1,88.6,99.5
2,1982,101.6,78.4,63.7,56.0,218.9,71.5,92.8,87.7,106.1,81.3,80.6,108.2,104.6,147.5,105.9,100.1,95.1,72.0,106.6,124.9,90.1,103.3
3,1982,106.1,79.3,64.8,55.9,219.4,76.0,95.6,88.2,114.5,95.4,81.3,116.2,112.4,161.0,124.6,107.5,100.3,73.8,108.1,126.0,90.4,108.5
4,1982,106.0,79.4,64.7,56.4,219.3,75.5,95.4,88.7,113.8,94.0,81.9,115.8,112.3,159.5,122.7,107.1,100.3,73.7,108.5,126.6,90.8,108.5
5,1982,105.1,79.1,64.0,56.6,218.7,74.8,94.3,87.9,113.0,92.7,80.3,114.4,109.5,158.9,120.9,105.8,98.8,73.3,108.0,126.9,90.4,105.9
6,1982,109.3,81.2,64.3,57.5,234.1,76.7,98.6,91.9,116.0,93.3,83.8,119.0,117.0,164.9,122.5,109.4,102.3,75.9,112.9,132.4,94.6,111.4
7,1982,110.4,81.8,63.9,57.8,240.6,77.5,99.6,93.0,115.2,92.2,84.9,120.1,120.4,165.8,121.4,109.8,102.5,76.8,114.1,133.8,95.4,113.1
8,1982,116.1,83.5,66.0,58.4,244.7,83.3,102.4,92.7,124.4,110.4,86.0,130.4,130.1,188.3,145.3,118.1,108.4,78.7,116.4,136.4,96.0,119.2
9,1982,117.2,83.8,66.9,58.4,245.9,84.4,103.0,92.5,125.3,113.7,86.4,132.4,132.0,193.9,149.4,119.2,109.4,79.0,117.1,137.1,96.3,121.2
10,1982,113.3,82.9,66.1,58.5,245.6,80.1,100.8,92.3,116.9,99.7,86.7,124.9,125.3,179.1,130.8,112.5,105.2,77.7,116.3,136.2,96.1,119.0
11,1982,112.1,82.5,66.1,58.4,243.1,78.9,100.0,91.6,114.7,96.9,86.4,123.0,123.8,175.5,127.2,110.9,104.1,76.8,115.9,135.3,95.7,119.4
12,1982,111.4,82.0,65.8,58.1,234.5,79.1,99.0,90.9,115.5,98.1,83.9,122.5,121.1,177.0,128.7,110.4,102.7,77.6,114.7,134.3,95.0,116.5
1,1983,111.8,81.5,66.2,56.9,226.3,80.2,98.5,89.6,117.8,102.6,82.0,124.1,121.3,181.1,135.3,111.9,102.8,77.1,114.3,133.9,94.4,117.4
2,1983,112.8,82.9,68.8,57.0,224.2,82.2,99.3,90.0,117.5,103.0,82.5,124.9,122.6,182.1,135.5,112.3,103.1,77.7,115.5,134.6,95.5,118.7
3,1983,113.6,84.7,72.1,57.3,224.5,84.6,99.7,90.3,116.4,102.9,83.2,125.6,123.7,181.2,134.9,112.1,103.0,81.1,116.1,134.9,95.9,119.6
4,1983,115.7,89.8,73.9,69.9,240.3,85.1,101.3,92.6,117.0,102.8,86.9,126.6,124.7,181.6,135.1,112.8,105.2,82.0,118.5,139.4,97.4,120.1
5,1983,116.0,89.8,74.5,69.5,234.4,85.5,101.6,93.0,117.3,102.7,86.5,126.9,125.6,181.2,135.5,113.1,105.2,81.7,118.7,139.3,97.7,120.4
6,1983,116.4,89.7,74.5,69.3,234.4,85.4,102.5,93.9,117.2,102.5,87.4,127.6,127.7,181.4,136.1,113.7,106.0,81.5,119.1,139.4,97.7,122.6
7,1983,116.9,90.2,74.7,69.5,241.1,85.9,102.9,94.8,117.0,101.8,88.8,128.2,128.9,182.0,136.1,113.9,106.7,81.7,119.5,139.9,97.8,123.4
8,1983,117.8,91.2,76.2,69.9,242.0,86.4,104.0,95.6,117.2,101.7,90.3,129.3,131.4,182.1,136.7,114.7,107.8,82.0,120.2,140.1,98.2,125.9
9,1983,118.4,91.7,77.0,69.8,242.3,87.0,104.5,96.0,117.7,102.3,90.4,130.0,131.9,183.7,138.0,115.3,108.1,81.9,120.6,140.5,98.5,126.1
10,1983,119.0,94.3,78.1,70.3,297.0,90.0,105.2,97.6,117.2,102.4,98.8,130.2,130.8,185.2,138.4,114.8,111.8,81.4,120.6,141.0,98.6,124.7
11,1983,120.0,95.9,79.7,70.6,315.2,90.4,106.3,98.0,117.2,101.6,102.0,131.0,132.2,186.1,137.9,115.2,113.4,81.5,121.9,142.1,99.7,126.3
12,1983,121.0,96.4,80.2,70.8,315.7,90.2,107.1,97.9,117.8,101.2,102.4,132.2,134.7,186.8,138.3,116.1,114.0,82.6,123.1,143.2,100.3,128.6
1,1984,121.5,96.6,80.5,69.8,321.4,89.6,107.3,97.4,117.3,99.9,103.0,132.6,136.0,187.0,137.5,116.2,114.1,82.6,124.2,144.4,101.2,130.1
2,1984,120.8,96.3,80.9,69.2,311.9,89.1,106.2,96.4,116.4,98.9,100.8,131.5,132.9,186.7,136.6,115.2,112.3,81.9,123.8,144.6,101.3,127.2
3,1984,120.3,96.6,81.8,69.2,302.6,89.1,105.7,95.9,116.9,99.0,98.9,130.4,129.3,185.3,136.3,114.8,111.2,81.9,123.7,144.7,102.0,124.0
4,1984,120.1,95.6,79.2,69.1,303.3,87.5,106.1,96.4,117.4,98.6,98.9,129.9,130.5,182.9,131.7,115.2,111.5,82.9,124.2,144.6,102.8,125.1
5,1984,121.0,95.8,79.9,69.2,307.3,86.0,107.0,96.7,118.7,98.9,100.8,130.7,130.9,182.6,132.9,116.3,113.4,83.1,126.1,146.2,104.7,128.3
6,1984,122.2,97.3,81.9,69.5,305.3,89.0,108.2,98.7,118.7,99.7,101.2,131.5,131.7,184.1,133.0,116.7,113.5,84.1,127.3,147.8,105.8,128.3
7,1984,124.0,98.2,82.9,70.3,314.3,88.1,109.7,99.2,120.2,99.9,104.2,133.6,133.9,184.4,134.2,118.2,116.0,87.5,129.8,150.1,108.0,132.2
8,1984,124.7,98.5,82.2,71.5,335.0,87.3,110.1,99.2,119.4,99.4,106.9,134.4,135.3,185.8,134.9,118.2,117.0,88.1,130.5,151.5,108.2,133.0
9,1984,127.5,100.4,83.8,72.9,345.5,87.5,112.6,100.8,120.8,99.9,110.2,137.3,139.4,189.3,136.5,120.3,119.7,89.2,134.3,155.4,111.7,137.7
10,1984,128.5,101.3,85.2,73.2,347.5,88.3,113.8,102.3,120.9,99.6,111.9,138.0,140.4,190.8,136.6,120.7,120.6,89.3,135.7,156.8,112.9,139.3
11,1984,127.4,101.4,84.9,76.0,345.4,85.6,111.8,100.4,119.5,98.5,110.9,135.6,134.2,190.0,135.6,119.3,119.2,86.8,136.7,160.7,113.1,136.4
12,1984,130.1,103.2,86.1,76.2,350.0,87.1,114.4,102.3,119.8,98.1,113.5,138.5,139.8,192.9,136.0,120.9,120.7,88.8,139.7,164.0,115.5,139.7
1,1985,129.7,103.5,82.8,76.8,374.0,95.1,114.7,102.7,118.9,97.4,115.2,137.6,140.7,188.8,131.4,121.0,121.1,89.1,139.9,163.4,115.4,142.1
2,1985,131.1,104.6,83.8,78.3,385.2,93.7,116.6,104.0,120.5,97.5,118.8,138.9,142.6,188.1,131.6,122.2,123.8,92.2,141.8,165.0,117.0,145.8
3,1985,132.7,105.3,83.6,79.1,385.0,94.2,118.1,105.7,122.2,98.4,119.1,140.5,144.6,190.8,132.1,123.5,124.7,94.3,143.2,166.8,119.0,145.3
4,1985,130.6,104.8,84.6,77.6,370.8,94.9,115.2,103.3,120.4,98.4,114.9,138.2,140.0,189.8,129.3,121.5,121.3,95.4,140.4,164.1,118.0,136.3
5,1985,131.4,105.5,85.5,78.0,367.0,95.0,115.9,103.9,121.6,99.1,115.3,139.0,140.8,190.6,130.4,122.5,122.1,94.8,141.0,164.7,118.8,136.7
6,1985,130.4,104.1,83.5,77.7,361.4,93.5,115.1,103.2,120.9,98.8,113.8,138.1,140.0,189.3,129.0,122.0,121.2,94.5,139.9,163.6,117.9,135.3
7,1985,129.3,103.2,83.0,77.3,353.1,92.8,113.2,102.1,120.2,99.4,111.3,137.3,137.8,192.6,130.1,121.3,119.4,91.6,138.3,162.8,117.0,130.1
8,1985,130.3,102.4,81.8,77.1,349.4,93.6,113.2,101.7,124.3,105.5,109.6,139.6,138.2,199.8,137.7,124.2,120.6,90.3,138.2,163.1,117.1,129.7
9,1985,131.6,103.2,82.4,77.9,353.3,93.7,114.6,103.0,125.5,105.9,111.2,140.9,139.9,200.7,138.5,125.4,122.1,91.1,139.6,164.5,118.3,131.6
10,1985,130.3,102.8,83.0,77.3,339.2,94.2,112.6,101.6,125.0,106.4,107.7,139.1,134.6,200.8,139.2,124.1,119.6,89.5,138.5,163.8,118.6,126.0
11,1985,130.5,102.5,82.7,77.1,332.1,94.0,112.5,101.2,125.8,106.9,106.2,139.3,133.6,201.5,140.2,124.4,119.0,90.3,138.9,164.7,119.7,124.5
12,1985,131.2,102.3,81.3,77.4,342.9,93.0,112.2,101.1,126.8,107.3,105.1,140.1,132.3,205.9,141.4,124.8,118.7,91.4,140.1,168.3,120.1,123.2
1,1986,130.3,101.7,80.4,77.1,344.6,92.5,111.5,100.6,127.3,107.8,104.9,138.9,129.7,204.3,140.5,124.5,118.6,91.0,139.6,167.8,119.9,122.1
2,1986,129.4,101.0,79.9,76.3,339.7,94.0,110.3,99.9,127.1,109.7,102.8,138.0,126.7,206.2,142.2,123.7,117.3,89.6,138.4,167.3,118.6,119.7
3,1986,128.8,101.4,81.6,75.9,330.3,95.5,109.5,99.5,126.8,111.1,102.1,137.4,124.5,206.3,143.3,123.2,116.6,89.4,137.3,165.8,118.2,117.0
4,1986,127.7,100.5,80.3,75.7,332.0,94.1,109.0,99.9,126.1,110.9,102.8,136.3,124.1,204.3,142.5,122.6,116.7,87.0,136.1,164.2,117.0,117.0
5,1986,127.1,100.3,80.9,75.1,327.4,94.8,108.1,99.2,125.3,111.3,101.9,135.7,123.2,204.5,142.9,121.9,115.9,86.3,135.2,163.3,115.9,115.9
6,1986,130.0,104.8,88.7,76.8,326.6,102.0,109.9,100.5,126.8,117.0,102.6,139.2,124.7,218.7,145.8,123.2,117.0,88.5,136.5,164.9,117.1,117.1
7,1986,130.7,104.5,88.6,76.7,322.3,102.6,109.4,99.5,126.4,118.4,101.3,139.8,124.0,221.0,148.2,123.5,116.0,89.7,138.0,167.4,119.5,115.7
8,1986,131.2,104.6,88.0,76.6,333.6,102.6,109.7,98.8,127.3,119.7,100.3,140.3,122.6,224.4,149.1,123.7,115.6,91.8,138.8,168.9,120.3,115.0
9,1986,133.2,108.7,89.4,88.0,346.5,102.9,110.7,100.0,128.6,122.0,102.3,141.7,122.6,228.6,151.9,124.8,117.3,91.8,140.9,173.2,121.2,115.8
10,1986,133.4,110.9,90.0,94.9,356.9,103.2,110.7,100.3,128.6,122.7,103.1,141.4,121.7,228.5,152.7,124.9,117.6,90.2,141.0,173.9,121.0,115.7
11,1986,133.0,110.5,89.3,95.2,351.6,102.5,110.6,100.1,128.4,122.6,102.8,140.9,121.8,227.8,152.0,125.0,117.6,88.2,140.8,173.8,120.4,116.3
12,1986,132.2,110.0,88.9,95.1,346.3,102.0,110.0,99.4,127.5,123.2,101.6,139.8,120.4,226.6,151.0,124.1,116.5,87.3,140.1,173.2,119.9,115.0
1,1987,129.7,107.2,85.0,94.2,336.7,99.8,107.6,98.0,125.9,121.8,98.4,137.1,116.6,224.4,149.3,122.1,113.5,85.8,137.5,171.4,118.0,110.4
2,1987,128.9,107.3,85.1,93.9,349.6,100.9,106.8,97.0,124.1,121.3,99.6,136.3,115.5,223.9,148.7,121.0,113.4,84.7,136.4,170.5,116.8,109.4
3,1987,128.4,107.2,85.0,94.6,348.5,100.8,106.6,96.8,123.5,121.4,99.7,135.6,115.5,222.8,148.1,120.6,113.3,83.1,135.7,169.4,116.2,108.7
4,1987,128.2,107.8,87.1,94.5,346.4,101.3,105.8,96.2,122.8,120.1,99.1,135.3,113.8,223.7,151.3,119.6,112.5,81.6,135.2,169.8,115.9,107.0
5,1987,128.1,107.9,87.2,93.5,345.8,102.0,105.7,96.2,123.7,120.3,98.4,135.1,113.2,223.2,150.8,119.9,112.5,81.9,135.2,169.4,116.6,106.2
6,1987,128.7,108.6,88.4,93.8,345.8,103.1,106.3,96.8,123.7,120.3,99.4,135.6,114.3,224.2,150.7,120.3,113.2,81.4,135.9,169.9,116.9,107.9
7,1987,128.5,109.0,89.2,94.0,346.6,103.1,106.4,97.1,122.1,118.7,100.6,135.2,114.9,223.3,148.1,119.6,113.1,81.0,136.0,170.0,116.5,108.6
8,1987,128.3,109.0,89.1,93.8,351.4,102.2,106.5,97.3,121.8,117.4,101.2,134.8,114.7,222.1,146.2,119.3,113.3,81.2,136.2,170.0,116.6,109.2
9,1987,127.3,108.5,88.0,93.6,355.7,102.5,105.6,96.6,121.1,116.8,100.3,133.4,112.7,221.7,144.5,118.4,112.4,79.4,135.3,169.6,116.0,107.3
10,1987,126.6,108.1,86.8,93.3,359.0,103.2,105.1,96.4,119.9,115.1,100.0,132.3,111.5,220.8,142.0,117.3,111.6,79.2,134.9,169.7,115.4,106.2
11,1987,124.7,106.1,85.2,91.5,344.2,101.5,103.1,95.1,118.7,113.3,96.3,130.2,108.3,218.6,139.5,115.3,108.6,80.2,132.8,168.0,114.7,101.4
12,1987,124.2,105.9,85.9,91.0,341.2,102.1,102.1,94.0,118.9,114.7,95.3,129.9,106.6,220.7,143.5,114.9,108.1,78.5,131.7,167.2,113.7,99.7
1,1988,122.8,104.6,83.9,91.4,341.3,99.4,101.4,93.7,116.2,110.9,95.8,128.1,106.2,218.0,138.5,113.0,107.1,77.3,131.0,166.6,112.6,99.7
2,1988,121.6,103.8,82.6,91.4,343.8,98.2,101.2,94.0,113.6,107.3,96.5,126.4,106.3,213.5,133.4,111.4,106.4,76.3,130.5,165.8,111.6,100.7
3,1988,119.8,102.6,81.2,91.4,340.1,96.2,99.9,93.2,111.4,105.0,95.7,124.1,104.6,209.9,129.2,109.4,104.8,75.1,128.9,164.1,110.3,98.8
4,1988,118.8,102.1,80.2,91.5,338.9,96.7,99.3,93.1,110.0,103.6,95.6,122.7,103.8,206.6,126.2,108.3,104.1,74.5,127.8,162.6,109.6,97.5
5,1988,118.5,102.0,80.5,91.4,335.7,96.3,99.5,93.5,109.6,102.9,96.0,122.2,103.9,205.6,124.8,108.1,104.2,73.1,127.7,162.0,109.5,97.9
6,1988,118.4,101.9,79.8,92.0,340.0,96.0,100.0,93.7,108.6,102.2,97.3,122.2,105.7,205.6,123.4,108.0,104.6,71.6,127.8,161.7,108.6,100.7
7,1988,118.7,101.7,79.0,92.6,345.9,94.1,101.0,94.7,108.1,101.0,99.7,122.6,108.5,203.4,121.0,108.3,105.9,72.1,128.3,161.5,108.2,104.2
8,1988,119.2,101.8,78.4,93.0,353.3,92.3,102.1,95.8,109.4,101.0,101.6,123.1,109.7,201.9,120.0,109.2,107.6,72.6,128.9,161.4,108.8,105.8
9,1988,121.6,105.2,84.0,93.6,374.9,95.4,102.7,96.3,109.9,101.1,103.6,125.9,109.5,209.9,128.0,109.5,108.7,73.8,130.9,166.4,109.3,106.0
10,1988,121.6,109.7,94.3,93.7,370.2,105.2,101.8,95.9,108.1,105.5,102.5,125.1,107.1,208.7,126.3,107.7,107.2,82.2,130.0,167.4,107.6,103.9
11,1988,120.7,110.6,97.2,93.2,362.0,106.8,100.8,95.2,108.0,106.0,100.6,123.4,103.8,206.5,125.5,106.6,105.8,82.8,128.8,166.4,107.2,100.8
12,1988,120.0,111.3,99.1,93.9,361.8,107.7,100.3,94.8,106.4,105.1,100.9,122.6,103.3,203.8,124.4,105.4,105.2,83.4,127.9,165.6,105.8,100.3
1,1989,121.8,116.5,108.7,94.6,368.5,113.0,102.0,95.7,106.3,106.5,104.8,123.8,105.6,202.9,122.9,106.1,107.2,85.5,129.5,166.0,107.2,102.9
2,1989,122.5,118.7,113.5,94.3,370.6,116.7,102.7,96.1,106.2,107.8,106.0,124.5,106.6,203.0,123.0,106.3,107.8,88.0,129.8,165.6,107.2,103.8
3,1989,123.6,120.3,115.7,95.2,372.4,119.5,103.9,97.2,107.0,110.7,107.2,125.6,108.1,203.3,123.3,107.1,108.8,91.1,130.4,166.1,107.4,105.2
4,1989,126.0,122.7,116.7,94.9,370.0,126.4,106.0,99.5,107.4,111.8,106.9,128.7,113.9,208.0,123.2,108.6,108.8,95.1,131.2,167.6,107.7,105.1
5,1989,127.6,125.0,120.8,95.5,380.8,128.8,107.5,100.2,107.8,113.0,109.5,130.4,117.0,208.9,123.9,109.6,110.6,97.2,132.6,168.6,108.1,108.6
6,1989,129.4,129.8,131.3,96.1,382.3,134.8,108.7,100.8,108.3,115.8,111.5,131.8,118.1,209.7,123.8,110.4,112.0,102.2,134.5,170.1,109.3,111.2
7,1989,126.3,123.6,119.8,95.5,374.7,128.0,105.8,98.8,107.1,113.9,107.2,129.2,114.5,209.3,123.0,108.2,109.0,100.4,131.2,168.3,106.2,107.4
8,1989,126.9,127.6,129.6,95.7,378.4,131.9,106.2,98.3,106.6,115.3,109.7,129.4,114.6,209.1,123.0,108.2,110.0,100.0,131.8,167.7,106.9,108.5
9,1989,126.7,125.8,125.1,96.2,381.0,128.7,106.5,98.8,107.4,115.0,109.9,129.4,115.1,208.6,123.1,108.6,110.6,99.3,131.7,167.6,106.4,109.6
10,1989,124.6,121.8,117.6,95.8,374.5,123.6,104.7,97.9,106.6,113.5,107.0,127.6,112.6,206.9,121.9,107.3,108.7,98.2,129.7,166.5,104.7,107.1
11,1989,124.3,122.0,118.4,96.1,372.9,124.1,104.2,97.4,106.1,114.3,106.1,127.1,111.2,208.1,120.9,106.9,108.1,99.0,129.6,166.7,104.3,106.8
12,1989,125.0,122.9,119.4,96.2,365.4,125.7,104.1,97.2,104.9,113.8,103.9,126.9,109.6,209.6,118.9,106.8,106.3,99.2,131.8,170.6,107.4,104.4
1,1990,124.4,120.7,115.3,96.7,361.5,121.1,103.4,96.8,104.7,112.0,102.6,125.3,106.1,207.0,117.5,106.4,105.3,98.1,133.4,173.7,110.1,102.2
2,1990,124.9,120.5,113.5,96.5,358.7,122.2,103.9,97.6,105.8,112.4,101.4,125.9,106.7,208.2,117.5,106.8,104.9,100.7,133.3,174.1,110.6,100.8
3,1990,124.4,119.4,112.3,97.8,362.4,119.6,103.4,97.2,105.0,111.6,102.0,125.4,106.1,209.2,117.4,106.2,105.0,99.6,133.4,175.3,109.4,102.3
4,1990,123.9,120.4,115.9,97.3,358.0,122.5,102.5,96.3,104.0,112.0,101.4,124.7,104.6,209.3,117.0,105.4,104.1,99.9,132.7,174.9,108.9,100.6
5,1990,124.0,122.6,121.8,96.7,355.9,127.8,102.2,95.9,104.1,113.8,100.8,124.4,103.2,208.2,117.3,105.1,103.7,103.0,132.7,175.2,109.2,99.3
6,1990,124.4,124.2,125.5,96.7,360.6,130.4,102.6,96.4,104.1,114.6,101.8,124.5,103.3,207.3,117.1,105.1,104.2,104.8,133.1,176.0,109.3,99.7
7,1990,123.3,124.3,128.1,95.5,354.2,131.5,101.2,95.5,102.7,114.4,100.4,123.0,100.8,205.5,116.2,103.7,102.7,105.5,131.8,175.3,108.4,97.0
8,1990,123.6,126.5,133.6,96.1,353.6,138.6,100.6,95.4,102.2,115.9,99.3,123.0,98.7,209.0,118.2,103.1,101.6,106.6,131.5,176.9,108.1,94.1
9,1990,124.1,126.8,134.3,96.7,356.2,138.5,101.2,96.2,103.4,116.7,99.6,123.6,98.3,212.2,120.7,103.5,102.3,104.6,131.9,177.6,108.6,94.4
10,1990,123.7,128.1,139.1,95.9,351.5,140.7,100.5,95.5,103.0,117.0,99.0,122.8,96.5,209.8,119.8,102.8,101.6,107.0,131.4,176.4,109.0,92.3
11,1990,126.9,142.0,176.5,95.3,346.0,158.7,101.6,95.6,102.4,120.3,102.4,123.7,94.9,209.2,118.1,103.4,102.6,111.7,135.6,178.2,115.5,91.0
12,1990,126.2,138.6,166.5,96.4,346.2,150.8,101.3,95.2,101.7,117.4,101.9,122.9,95.0,206.9,116.5,103.0,102.1,111.2,136.3,179.8,115.9,91.7
1,1991,124.8,134.7,155.4,97.1,350.8,145.5,101.0,94.6,99.9,114.6,101.7,121.8,95.6,205.5,114.2,101.7,101.1,109.3,134.8,179.0,113.7,91.8
2,1991,123.3,130.9,145.3,96.9,347.8,140.9,99.6,93.9,99.5,112.7,99.3,120.6,94.4,204.9,113.3,100.7,99.5,107.6,133.3,178.3,112.5,89.8
3,1991,124.7,130.6,142.1,98.0,361.7,139.7,102.2,95.6,100.0,112.3,102.8,122.3,98.6,204.6,113.4,102.0,102.0,108.6,134.9,179.6,112.3,95.3
4,1991,125.0,129.5,139.5,97.2,366.4,138.1,102.8,96.3,100.1,111.6,104.6,122.9,100.9,203.0,113.7,102.5,103.2,107.8,135.3,179.2,112.3,97.5
5,1991,125.1,129.2,138.1,97.5,372.9,137.3,103.0,96.3,99.8,111.0,105.2,123.2,101.4,202.8,114.6,102.5,103.4,107.6,135.4,179.8,111.9,98.3
6,1991,125.4,127.8,134.1,98.0,380.5,134.8,103.7,96.9,99.6,110.1,106.6,123.9,103.7,202.6,114.5,102.9,104.2,107.6,135.9,180.4,111.4,101.4
7,1991,125.1,125.7,128.5,97.4,380.9,130.7,104.2,97.2,99.9,109.4,105.8,123.7,103.3,201.9,114.0,102.8,104.0,106.9,135.7,180.9,110.9,101.4
8,1991,126.7,134.3,150.4,96.3,377.2,141.6,104.5,96.5,99.5,112.3,107.4,124.0,101.9,202.2,113.1,103.0,104.4,109.4,137.2,180.5,113.7,99.8
9,1991,125.3,131.4,144.4,96.3,371.1,138.0,103.3,95.7,99.2,111.3,105.3,122.7,100.2,201.6,112.5,102.2,103.1,108.0,135.8,179.4,112.8,97.7
10,1991,125.9,135.3,155.2,96.0,371.0,143.5,103.2,95.3,98.7,112.1,106.3,123.0,99.7,201.3,112.5,102.0,103.2,109.7,136.2,178.7,113.6,97.2
11,1991,124.0,131.1,145.7,95.6,365.0,138.1,101.5,94.3,97.9,109.7,103.2,121.2,97.3,200.4,111.6,100.6,101.1,108.3,134.4,178.3,112.2,94.2
12,1991,123.8,132.1,148.0,95.5,360.4,138.6,101.1,94.0,98.3,109.2,101.9,120.6,95.3,199.4,110.2,100.2,100.2,110.5,134.6,178.7,113.5,91.7
1,1992,123.6,131.3,146.5,95.3,355.8,137.6,100.8,93.3,98.4,108.4,101.3,120.0,95.3,196.9,109.0,100.0,100.0,111.4,135.4,179.6,114.1,93.0
2,1992,124.1,131.3,144.2,95.8,360.6,136.4,101.6,93.4,100.0,108.4,101.4,120.5,96.1,194.5,108.9,101.1,100.9,112.3,136.3,180.0,115.2,94.6
3,1992,125.3,133.6,147.4,96.6,372.1,137.9,102.8,94.0,100.8,109.1,103.3,121.3,97.4,193.8,108.8,102.3,102.4,112.5,138.0,181.1,116.5,96.7
4,1992,124.7,133.5,148.3,96.1,365.4,138.0,102.1,93.2,100.3,108.6,102.4,120.6,96.6,191.5,108.3,101.8,101.7,112.6,137.4,180.2,116.3,95.5
5,1992,123.9,131.0,142.6,95.6,360.2,135.1,101.4,92.7,100.9,108.1,100.5,120.0,95.6,190.5,108.9,101.5,101.0,112.7,136.3,179.5,115.9,94.0
6,1992,123.5,131.4,144.9,95.3,351.7,136.2,100.8,92.2,100.6,108.6,99.4,119.5,94.3,190.9,108.9,101.0,100.1,113.1,136.0,179.3,116.1,92.4
7,1992,122.2,130.7,144.8,95.1,343.0,135.7,99.0,90.6,99.8,108.0,97.1,118.1,91.6,190.9,108.2,99.8,98.3,113.2,134.6,178.5,115.4,89.5
8,1992,121.6,129.9,143.6,94.9,339.2,134.5,98.2,89.8,99.4,107.3,95.9,117.3,90.3,190.3,107.5,99.1,97.4,114.1,134.3,178.5,115.2,88.5
9,1992,123.3,131.3,144.6,95.2,350.1,134.7,99.6,91.5,101.2,107.7,96.9,118.7,91.6,192.0,108.3,100.6,98.6,115.3,137.1,182.3,117.7,90.6
10,1992,125.2,132.5,145.7,95.7,355.3,135.4,101.5,93.9,103.1,108.7,98.7,120.8,94.8,192.8,110.3,102.7,100.6,116.3,139.3,183.8,119.2,94.6
11,1992,127.2,134.3,147.1,96.5,370.9,136.0,103.8,95.4,104.6,109.0,102.2,123.0,98.2,193.2,110.9,104.5,103.2,118.8,141.8,185.3,120.8,99.6
12,1992,127.2,133.5,145.2,96.3,369.7,134.5,104.1,96.3,104.3,107.9,102.4,122.7,98.3,191.7,110.0,104.5,103.2,118.7,142.1,185.4,121.5,99.6
1,1993,127.6,132.8,143.9,95.2,366.2,134.1,104.9,97.4,104.7,107.6,103.0,123.4,100.1,191.5,109.7,105.0,103.8,119.9,142.4,185.3,121.5,101.2
2,1993,127.6,132.5,144.0,94.3,368.9,134.2,106.0,97.9,103.8,106.9,104.2,123.4,101.4,191.1,109.1,104.7,104.0,118.9,142.4,184.2,120.8,103.7
3,1993,127.7,132.6,143.8,93.9,370.7,134.1,106.8,98.1,103.4,107.0,104.2,123.5,101.6,191.5,109.2,104.5,103.9,117.0,142.1,184.2,120.2,103.7
4,1993,126.9,132.2,143.6,93.4,362.6,134.2,106.1,97.8,103.9,106.9,102.4,122.4,99.4,190.3,108.8,104.0,103.0,116.9,141.1,183.1,120.3,100.3
5,1993,127.0,132.4,144.0,93.5,358.3,135.0,106.3,97.8,104.4,107.3,102.3,122.5,99.2,190.2,109.2,104.1,103.2,117.4,141.1,183.0,120.5,100.4
6,1993,127.2,131.2,140.3,93.6,360.3,131.9,107.1,98.4,105.2,106.2,103.5,123.0,100.9,189.5,109.3,104.7,104.2,115.8,140.9,181.3,120.6,101.9
7,1993,127.7,131.8,140.8,93.5,371.8,131.9,108.0,99.2,105.4,106.1,105.6,123.8,103.2,189.6,109.5,105.3,105.5,115.3,141.1,180.4,120.4,104.1
8,1993,128.6,133.7,144.6,93.6,375.2,135.3,109.0,100.3,106.7,107.6,105.6,124.5,103.5,190.0,109.9,106.1,106.1,118.7,141.7,180.9,121.2,104.6
9,1993,128.0,133.4,144.4,93.5,366.7,135.6,108.2,99.9,107.0,107.6,103.5,123.8,101.4,189.5,109.4,105.7,104.9,120.4,140.7,179.8,121.2,101.8
10,1993,128.4,134.2,145.5,93.7,371.8,136.5,108.7,100.7,107.5,107.9,104.6,124.3,102.4,189.3,109.7,106.3,105.8,120.4,140.8,179.3,121.2,102.8
11,1993,128.6,134.3,145.7,93.6,378.1,136.2,109.1,100.8,107.3,108.1,106.2,125.0,104.3,189.6,110.1,106.6,106.7,119.9,140.6,178.6,120.5,104.3
12,1993,128.4,133.9,144.7,93.3,376.9,134.7,109.0,101.1,107.6,107.0,106.3,124.6,104.1,189.0,109.1,106.5,106.6,119.7,140.4,178.3,120.7,103.4
1,1994,132.8,138.7,144.0,95.4,518.2,133.1,111.7,102.1,107.1,106.8,118.3,126.9,104.4,192.9,110.9,108.7,111.5,118.1,149.6,190.7,132.6,103.7
2,1994,133.1,138.4,143.0,94.6,501.7,132.5,112.5,103.1,109.2,107.3,117.6,127.0,103.8,192.2,111.5,109.7,112.0,118.0,150.1,190.3,133.9,103.8
3,1994,133.6,136.7,138.0,94.3,484.5,132.7,112.9,103.2,111.8,110.3,115.3,128.0,104.0,194.0,114.5,111.1,112.3,119.6,150.2,190.3,134.6,103.5
4,1994,133.9,137.2,138.0,94.2,481.4,133.0,113.1,103.1,113.4,111.6,115.0,128.5,104.0,194.3,115.8,112.1,112.9,120.1,150.3,189.8,134.9,103.7
5,1994,132.4,136.0,136.9,93.5,467.2,131.7,111.7,101.8,112.8,110.4,112.4,126.9,101.9,191.9,114.5,111.0,111.2,119.1,148.6,187.9,133.8,101.6
6,1994,131.1,132.0,129.0,93.5,455.6,127.7,110.8,101.4,113.2,110.0,109.9,126.2,101.5,191.4,115.0,110.7,110.2,117.4,147.0,186.8,132.1,101.0
7,1994,130.3,131.7,130.0,92.6,444.4,128.3,109.8,100.5,113.0,110.5,108.1,125.3,99.9,191.0,115.0,110.1,109.1,117.4,146.1,185.5,131.4,99.6
8,1994,129.6,130.4,127.5,92.5,442.7,126.6,109.4,100.3,112.8,109.7,107.3,124.8,100.0,189.9,114.5,109.7,108.7,116.7,145.3,184.8,130.3,99.8
9,1994,128.3,129.1,126.0,92.2,437.7,125.7,108.1,99.2,111.5,109.1,106.0,123.8,99.1,188.9,113.9,108.6,107.4,115.8,143.3,182.8,128.1,98.5
10,1994,127.1,127.5,123.6,91.7,431.7,124.1,107.1,98.6,111.3,108.6,104.6,122.7,98.0,187.7,113.5,107.9,106.5,115.0,141.7,181.2,126.8,96.8
11,1994,126.9,126.6,121.3,91.7,433.8,122.1,107.3,98.6,112.0,108.5,105.0,122.8,98.8,186.6,113.5,108.3,107.1,113.9,141.5,180.5,126.3,97.8
12,1994,129.2,127.2,121.4,91.8,435.2,123.9,109.3,99.6,116.9,115.5,105.9,126.4,102.4,191.5,120.9,112.2,110.3,113.8,142.5,180.7,126.7,100.9
1,1995,134.4,128.5,123.5,91.3,419.7,131.4,112.0,100.3,127.2,134.6,104.6,134.8,107.9,208.5,141.1,120.1,115.1,117.1,143.8,181.8,127.5,103.8
2,1995,133.5,127.4,121.9,90.8,414.8,131.2,111.4,99.9,126.0,133.7,103.4,134.1,107.4,208.1,140.0,119.1,113.9,117.6,142.9,180.8,126.4,103.0
3,1995,134.9,128.0,124.1,90.3,397.2,135.5,111.9,100.7,129.3,141.4,100.8,136.5,108.3,214.1,147.6,121.5,114.0,119.0,142.5,180.2,126.5,102.0
4,1995,130.6,125.8,122.6,89.1,386.9,132.1,108.8,98.9,123.0,131.5,98.6,130.9,104.3,203.7,136.8,116.3,109.7,116.2,139.3,176.4,123.9,98.8
5,1995,127.9,124.3,120.3,89.1,389.0,128.6,107.2,97.7,119.6,124.8,98.7,127.5,102.3,196.0,129.9,113.2,108.1,115.0,137.3,173.7,121.6,98.4
6,1995,128.0,124.2,119.9,89.1,385.3,128.6,107.3,97.6,121.0,125.9,98.1,127.8,102.2,196.2,130.9,113.7,108.3,115.8,137.0,173.1,121.7,97.8
7,1995,126.5,123.4,119.5,88.9,381.8,127.1,105.9,96.6,118.8,123.2,97.4,126.0,100.5,194.2,128.1,112.0,106.8,114.4,135.5,171.7,120.2,96.5
8,1995,127.2,124.4,121.2,89.3,387.7,127.3,106.6,96.8,119.1,123.1,98.8,126.8,101.7,194.7,128.0,112.6,107.9,114.5,136.1,172.2,120.3,98.0
9,1995,127.5,124.8,122.0,89.6,390.7,127.0,107.4,97.7,119.0,123.1,100.2,127.0,102.1,195.1,128.0,112.7,108.6,113.9,136.2,172.4,120.2,98.3
10,1995,128.0,125.0,122.4,89.5,390.1,127.9,107.6,97.9,120.0,125.6,99.7,127.9,102.1,198.1,130.5,113.4,108.7,114.0,136.0,172.5,120.1,97.4
11,1995,129.9,125.5,123.0,89.5,389.8,130.6,108.6,97.9,123.5,132.5,99.5,131.0,104.1,205.0,137.9,116.1,110.4,115.4,136.5,173.3,120.1,98.3
12,1995,129.7,125.2,121.5,89.2,392.1,129.2,109.0,98.3,123.8,130.7,99.9,130.5,103.9,202.7,136.2,115.9,110.7,115.7,136.7,173.3,120.5,98.7
1,1996,129.2,124.9,121.5,88.2,393.2,128.0,109.0,98.3,122.5,127.8,100.4,129.5,103.4,200.3,133.1,115.0,110.3,115.3,136.8,173.3,120.4,99.0
2,1996,128.9,124.6,120.8,87.8,392.9,127.3,109.0,98.2,122.6,126.8,100.3,129.0,102.9,199.2,132.0,114.8,110.2,114.6,136.8,173.0,120.7,99.1
3,1996,128.7,124.9,121.2,88.9,394.7,127.4,108.7,98.2,121.9,126.2,100.9,128.6,102.8,199.0,131.2,114.4,110.2,113.8,136.6,172.8,120.4,99.1
4,1996,127.9,124.5,120.4,89.0,394.8,126.2,108.3,97.8,120.8,123.7,101.0,127.5,102.4,196.2,128.7,113.5,109.8,112.8,136.3,172.3,120.0,99.3
5,1996,127.8,124.4,120.1,88.9,396.0,125.4,108.3,97.7,120.8,122.5,101.4,127.2,102.4,194.7,127.7,113.4,110.1,112.2,136.5,172.3,120.1,99.8
6,1996,127.6,124.3,119.9,89.3,393.9,125.1,108.0,97.6,120.6,122.3,101.4,127.1,102.3,194.7,127.6,113.2,109.9,112.7,136.1,172.2,119.8,99.1
7,1996,127.2,123.8,118.9,89.0,392.1,124.7,107.6,97.4,120.7,122.1,100.7,126.7,101.5,194.3,127.4,113.0,109.5,112.6,135.9,172.0,119.7,98.5
8,1996,126.6,123.5,118.0,89.1,391.8,124.0,107.3,97.4,120.2,120.6,100.4,125.7,100.7,192.5,125.7,112.2,108.9,112.8,135.7,171.7,119.8,98.1
9,1996,126.6,123.5,118.0,89.0,393.8,123.9,107.5,97.6,120.1,120.2,101.0,125.7,100.9,191.9,125.3,112.2,109.3,112.2,135.8,171.7,119.8,98.4
10,1996,126.6,123.4,117.6,89.1,397.9,124.2,107.4,97.5,119.4,120.5,101.9,125.9,101.7,192.4,125.7,112.1,109.7,112.0,135.5,171.5,119.2,98.5
11,1996,126.2,122.9,117.1,89.0,395.7,124.4,106.7,97.2,118.9,121.2,101.5,125.7,101.4,193.0,126.3,111.8,109.3,111.2,134.7,170.9,118.4,97.2
12,1996,126.4,123.0,115.7,89.5,402.7,122.7,107.2,97.9,119.4,119.0,102.6,125.5,101.8,190.4,124.5,112.0,110.0,111.6,135.5,171.8,119.4,97.9
1,1997,126.4,123.3,116.7,89.4,404.8,123.2,107.3,97.8,118.2,117.7,103.3,125.6,103.1,189.9,123.1,111.6,110.0,112.1,135.5,171.4,118.9,99.4
2,1997,127.3,123.9,117.1,89.6,412.4,123.0,108.5,98.9,118.6,116.9,105.3,126.6,105.7,188.3,122.6,112.6,111.5,113.1,136.5,171.8,119.4,102.1
3,1997,128.1,124.2,116.6,90.0,414.5,123.0,109.4,99.7,120.1,117.9,106.0,127.4,106.7,188.6,123.7,113.8,112.6,112.9,137.5,172.4,120.3,103.6
4,1997,128.5,124.3,116.1,90.2,414.9,122.5,110.1,100.6,121.1,117.4,106.6,127.6,106.9,188.0,123.3,114.2,113.3,114.0,138.1,173.0,121.3,103.5
5,1997,127.7,123.9,115.9,90.0,413.6,122.3,109.7,99.9,119.8,116.5,106.2,126.8,106.3,187.1,122.2,113.1,112.5,113.7,137.3,172.1,120.5,103.0
6,1997,128.0,124.0,115.8,90.3,416.0,122.1,110.0,100.3,120.0,116.4,107.1,127.1,107.3,186.8,122.1,113.2,113.0,114.8,137.4,171.9,120.7,103.5
7,1997,129.4,126.4,116.3,95.2,425.6,122.5,110.9,101.9,119.6,115.7,109.8,128.1,109.1,187.3,121.4,113.8,114.3,115.8,139.6,176.9,120.9,104.8
8,1997,131.3,130.1,118.0,102.9,438.7,123.4,113.2,105.6,120.1,115.3,114.2,129.2,110.7,187.3,120.9,114.8,116.6,117.1,142.0,180.8,122.2,107.1
9,1997,132.3,133.8,120.5,111.5,439.6,125.3,114.1,109.0,119.5,114.9,116.4,129.0,108.8,188.1,120.0,114.6,117.0,118.1,143.4,185.5,122.5,105.1
10,1997,133.4,138.2,122.7,124.5,449.8,126.6,115.5,112.8,119.5,115.2,120.4,129.1,107.9,188.6,119.9,114.6,118.5,118.5,144.5,188.8,123.1,103.9
11,1997,135.0,138.6,123.3,122.3,444.2,128.2,116.4,113.6,122.3,118.5,120.0,131.1,108.4,192.5,123.3,116.6,119.6,121.1,145.7,191.2,124.4,103.1
12,1997,138.9,148.5,125.2,156.3,471.9,128.8,120.0,120.3,122.4,117.4,128.6,132.7,109.9,193.8,122.0,117.8,123.2,123.8,150.9,202.9,126.5,104.4
1,1998,144.8,167.6,129.8,242.1,523.5,130.4,125.3,131.1,122.8,117.6,144.1,134.8,111.6,196.3,121.7,119.5,129.5,124.9,158.3,220.3,129.4,106.6
2,1998,142.1,159.4,128.1,204.4,502.1,129.5,122.5,123.8,123.1,118.4,135.4,134.1,111.7,194.9,122.8,119.0,126.4,123.9,154.5,209.9,128.2,106.8
3,1998,141.2,158.3,128.0,202.4,503.8,128.8,122.0,122.5,122.1,117.9,134.9,133.7,112.0,193.9,122.5,118.3,125.9,124.1,152.8,205.8,127.5,106.5
4,1998,139.6,151.1,125.4,171.0,478.7,128.3,121.1,121.1,122.5,117.3,130.3,133.3,111.6,192.5,121.8,117.9,124.2,126.2,150.9,200.7,127.7,105.5
5,1998,140.7,155.3,126.9,190.1,482.9,128.7,121.7,122.7,123.1,117.5,132.1,133.6,110.8,193.1,122.0,118.2,124.9,128.3,152.3,203.8,128.8,104.9
6,1998,144.5,164.5,129.2,230.5,503.5,130.3,124.4,126.7,125.3,120.0,138.2,136.2,112.7,196.0,124.5,120.5,128.5,132.0,156.3,212.2,130.9,106.1
7,1998,144.8,163.6,128.8,222.4,507.6,131.9,125.5,129.0,126.4,120.2,139.6,136.4,112.8,196.1,124.5,121.0,129.6,131.6,156.7,211.4,132.1,106.7
8,1998,145.9,159.6,128.7,194.1,492.9,134.3,126.7,129.6,130.1,123.1,137.2,138.5,113.9,198.8,127.4,123.3,130.4,135.9,157.6,210.7,134.1,107.7
9,1998,145.6,157.1,131.7,176.2,477.4,137.7,124.3,124.4,131.7,128.1,129.9,139.6,112.6,204.2,132.3,124.0,128.2,136.7,156.7,209.6,133.7,106.5
10,1998,142.8,150.0,131.1,146.7,454.9,136.8,122.2,122.0,131.9,127.0,124.3,137.6,109.4,202.7,131.1,122.7,125.4,134.6,154.1,203.4,133.5,104.6
11,1998,141.3,146.8,129.5,138.3,451.2,133.4,121.8,120.7,130.8,124.4,124.3,136.4,109.9,198.8,129.0,121.8,125.0,132.4,152.8,199.3,133.0,105.8
12,1998,140.9,146.3,128.6,137.6,448.9,132.5,121.6,120.3,130.0,122.7,123.7,135.6,109.1,197.7,127.1,120.9,124.2,133.7,153.0,199.8,133.4,105.2
1,1999,142.6,154.1,138.9,147.5,479.2,137.2,122.4,120.1,128.9,123.8,127.7,136.3,109.5,199.2,127.0,120.9,125.6,133.3,154.8,202.0,134.6,106.1
2,1999,144.2,159.0,148.5,147.1,490.5,142.4,123.5,120.6,127.4,123.8,131.0,137.2,111.2,200.6,126.1,121.0,126.7,133.6,156.8,203.8,135.9,107.9
3,1999,145.6,160.6,147.7,150.2,514.5,142.2,124.9,122.2,127.8,122.5,133.3,138.2,112.6,202.1,125.0,121.6,128.0,135.1,159.1,207.7,137.2,109.4
4,1999,143.9,157.4,143.4,148.5,506.5,138.9,124.3,121.9,125.4,119.5,133.3,136.6,112.8,198.0,122.5,120.2,127.0,132.5,157.5,205.3,135.3,110.2
5,1999,142.5,155.2,143.6,142.1,498.1,138.2,123.2,120.7,123.4,118.2,132.3,135.5,112.6,196.8,121.0,119.0,125.7,130.0,155.8,202.4,133.8,110.1
6,1999,143.8,154.9,146.2,133.6,507.0,140.0,124.2,120.9,124.3,119.6,132.9,137.4,114.7,200.8,122.3,120.0,126.6,131.8,157.0,203.4,134.7,111.8
7,1999,144.4,155.2,148.4,129.9,508.2,140.3,124.8,121.4,124.8,118.9,132.8,137.8,114.8,201.8,121.5,120.3,126.8,132.7,158.1,204.4,136.0,112.5
8,1999,145.0,159.5,152.6,140.1,507.4,142.3,124.7,121.9,124.8,119.5,133.3,137.7,113.3,202.1,121.4,120.2,126.7,133.7,158.6,206.4,136.6,110.6
9,1999,146.4,164.5,156.6,152.3,527.0,143.4,125.3,122.9,123.8,119.0,136.2,138.3,113.9,204.5,120.9,120.0,127.6,133.7,160.5,211.0,137.1,110.8
10,1999,146.3,162.2,156.8,140.9,536.3,144.3,124.6,121.8,124.2,120.0,134.8,138.8,113.2,208.3,122.0,119.9,127.1,134.2,160.4,211.2,137.3,109.6
11,1999,146.3,160.6,154.2,137.1,556.3,142.9,125.2,122.1,123.6,118.4,137.0,139.0,115.1,207.5,121.0,119.7,128.0,134.5,160.6,210.6,137.1,111.8
12,1999,146.0,158.8,150.3,136.0,563.1,141.0,125.5,122.4,123.7,117.5,137.8,138.8,116.1,205.6,120.5,119.7,128.4,134.1,160.3,209.6,136.9,112.8
1,2000,124.0,136.5,144.9,136.0,145.7,128.3,123.8,121.8,122.6,116.8,126.4,119.6,115.5,117.1,111.6,118.5,123.1,132.1,125.2,126.8,128.2,112.7
2,2000,124.8,137.1,144.3,138.7,147.5,128.4,125.1,123.1,122.9,116.6,128.7,120.5,118.2,116.2,111.4,119.4,124.5,135.0,126.0,127.2,128.6,115.3
3,2000,125.5,137.8,143.7,141.2,148.8,128.4,126.3,124.6,123.3,116.0,130.7,121.1,119.8,115.4,111.1,120.0,125.7,136.7,126.8,127.7,129.4,116.9
4,2000,126.2,139.2,144.7,144.8,149.3,128.8,127.3,125.7,124.3,116.5,132.4,121.6,121.1,115.0,111.6,120.9,127.0,137.0,127.4,127.8,130.2,117.9
5,2000,128.8,143.1,148.2,152.5,153.5,130.7,130.0,128.1,126.4,118.2,136.6,124.3,125.2,116.4,113.1,123.3,130.2,141.1,129.9,129.9,132.3,122.1
6,2000,128.3,143.5,149.4,155.5,150.0,131.4,128.7,127.2,125.8,119.4,134.9,123.7,122.7,117.4,114.1,122.7,128.9,139.7,129.1,129.9,131.4,119.7
7,2000,128.6,145.1,149.4,161.9,153.4,130.8,129.1,128.2,124.8,117.4,136.9,123.4,122.9,116.9,112.2,122.2,129.1,140.1,129.8,131.2,131.7,120.2
8,2000,128.6,142.8,148.4,151.7,153.2,129.9,129.9,128.6,124.6,116.0,137.3,123.7,124.8,116.4,111.1,122.3,129.5,140.2,130.0,130.6,131.8,122.5
9,2000,130.6,145.5,150.6,157.0,157.2,131.3,132.1,130.6,125.6,116.8,140.6,125.8,128.4,117.5,111.8,123.8,131.7,144.5,132.0,132.3,133.3,126.1
10,2000,132.6,148.0,151.7,162.4,159.6,133.4,134.0,132.6,127.6,118.5,142.7,127.7,130.9,118.4,113.3,125.7,133.8,148.7,133.8,134.2,135.0,127.7
11,2000,133.3,149.5,152.5,165.6,160.4,134.2,134.8,133.6,128.8,118.6,143.3,128.0,130.8,118.2,113.2,126.4,134.5,150.1,134.8,135.1,136.4,128.0
12,2000,130.9,148.0,152.1,163.7,155.7,132.9,132.2,131.5,126.5,116.9,140.0,125.3,126.2,116.8,111.3,124.1,131.4,145.2,132.8,133.7,134.7,123.7
1,2001,130.0,143.6,143.6,163.9,150.0,121.7,131.0,130.9,127.0,113.7,137.3,124.8,123.9,117.4,112.6,123.9,130.2,144.2,131.9,133.4,134.4,122.0
2,2001,130.8,144.5,144.1,165.1,150.9,121.6,132.0,131.4,128.0,114.1,138.6,125.7,125.6,117.1,113.0,124.9,131.5,147.1,132.7,133.4,135.5,123.8
3,2001,132.7,147.6,146.2,171.2,152.0,122.7,133.7,133.4,129.6,114.4,140.3,127.2,127.0,117.8,113.1,126.5,133.0,151.7,134.7,135.6,138.0,124.7
4,2001,133.8,151.7,149.5,183.3,155.3,123.7,134.7,135.0,128.6,113.2,143.3,127.5,127.9,117.8,111.9,126.5,133.8,153.0,136.1,137.6,138.7,125.5
5,2001,133.5,152.4,152.0,183.2,156.0,124.2,134.7,135.2,127.1,112.2,144.8,127.0,128.3,117.3,110.6,125.7,133.7,150.1,136.1,137.5,138.4,126.3
6,2001,133.9,152.6,152.7,182.4,157.1,125.0,135.3,135.7,126.3,112.0,146.5,127.5,130.2,117.6,110.2,125.8,134.3,150.6,136.6,137.5,138.3,128.5
7,2001,133.9,150.9,152.3,173.5,153.9,125.6,135.1,135.3,126.8,112.6,144.4,127.8,130.0,118.9,110.5,126.0,133.7,151.6,136.6,137.3,138.7,128.1
8,2001,131.6,145.4,150.3,152.5,145.3,124.9,132.8,132.8,126.5,112.0,138.3,126.0,126.1,118.3,109.7,124.7,130.6,149.2,134.5,134.6,138.3,124.3
9,2001,133.3,148.8,155.0,157.3,146.0,127.3,134.1,133.9,128.7,114.5,139.1,127.5,126.6,119.7,111.5,126.3,131.9,153.6,135.8,135.6,140.5,124.1
10,2001,134.0,151.0,156.0,165.2,147.2,127.5,134.5,134.5,128.8,114.3,140.4,127.7,126.7,120.1,111.1,126.4,132.4,154.0,136.6,136.8,141.2,124.1
11,2001,133.8,150.1,151.9,167.8,149.0,125.0,135.1,135.5,130.1,113.1,141.1,127.4,127.1,118.6,110.4,126.9,133.3,152.6,136.9,136.9,141.8,125.3
12,2001,132.0,146.7,147.0,164.5,147.4,123.0,133.5,134.0,128.3,111.3,139.4,125.9,126.0,117.0,109.1,125.4,131.6,150.9,135.2,135.4,139.6,124.0
1,2002,132.9,146.4,146.3,161.1,146.0,123.9,134.9,135.3,129.5,111.4,139.2,126.8,127.8,117.1,109.3,126.5,132.1,151.7,135.9,135.8,140.8,124.7
2,2002,133.8,146.8,146.8,158.9,146.9,125.6,136.0,136.3,129.3,111.4,140.0,128.0,130.5,118.0,109.5,127.0,132.6,153.5,136.5,136.2,141.2,126.0
3,2002,133.1,145.3,145.0,155.3,145.9,125.3,135.5,135.9,128.6,110.9,138.9,127.5,130.4,117.7,109.1,126.6,131.7,152.0,135.8,135.4,140.4,125.4
4,2002,132.6,144.0,143.7,151.3,144.5,125.7,135.1,135.7,128.4,111.0,137.9,127.2,129.8,117.5,109.2,126.4,131.1,151.1,135.2,134.9,140.0,124.5
5,2002,131.8,143.6,146.7,146.3,140.9,127.8,133.4,133.5,127.3,112.7,135.5,126.7,128.1,118.6,110.4,125.7,129.5,149.1,133.7,133.2,138.7,122.1
6,2002,131.1,143.9,150.8,142.0,136.5,130.2,131.9,132.0,126.5,114.2,133.1,126.0,125.6,119.9,111.1,124.9,127.9,146.5,132.6,132.2,138.2,119.2
7,2002,131.1,145.8,155.8,143.0,135.3,131.9,131.2,131.4,126.5,115.0,131.9,125.9,123.3,120.6,111.3,124.5,127.1,149.6,132.3,132.0,139.1,116.2
8,2002,132.7,148.2,160.5,143.4,136.5,133.9,132.6,132.7,127.9,115.8,133.5,127.4,124.8,121.4,112.0,125.9,128.5,153.4,133.9,133.4,140.8,117.6
9,2002,133.8,150.4,165.4,143.9,136.3,136.0,133.1,133.1,128.9,117.5,133.7,128.3,124.9,122.9,113.1,126.8,129.2,154.0,134.7,134.2,142.1,117.2
10,2002,134.6,153.6,172.4,146.5,136.3,138.4,133.6,133.6,129.0,118.5,135.0,128.7,124.9,123.5,113.2,127.3,129.8,153.7,135.6,135.1,143.2,117.1
11,2002,132.6,149.6,165.6,143.1,134.0,135.7,131.9,132.2,127.7,117.4,132.9,127.0,123.4,121.8,112.6,125.9,128.2,150.3,133.8,133.5,140.9,116.2
12,2002,131.4,148.1,165.0,140.0,130.5,134.5,130.5,131.1,127.3,116.9,130.4,125.7,120.8,121.0,111.8,125.0,126.6,148.9,132.6,132.6,140.3,113.5
1,2003,130.1,145.9,162.8,138.6,127.0,133.1,128.8,129.4,126.6,118.0,127.6,124.8,118.3,122.5,113.2,124.1,124.9,145.1,131.0,131.5,138.6,111.4
2,2003,130.4,146.6,165.4,139.5,125.1,134.8,128.3,128.9,126.1,119.8,126.9,125.3,118.2,124.4,114.8,124.2,124.5,143.6,131.1,132.1,138.1,111.1
3,2003,129.8,146.2,163.5,140.8,127.0,137.2,127.6,128.5,124.4,119.4,126.9,124.8,117.9,124.5,114.5,123.5,123.9,142.2,130.6,132.1,136.5,111.5
4,2003,127.7,142.4,156.6,138.7,125.3,133.2,125.8,126.9,122.7,116.5,125.2,122.7,116.1,121.9,112.2,121.7,122.2,139.9,128.9,130.7,134.6,110.6
5,2003,122.9,137.1,151.4,133.2,120.0,130.9,120.7,122.4,116.7,112.3,120.1,118.0,110.1,119.2,108.2,116.5,116.6,133.5,124.5,127.3,129.6,105.0
6,2003,122.3,135.7,150.2,131.1,119.3,132.0,119.7,121.4,115.6,113.0,119.4,117.7,109.9,120.0,108.9,115.8,115.9,131.0,123.5,126.7,128.0,104.3
7,2003,123.5,137.3,150.9,132.8,122.8,134.0,121.3,123.0,117.3,113.5,121.2,118.7,111.5,120.0,109.5,117.4,117.7,131.7,124.8,127.5,129.5,106.6
8,2003,125.2,139.2,153.7,134.1,124.3,135.8,123.2,124.7,119.3,115.8,123.1,120.7,114.0,121.5,111.6,119.3,119.8,133.9,126.3,128.4,131.0,108.9
9,2003,124.2,137.6,152.4,132.6,124.0,134.5,122.1,123.6,117.8,115.7,122.5,119.9,113.4,121.0,111.7,118.2,118.9,132.4,124.8,126.9,129.1,108.1
10,2003,122.0,136.0,151.5,131.2,122.2,134.6,119.5,121.3,115.7,115.6,120.1,117.9,110.1,120.2,111.4,116.2,116.6,128.6,122.1,124.8,126.4,104.5
11,2003,120.9,135.6,150.9,130.9,122.5,134.9,118.5,120.4,114.2,114.2,119.8,116.6,108.9,118.6,110.2,115.1,115.7,125.7,121.1,123.9,125.1,103.7
12,2003,119.3,134.0,149.5,129.3,118.4,133.0,116.7,119.2,113.8,114.1,117.0,114.9,105.5,117.6,109.9,113.9,113.9,123.7,119.5,122.8,124.2,100.0
1,2004,117.5,132.3,146.8,127.6,117.2,133.0,115.2,118.1,112.0,112.0,115.4,112.8,103.0,115.4,107.8,112.2,112.1,120.8,118.1,121.6,122.9,97.8
2,2004,118.6,133.4,147.5,128.6,117.3,133.4,116.3,119.6,114.3,113.2,115.7,113.6,103.2,116.2,108.9,113.5,113.2,121.3,119.2,122.5,125.0,97.6
3,2004,119.8,134.0,147.0,131.1,119.0,132.4,117.7,120.9,114.8,113.4,117.8,115.0,105.7,117.2,109.3,114.5,114.7,123.9,120.5,123.7,125.9,100.0
4,2004,120.8,134.0,146.7,130.7,118.8,131.9,118.9,121.7,116.7,114.9,118.6,116.4,107.6,118.1,111.0,116.0,116.2,125.5,121.4,124.0,126.9,101.9
5,2004,123.5,137.8,151.4,134.9,120.0,135.6,121.0,123.3,119.5,117.9,119.9,119.0,109.5,120.8,113.7,118.5,118.1,130.4,123.7,126.5,129.5,102.8
6,2004,123.0,138.5,151.6,139.0,120.3,135.4,120.2,122.8,118.1,117.1,120.2,118.3,108.8,120.5,112.6,117.4,117.4,129.9,123.3,126.7,128.7,101.7
7,2004,121.2,135.5,148.2,135.0,118.1,132.5,118.5,121.0,116.0,115.9,118.5,116.8,107.6,119.5,111.9,115.8,115.7,126.5,121.5,125.2,126.2,100.8
8,2004,120.9,135.3,146.7,137.3,118.5,130.6,118.3,121.0,115.3,114.9,119.0,116.4,107.8,119.0,111.0,115.4,115.6,126.0,121.5,125.4,125.8,101.1
9,2004,119.9,133.6,144.2,136.5,118.0,128.5,117.4,120.1,113.9,114.0,118.2,115.6,107.5,118.2,110.4,114.4,114.6,125.0,120.4,124.5,124.1,101.0
10,2004,118.1,132.0,143.6,135.8,116.3,125.6,115.4,118.4,111.0,112.2,117.0,113.7,105.5,117.2,108.6,112.2,112.6,121.4,118.8,123.4,121.8,99.5
11,2004,115.2,128.9,141.0,133.4,112.1,122.8,112.3,115.7,107.5,110.1,114.2,110.9,102.3,115.6,106.7,109.1,109.4,117.3,115.9,121.0,118.5,96.2
12,2004,113.7,127.1,137.2,133.0,110.0,120.5,111.0,115.0,107.7,108.8,112.2,109.2,99.6,113.4,105.4,108.0,108.2,116.7,114.5,119.6,118.4,93.1
1,2005,114.0,126.2,135.5,131.1,109.8,120.2,111.7,115.4,108.7,109.3,112.4,109.7,100.6,113.3,106.0,108.8,108.9,117.2,115.0,119.5,119.0,94.8
2,2005,114.4,125.9,133.8,132.0,110.6,118.6,112.4,116.3,109.6,109.0,113.2,109.9,101.4,113.1,106.1,109.4,109.7,116.5,115.6,119.9,119.7,95.7
3,2005,114.2,126.4,135.5,132.5,109.8,119.2,112.0,115.9,108.5,108.9,112.9,109.6,100.8,113.6,105.7,108.8,109.1,116.0,115.4,119.9,119.4,94.9
4,2005,115.3,126.9,133.9,135.0,111.3,118.7,113.4,117.4,110.1,109.3,114.2,110.8,102.4,113.9,106.6,110.2,110.6,117.3,116.6,121.2,120.5,96.6
5,2005,115.3,125.8,131.1,134.1,111.9,117.4,113.8,117.7,111.0,108.7,114.3,110.9,103.1,113.2,106.4,110.7,111.1,117.3,116.9,121.2,120.8,97.8
6,2005,115.7,126.0,130.4,136.1,114.2,117.0,114.4,118.2,109.9,107.6,116.5,111.3,105.4,113.1,105.7,110.6,111.9,116.6,117.4,121.7,120.2,100.4
7,2005,115.7,126.0,129.9,137.6,115.1,116.6,114.5,118.5,109.1,106.6,117.4,111.4,106.2,112.4,105.0,110.4,112.0,117.7,117.7,122.0,119.6,102.2
8,2005,114.6,125.7,129.9,138.4,114.0,116.5,113.2,117.3,107.9,106.2,116.2,110.2,104.7,111.3,104.5,109.3,110.8,116.3,116.2,120.8,117.9,100.5
9,2005,115.0,126.4,130.2,141.5,116.2,117.6,113.5,117.8,107.2,106.9,117.6,110.8,105.8,112.0,105.4,109.5,111.3,116.0,116.3,121.2,117.3,101.2
10,2005,115.2,124.5,128.7,133.1,116.3,117.9,114.2,117.9,107.9,107.1,117.6,111.5,107.4,112.1,106.0,110.3,111.9,116.5,116.5,120.7,117.4,103.2
11,2005,114.3,123.0,126.2,131.2,116.4,116.1,113.7,117.1,107.1,105.3,117.3,110.6,107.3,110.2,104.4,109.6,111.4,115.6,115.9,119.9,116.6,103.8
12,2005,112.9,122.0,126.5,128.8,115.1,115.4,112.3,115.5,105.2,103.9,116.3,109.2,106.2,108.7,102.9,108.0,109.9,114.8,114.5,118.5,115.0,102.4
1,2006,112.3,120.4,125.8,124.0,113.5,115.3,111.6,114.5,105.0,103.6,114.9,108.8,105.4,108.9,102.6,107.4,109.1,114.9,113.9,117.5,115.0,101.5
2,2006,111.9,118.7,123.0,121.9,113.3,113.7,111.5,114.2,104.6,102.8,114.5,108.7,106.2,108.5,102.0,107.2,108.8,115.3,113.6,117.0,114.4,102.2
3,2006,112.6,118.7,123.3,120.7,112.4,113.8,111.8,113.9,105.9,104.2,113.8,109.8,106.8,109.6,103.6,108.2,109.3,117.7,113.9,117.1,115.2,102.5
4,2006,112.4,118.2,124.5,118.6,111.1,114.5,111.2,113.0,105.8,105.6,112.6,110.1,106.5,110.4,105.0,108.2,108.7,118.1,113.1,116.2,114.4,101.7
5,2006,111.3,118.4,126.0,119.6,109.3,115.6,109.3,111.2,103.8,105.7,110.7,108.9,104.0,110.8,104.8,106.6,106.8,115.6,111.6,115.5,112.9,98.3
6,2006,113.0,120.8,129.6,122.4,110.1,117.7,110.7,112.6,105.2,107.7,112.3,110.7,105.9,113.0,106.7,108.2,108.3,117.7,112.9,116.9,113.9,99.6
7,2006,112.6,119.6,127.7,120.0,109.3,116.1,110.7,112.9,105.5,106.1,111.7,110.1,105.1,111.8,105.4,108.0,108.0,117.6,112.9,116.7,114.5,99.3
8,2006,111.4,118.3,125.5,119.3,108.7,114.7,109.7,112.1,104.2,104.8,111.1,108.8,103.8,110.7,104.1,106.8,107.0,115.8,111.9,115.9,113.6,97.8
9,2006,111.0,118.0,125.2,119.0,109.0,114.5,109.2,111.6,104.0,104.4,110.9,108.4,103.7,110.2,103.7,106.5,106.9,114.9,111.5,115.3,113.1,97.7
10,2006,110.4,117.0,123.6,117.7,109.3,113.5,108.9,111.4,104.2,103.5,110.8,107.8,103.5,109.0,102.9,106.3,106.9,114.4,111.0,114.5,112.9,97.8
11,2006,109.3,115.8,122.1,116.3,107.7,112.4,107.7,110.3,103.9,102.9,109.2,106.6,101.6,107.9,102.1,105.4,105.7,113.4,110.0,113.3,112.5,95.7
12,2006,108.5,114.8,120.8,114.2,106.0,111.3,106.8,109.3,104.5,102.5,107.1,105.8,99.8,107.2,101.7,105.1,104.8,112.6,109.2,112.5,112.7,93.6
1,2007,109.5,115.0,120.1,114.0,106.4,111.3,108.0,109.9,106.3,103.3,107.5,106.8,101.2,107.8,102.7,106.5,106.1,113.2,110.4,113.4,114.0,95.2
2,2007,109.4,114.5,119.2,114.0,106.0,111.1,107.7,109.7,106.1,103.4,107.2,106.9,101.3,108.2,102.9,106.4,105.8,113.5,110.2,113.3,113.6,95.2
3,2007,109.5,114.6,119.2,114.7,105.7,111.5,107.8,110.0,106.3,104.3,107.1,107.1,101.2,108.8,103.8,106.6,105.9,113.3,110.2,113.3,113.6,95.2
4,2007,107.9,113.2,117.7,114.4,104.8,110.2,105.8,108.2,104.2,103.2,105.7,105.5,99.5,108.0,102.7,104.9,104.2,110.1,108.8,112.2,111.9,93.6
5,2007,106.5,111.0,115.0,112.1,104.3,109.2,104.4,106.6,101.8,102.0,105.2,104.4,99.5,107.0,101.6,103.4,103.0,108.8,107.4,110.9,109.6,93.6
6,2007,105.9,110.4,113.3,113.9,104.9,108.4,103.9,106.3,100.4,101.4,106.0,103.8,99.7,106.7,101.2,102.6,102.8,106.7,106.7,110.4,108.2,94.0
7,2007,104.3,109.1,112.2,113.1,103.9,107.2,102.3,104.9,99.0,100.3,104.6,102.3,97.8,105.4,100.1,101.2,101.3,104.1,105.0,108.7,106.5,92.2
8,2007,105.4,111.0,115.2,115.2,104.7,108.8,103.0,105.7,100.0,101.4,105.5,103.4,98.9,106.0,101.1,102.1,102.3,107.3,105.7,109.4,107.1,92.8
9,2007,103.7,109.5,114.0,114.0,103.9,107.9,101.2,104.1,97.6,100.1,104.3,102.0,97.4,105.1,99.7,100.2,100.5,105.6,103.9,107.9,104.8,91.4
10,2007,100.9,106.4,110.1,111.7,102.8,105.1,98.2,100.8,94.2,97.5,101.8,99.1,94.8,103.0,97.1,97.3,97.6,100.7,101.2,105.7,101.5,89.2
11,2007,100.1,106.1,109.7,113.0,101.8,104.1,97.2,99.7,93.7,97.1,100.5,98.3,93.2,102.7,96.7,96.5,96.6,100.4,100.4,105.2,100.9,87.5
12,2007,100.5,106.0,108.6,112.4,101.5,103.1,97.9,100.1,95.8,97.4,100.5,98.6,93.5,101.5,97.0,97.5,97.4,101.7,101.0,105.1,102.0,88.2
1,2008,100.2,105.4,107.7,111.2,100.2,102.6,97.8,99.6,96.9,97.8,99.4,98.4,93.2,100.8,97.4,97.8,97.4,101.7,100.7,104.3,102.0,88.9
2,2008,98.8,103.4,105.1,108.5,99.0,101.3,96.6,98.5,95.6,96.5,98.1,97.1,92.4,99.4,96.2,96.7,96.2,99.4,99.3,102.7,100.4,88.4
3,2008,97.5,102.3,103.6,107.5,96.0,100.9,95.4,97.8,95.6,96.2,95.7,95.7,89.5,98.0,95.6,95.8,94.7,99.2,98.0,101.3,99.8,85.6
4,2008,97.1,101.7,102.1,107.4,95.0,99.9,95.1,97.7,95.8,95.3,94.8,95.2,88.7,97.3,94.8,95.5,94.2,99.4,97.7,101.0,99.9,85.0
5,2008,97.3,101.4,101.4,107.8,95.3,99.7,95.5,98.3,95.0,94.9,95.8,95.5,89.6,98.1,94.8,95.3,94.4,98.7,97.9,101.4,99.4,85.9
6,2008,98.0,101.5,100.2,108.4,95.5,99.4,96.2,98.8,96.2,95.0,95.8,96.1,90.0,99.0,95.2,96.0,94.9,99.7,98.8,102.7,100.4,86.4
7,2008,97.5,100.8,100.1,106.9,93.8,98.8,95.5,98.2,95.8,94.3,94.6,95.7,89.3,98.9,94.5,95.5,94.1,99.5,98.4,102.4,99.9,85.7
8,2008,99.2,102.0,100.7,107.4,96.1,98.6,97.7,100.6,98.0,94.1,97.2,97.2,91.8,98.9,94.5,97.3,96.5,102.5,100.3,103.8,102.1,88.2
9,2008,101.7,105.4,107.2,109.0,98.3,102.2,100.3,102.7,99.5,96.8,100.6,100.1,95.7,100.9,96.8,99.5,99.1,107.6,102.1,105.0,103.2,92.3
10,2008,110.1,113.5,116.8,113.9,103.0,110.6,108.5,109.8,111.8,108.6,106.5,109.5,105.0,109.0,107.8,109.2,108.2,120.7,108.9,110.0,111.5,99.9
11,2008,112.1,117.0,118.0,125.0,107.1,111.5,110.6,112.1,113.5,110.1,110.1,111.3,107.9,109.9,108.9,110.8,110.8,124.4,110.7,111.6,112.6,103.9
12,2008,110.6,115.3,117.5,119.8,101.3,111.7,108.4,109.6,113.8,110.6,105.4,109.8,103.5,109.4,108.7,109.8,108.3,124.2,109.9,110.7,112.5,101.2
1,2009,111.8,115.6,117.2,120.2,103.7,112.0,110.0,110.6,115.2,112.8,107.3,111.4,106.3,110.5,111.3,111.4,110.2,124.1,110.8,111.1,112.6,104.9
2,2009,114.8,119.2,121.3,125.8,107.3,114.7,113.0,113.4,118.0,116.5,110.8,114.9,110.4,113.2,115.2,114.6,113.7,128.6,112.9,113.1,114.3,108.5
3,2009,115.9,120.1,121.4,126.1,106.9,115.5,114.2,114.9,120.8,118.3,110.6,115.7,109.5,114.1,116.7,116.3,114.7,129.0,114.1,114.2,116.3,108.3
4,2009,111.6,115.6,117.0,119.9,104.9,111.5,110.6,111.8,114.4,111.4,108.1,110.8,105.7,109.7,110.0,111.3,110.3,121.8,110.7,111.1,112.5,104.8
5,2009,107.9,111.2,112.6,114.7,102.0,109.2,106.6,107.6,108.9,108.4,104.6,107.3,102.5,107.9,107.1,107.1,106.1,115.9,107.0,108.2,108.1,101.0
6,2009,106.8,109.6,109.8,114.1,101.6,108.4,105.5,106.9,107.8,108.5,103.7,106.4,101.1,108.0,107.5,106.2,105.1,112.5,105.9,107.6,106.9,99.0
7,2009,106.3,108.6,108.8,112.7,100.8,107.9,105.0,106.6,107.6,108.1,103.4,105.8,100.7,107.3,107.1,105.8,104.8,111.9,105.4,107.0,106.5,98.8
8,2009,104.5,106.8,106.6,111.5,100.1,106.2,103.3,105.1,104.9,105.7,102.1,103.9,98.9,106.6,104.9,103.6,102.8,108.1,103.9,106.1,104.7,96.7
9,2009,103.9,105.8,105.7,109.3,99.0,106.1,102.5,104.1,105.0,106.7,100.7,103.5,98.0,106.9,105.8,103.5,102.2,106.2,103.2,105.3,104.1,96.2
10,2009,101.9,103.3,102.8,106.0,98.0,104.2,100.4,101.6,102.9,105.0,98.6,101.6,96.2,105.7,104.2,101.7,100.2,102.3,101.6,103.6,102.3,95.2
11,2009,101.2,103.1,103.2,106.0,97.4,103.6,99.7,101.2,102.5,104.1,98.0,100.8,95.1,103.9,103.3,101.1,99.6,101.9,100.9,102.8,101.8,94.1
12,2009,101.1,103.0,103.5,105.6,97.6,102.8,99.9,101.3,101.8,102.6,98.7,100.5,95.7,102.8,101.9,100.7,99.6,102.2,100.9,102.6,101.6,95.1
1,2010,100.7,102.3,103.0,103.9,98.1,102.3,99.9,101.0,101.1,101.8,99.3,100.3,96.8,102.1,101.3,100.4,99.7,101.2,100.7,101.9,101.2,96.4
2,2010,102.1,103.0,103.3,104.2,100.1,102.7,101.7,102.6,102.2,102.5,101.5,101.8,99.6,102.9,102.1,101.7,101.5,103.2,102.0,102.6,102.4,99.0
3,2010,100.5,101.3,101.1,102.8,100.2,100.8,100.3,100.9,99.6,100.0,100.6,100.2,98.9,101.0,99.8,99.9,99.9,101.0,100.8,101.4,100.7,99.4
4,2010,99.4,100.1,100.4,101.3,99.5,99.5,99.1,99.2,97.8,98.1,99.6,99.1,98.8,99.6,98.1,98.7,98.7,99.4,99.8,100.4,99.5,99.0
5,2010,102.4,102.3,102.4,103.0,103.1,101.6,102.6,102.3,101.5,101.4,103.3,102.6,104.2,101.9,101.6,102.2,102.7,102.8,102.4,102.1,101.8,104.6
6,2010,102.8,102.0,101.7,101.9,103.8,101.7,103.4,102.9,101.7,101.6,104.3,103.2,106.0,102.1,101.8,102.6,103.5,103.6,102.7,102.1,101.8,106.2
7,2010,101.4,100.4,100.0,99.6,101.0,101.1,101.6,101.1,101.4,101.5,101.3,101.8,103.0,101.4,101.6,101.6,101.6,102.1,101.2,101.0,100.9,102.7
8,2010,100.5,99.5,98.9,98.3,100.6,100.1,100.7,100.1,101.2,100.9,100.2,100.8,101.8,99.9,100.9,100.9,100.8,101.1,100.3,100.0,100.6,100.9
9,2010,99.4,98.5,98.0,97.2,100.2,99.2,99.6,98.9,100.6,100.7,99.0,99.8,100.6,99.1,100.7,100.2,99.9,99.2,99.2,98.7,99.4,100.5
10,2010,96.8,96.6,96.5,96.0,97.2,97.2,96.6,96.6,98.0,97.9,96.0,96.7,95.8,97.0,97.8,97.2,96.8,96.1,96.9,96.7,97.5,96.1
11,2010,96.6,96.7,97.2,95.8,97.4,96.9,96.7,96.7,97.3,96.8,96.6,96.4,96.2,96.3,96.9,96.9,96.8,94.9,96.7,96.5,97.1,96.6
12,2010,97.0,96.9,97.4,96.0,98.3,96.6,97.4,97.4,97.5,96.8,97.9,97.0,97.9,96.2,97.2,97.4,97.7,95.2,97.0,96.5,97.0,98.3
1,2011,96.2,96.2,95.9,96.2,97.7,95.8,96.5,96.3,96.2,95.4,96.8,96.1,97.2,95.9,95.9,96.3,96.5,94.1,96.4,96.3,96.2,97.7
2,2011,95.5,95.7,95.5,95.3,96.6,95.3,95.7,95.5,95.6,94.9,95.6,95.4,95.8,95.1,95.4,95.7,95.5,93.7,95.6,95.8,95.6,95.4
3,2011,95.0,95.2,95.5,94.9,95.3,95.2,94.8,94.9,94.7,94.4,94.6,94.9,94.7,95.3,95.1,95.0,94.5,94.0,95.1,95.6,94.9,94.3
4,2011,93.4,93.4,93.2,94.0,91.8,93.7,93.2,93.7,93.1,92.8,92.5,93.2,92.4,94.1,93.8,93.4,92.7,91.2,93.7,94.5,93.6,92.3
5,2011,93.8,93.9,93.6,94.0,93.4,94.0,93.8,94.2,93.9,93.3,93.2,93.5,92.9,94.2,94.2,94.0,93.3,91.2,94.1,94.7,94.0,93.0
6,2011,93.9,93.8,92.8,93.8,93.6,93.8,94.0,94.4,94.9,94.0,93.1,93.7,92.9,94.5,94.8,94.4,93.6,91.1,94.2,94.7,94.2,93.1
7,2011,92.9,92.8,91.8,92.8,93.9,92.7,93.1,93.4,93.3,92.6,92.8,92.7,92.9,93.5,93.7,93.3,92.8,89.2,93.3,93.6,92.8,93.7
8,2011,94.1,93.6,93.0,92.4,93.8,94.1,94.1,94.1,96.0,95.4,92.7,94.2,93.6,95.0,96.3,95.1,94.0,91.2,93.9,94.0,94.0,93.9
9,2011,96.9,96.4,96.6,94.3,96.5,97.0,97.1,96.7,99.0,99.5,96.2,97.4,97.6,97.8,100.0,98.2,97.6,94.0,96.1,95.7,95.9,97.8
10,2011,98.1,97.7,98.1,95.8,97.1,98.1,98.1,97.6,100.7,101.6,97.0,98.8,98.5,99.7,101.9,99.5,98.9,95.4,97.0,96.6,96.8,98.3
11,2011,98.2,97.7,97.6,96.5,97.5,97.8,98.5,97.9,100.9,101.6,97.5,98.9,99.1,99.2,101.8,99.6,99.2,95.7,97.0,96.6,96.7,98.6
12,2011,98.8,98.2,98.1,96.6,98.3,98.0,99.5,98.6,101.3,101.8,98.6,99.5,100.4,99.2,102.0,100.2,100.1,95.8,97.5,96.9,97.0,100.0
1,2012,98.3,97.5,96.5,96.7,99.5,97.2,99.3,98.3,100.3,100.6,99.2,98.9,101.0,98.2,100.9,99.6,100.0,94.0,97.3,96.7,96.3,101.4
2,2012,96.0,95.7,94.0,96.0,98.8,94.9,97.0,96.4,97.8,97.0,97.3,96.3,98.1,95.6,97.7,97.2,97.6,91.6,95.5,95.0,94.7,98.6
3,2012,96.7,96.9,95.4,97.5,99.8,96.0,97.6,97.2,97.9,97.6,98.4,96.9,98.6,96.0,98.0,97.6,98.2,92.8,96.1,95.6,95.3,98.9
4,2012,97.2,97.5,96.5,97.7,100.1,97.1,98.1,97.4,98.5,99.1,98.8,97.6,99.4,96.9,99.3,98.2,98.8,93.6,96.1,95.6,95.3,98.9
5,2012,99.3,99.4,98.8,98.9,101.7,99.3,100.2,99.0,100.8,102.0,100.9,99.9,102.4,98.6,101.9,100.4,101.2,96.6,97.8,97.0,96.9,101.7
6,2012,100.7,100.7,100.1,99.6,103.0,100.2,102.0,100.6,103.0,104.1,102.9,101.5,104.2,99.7,103.9,102.2,103.3,97.6,99.3,98.0,98.4,103.9
7,2012,99.5,99.7,99.0,98.8,103.3,98.4,101.1,99.9,100.9,101.0,103.0,100.0,103.7,97.6,101.0,100.7,102.3,95.4,98.4,96.9,97.4,103.7
8,2012,98.7,99.5,99.4,98.9,103.4,98.2,100.1,98.9,99.3,100.0,102.4,99.0,102.6,96.9,99.9,99.6,101.2,94.0,97.6,96.4,96.5,102.5
9,2012,97.6,99.1,99.3,99.2,102.1,98.1,98.7,97.6,97.9,99.0,100.8,97.8,100.4,96.1,98.5,98.2,99.6,93.7,96.6,95.7,95.7,100.1
10,2012,97.1,98.7,98.8,98.8,101.3,97.5,98.1,97.1,97.8,98.3,99.8,97.1,99.5,95.4,97.7,97.8,99.0,93.7,96.2,95.2,95.6,99.3
11,2012,97.4,98.8,98.9,98.6,101.1,97.5,98.6,97.3,98.6,98.7,99.9,97.5,100.1,95.5,98.2,98.3,99.4,93.5,96.4,95.2,95.9,99.9
12,2012,96.3,97.9,98.1,97.9,99.0,96.6,97.4,96.5,97.6,97.2,98.4,96.2,98.1,94.4,96.6,97.2,98.0,92.5,95.6,94.5,95.2,98.6
1,2013,95.8,97.1,96.7,97.5,98.0,95.8,97.0,96.2,97.5,96.4,97.6,95.7,97.4,93.8,96.1,97.0,97.5,92.2,95.2,94.1,95.1,97.6
2,2013,96.4,97.2,96.3,97.6,98.3,95.8,97.7,97.4,98.5,96.8,98.1,96.3,97.8,94.2,96.7,97.8,98.2,93.2,95.9,94.7,95.9,98.3
3,2013,97.1,97.7,96.5,97.5,100.0,95.7,98.9,98.7,99.4,96.5,99.5,96.9,99.2,93.9,96.5,98.6,99.4,93.8,96.7,95.1,96.8,100.1
4,2013,96.3,97.3,96.5,97.0,99.3,95.2,98.1,97.9,98.3,94.9,98.6,95.8,98.1,92.8,94.9,97.6,98.3,92.7,96.0,94.5,96.2,99.2
5,2013,96.8,97.9,97.2,97.8,99.8,96.1,98.4,97.8,98.5,95.5,98.7,96.6,99.1,93.5,95.3,98.0,98.6,94.6,96.4,95.0,96.3,99.6
6,2013,98.7,100.1,100.4,99.0,99.3,99.4,100.0,99.6,100.6,99.1,99.8,98.7,100.2,96.3,98.6,99.8,100.1,98.0,97.7,96.6,97.6,99.7
7,2013,99.2,100.7,101.3,98.7,99.5,100.1,100.7,100.5,101.0,98.9,100.4,99.1,100.7,96.2,98.4,100.2,100.5,99.2,98.3,97.1,98.2,100.6
8,2013,99.7,102.2,102.9,101.7,99.6,101.3,101.1,101.4,101.1,99.6,101.0,99.2,99.9,96.8,98.7,100.2,100.7,99.8,98.6,97.9,98.7,99.2
9,2013,99.6,103.1,102.7,106.7,100.8,100.9,100.8,101.1,101.0,100.0,101.2,99.1,99.9,96.9,99.1,100.2,100.8,98.4,98.4,98.1,98.1,98.7
10,2013,98.4,101.7,100.7,105.7,99.4,99.4,99.3,99.6,100.6,98.9,99.1,97.7,98.0,95.9,98.2,99.2,99.4,96.7,97.3,97.0,97.4,96.9
11,2013,99.1,102.9,102.1,107.2,100.3,100.0,100.0,100.3,101.1,98.9,100.1,98.3,98.7,96.2,98.1,99.7,100.1,97.6,98.0,97.6,98.2,97.5
12,2013,99.5,104.0,102.6,110.2,100.1,100.4,100.4,101.1,101.9,99.0,100.2,98.4,98.1,96.3,97.9,100.1,100.2,99.2,98.5,98.6,99.0,96.1
1,2014,101.0,105.3,103.4,110.9,101.2,101.5,102.2,103.0,104.2,100.2,101.7,99.9,99.6,97.3,99.2,101.8,102.0,100.7,99.9,99.8,100.7,97.2
2,2014,101.5,105.5,104.2,109.3,101.4,102.2,102.5,103.3,104.8,100.7,101.7,100.5,99.9,98.6,99.9,102.3,102.3,100.9,100.2,100.0,101.3,97.4
3,2014,101.2,104.5,103.2,106.6,101.1,101.7,102.2,103.1,105.0,100.6,100.9,100.3,99.3,99.1,99.9,102.3,102.0,100.4,100.1,99.9,101.6,96.7
4,2014,100.5,103.4,100.9,106.8,101.7,100.6,101.6,102.6,104.1,99.7,100.8,99.5,98.9,98.2,99.3,101.6,101.5,99.0,99.6,99.4,100.8,96.7
5,2014,100.3,103.3,100.6,107.6,102.3,100.3,101.4,102.1,103.5,99.4,101.2,99.5,99.4,98.2,99.0,101.3,101.5,98.8,99.4,99.3,100.4,97.0
6,2014,100.5,103.9,100.6,109.7,103.8,100.4,101.6,102.3,103.4,99.5,102.2,99.7,100.1,98.2,99.2,101.4,102.0,98.5,99.6,99.5,100.3,97.5
7,2014,100.3,102.9,99.7,107.4,103.2,99.6,101.5,102.0,103.7,99.2,101.5,99.5,100.2,97.7,99.0,101.5,101.9,98.3,99.5,99.1,100.5,98.0
8,2014,100.9,103.3,100.5,107.0,104.1,100.1,102.1,102.2,104.1,99.8,102.2,100.3,101.3,98.5,99.6,102.0,102.5,99.3,100.0,99.3,100.9,99.0
9,2014,102.1,104.7,102.2,108.1,106.9,100.9,103.6,103.6,105.0,100.3,104.5,101.6,103.7,99.1,100.2,103.2,104.2,101.0,101.1,100.1,101.8,101.6
10,2014,103.3,106.3,104.4,109.6,107.5,102.2,104.9,104.9,106.5,101.6,105.8,102.8,105.2,99.3,101.3,104.5,105.7,103.2,102.1,100.9,102.8,103.1
11,2014,103.8,106.7,105.6,108.5,107.3,102.5,105.6,105.7,107.1,101.6,106.6,103.2,105.9,99.1,101.2,105.1,106.4,103.7,102.7,101.3,103.3,104.2
12,2014,105.7,108.2,108.6,108.3,107.3,104.4,107.4,107.5,109.9,104.8,108.0,105.4,108.0,101.3,104.3,107.4,108.5,106.0,104.1,102.5,104.6,106.2
1,2015,108.1,109.4,108.8,109.1,109.4,104.5,111.1,111.3,114.4,106.8,111.7,108.0,112.4,102.2,106.7,110.8,112.5,108.3,106.6,103.8,107.5,111.5
2,2015,110.0,111.6,111.3,110.8,111.6,106.3,113.1,113.2,117.1,108.9,114.0,110.0,114.9,103.3,108.8,112.9,114.9,111.4,108.2,104.8,109.6,113.3
3,2015,112.4,115.2,116.8,113.5,116.0,109.1,115.8,115.7,118.8,111.1,118.3,112.4,118.7,104.7,110.7,115.3,118.1,112.9,110.0,105.9,111.2,116.9
4,2015,111.5,114.2,115.2,112.7,116.7,108.8,115.0,114.4,117.4,110.8,117.9,111.9,118.9,104.2,110.5,114.4,117.4,112.0,108.9,104.8,109.6,116.9
5,2015,111.1,114.3,114.9,114.5,115.7,109.2,113.8,113.3,116.4,111.1,116.5,111.3,116.9,104.5,110.7,113.7,116.1,111.8,108.3,105.1,108.8,114.1
6,2015,112.5,115.7,117.0,115.7,115.6,110.4,115.1,115.1,118.1,112.6,117.7,112.8,117.8,106.0,112.0,115.0,117.4,114.7,109.6,106.5,110.3,114.6
7,2015,115.0,117.9,119.9,115.9,117.3,112.0,117.6,117.4,122.3,115.4,119.5,115.5,120.5,107.9,114.8,118.1,120.3,119.0,111.7,108.1,113.1,116.9
8,2015,117.4,121.2,125.8,119.0,115.1,115.0,119.6,120.3,124.7,118.6,120.8,117.6,120.8,110.7,117.5,120.3,122.1,121.3,114.1,110.9,116.0,116.8
9,2015,118.9,124.6,130.2,123.1,117.2,117.8,121.2,123.0,125.8,120.6,124.2,118.8,121.2,111.6,118.6,121.4,124.0,124.2,115.4,112.1,117.6,117.1
10,2015,117.3,122.2,127.8,119.4,115.5,116.5,119.8,121.3,123.9,118.8,122.6,117.2,120.1,110.2,116.9,119.7,122.4,121.5,114.1,110.6,116.1,116.6
11,2015,118.4,122.0,126.5,118.6,117.3,115.9,121.6,122.9,125.4,118.7,124.6,118.5,123.3,110.6,117.4,121.1,124.3,122.1,115.2,111.3,117.1,119.5
12,2015,119.6,123.4,128.8,118.6,115.7,117.0,122.6,123.8,128.5,120.4,123.4,119.6,123.0,111.5,119.2,123.0,125.0,122.7,116.5,112.5,119.2,119.1
1,2016,122.7,125.4,130.8,118.9,115.6,119.9,125.7,126.6,133.5,125.0,125.0,123.1,126.5,114.5,123.9,126.9,128.2,127.0,119.3,114.7,122.6,122.6
2,2016,121.3,123.8,130.0,116.3,113.9,120.3,123.6,123.8,131.3,125.3,122.1,122.3,125.3,114.5,124.4,125.5,125.9,125.2,117.5,113.2,120.1,121.5
3,2016,118.4,120.5,125.2,114.3,113.2,117.4,120.8,121.1,126.3,121.2,120.3,119.3,123.3,112.1,120.5,121.9,122.8,121.0,115.0,111.0,116.6,120.1
4,2016,116.3,118.4,122.2,114.4,111.6,115.7,118.2,118.0,123.5,119.6,117.6,117.2,121.2,111.0,118.9,119.7,120.2,118.3,113.1,109.6,114.2,118.3
5,2016,117.7,119.1,122.1,116.3,111.8,116.8,119.6,119.8,125.4,122.2,119.1,119.0,122.8,112.8,121.7,121.4,122.0,120.6,114.1,110.7,115.2,119.0
6,2016,118.2,118.9,121.5,115.9,113.4,117.0,120.2,120.2,126.4,124.2,120.0,119.8,124.1,113.9,123.9,122.3,123.0,119.5,114.4,110.8,115.3,120.8
7,2016,118.0,117.7,118.6,113.9,114.8,115.5,120.5,120.3,127.4,123.5,119.6,119.7,124.6,112.8,123.9,122.9,123.4,118.5,114.9,110.6,115.6,123.8
8,2016,117.4,117.2,117.9,114.0,115.2,114.7,119.8,119.7,126.9,122.7,119.0,118.9,123.2,112.4,123.2,122.1,122.7,117.3,114.3,110.1,115.1,122.8
9,2016,118.5,117.9,118.6,114.0,115.5,116.3,121.0,121.2,128.8,125.2,120.2,120.3,124.5,114.0,125.6,123.6,124.2,118.0,115.1,110.7,116.1,123.6
10,2016,118.9,117.8,117.8,113.8,116.2,115.7,122.0,122.5,129.4,124.5,121.3,120.6,125.3,113.6,125.2,124.3,125.1,118.3,116.0,111.2,116.8,126.4
11,2016,121.2,120.2,121.2,115.3,117.3,117.7,124.4,124.8,132.3,128.0,123.7,123.1,127.9,115.6,128.8,127.0,127.8,119.8,117.7,112.6,118.6,128.6
12,2016,122.3,120.5,120.6,116.2,118.9,118.4,125.8,126.4,132.8,129.4,126.0,124.5,130.4,116.6,130.6,128.2,129.4,120.9,118.4,113.4,118.9,130.0
1,2017,122.0,119.4,118.6,115.4,118.3,118.0,125.6,125.7,132.7,130.6,125.4,124.8,131.1,117.3,132.2,128.4,129.2,119.9,117.9,113.0,117.8,130.9
2,2017,120.3,117.9,116.1,115.0,118.4,115.7,124.1,124.8,130.6,126.8,124.6,122.5,128.8,114.7,128.4,126.3,127.6,117.7,116.7,111.9,117.0,129.1
3,2017,120.0,118.1,116.1,115.1,118.7,114.6,124.0,125.4,130.5,124.0,124.4,121.6,127.2,113.5,125.4,125.7,127.1,118.8,117.2,112.3,118.2,128.2
4,2017,119.2,117.4,115.3,114.7,117.2,113.8,123.3,125.0,129.6,122.1,123.5,120.5,126.0,112.1,123.4,124.6,126.2,119.1,116.8,111.8,118.2,126.7
5,2017,119.3,117.8,116.5,114.3,115.2,114.5,122.9,124.4,130.5,122.8,121.6,120.5,124.5,112.9,123.8,124.7,125.4,120.4,116.8,112.1,119.0,124.3
6,2017,117.7,117.3,117.3,113.2,114.8,114.1,121.2,123.0,127.5,120.2,120.8,118.5,122.3,111.3,120.9,122.5,123.4,118.1,115.5,110.9,117.3,122.9
7,2017,115.3,115.7,116.3,112.9,113.2,113.0,118.3,120.9,122.5,117.1,119.0,116.0,119.5,109.9,117.9,119.1,120.2,114.7,113.1,109.5,114.0,120.0
8,2017,114.3,115.0,115.2,112.8,112.5,112.6,117.1,120.0,121.8,116.6,117.6,114.9,117.5,109.2,117.1,118.1,119.1,114.1,112.0,108.6,113.0,118.2
9,2017,113.4,114.5,115.1,112.7,112.7,112.7,116.1,118.5,120.0,116.1,117.0,114.2,117.1,108.8,116.5,116.9,118.0,113.5,110.8,107.7,111.2,117.2
10,2017,115.3,115.9,116.3,113.9,113.6,114.2,118.0,120.1,123.2,119.4,118.2,116.4,119.4,110.4,119.9,119.5,120.3,115.9,112.2,108.7,113.0,119.1
11,2017,115.8,116.4,117.3,113.4,113.8,114.4,118.2,119.9,124.4,119.9,117.9,117.0,119.9,110.6,120.4,120.2,120.7,117.6,112.7,108.8,113.8,119.5
12,2017,115.3,115.8,116.8,112.6,112.5,113.8,117.5,118.7,124.5,119.8,116.4,116.5,118.8,110.1,120.1,119.8,120.0,117.2,112.2,108.4,113.7,118.3
1,2018,113.5,115.0,116.2,111.5,110.3,111.6,114.9,115.9,121.5,117.6,113.6,114.7,117.5,110.2,118.9,116.2,117.7,113.8,111.1,107.0,111.8,115.9
2,2018,113.3,115.5,116.5,112.7,110.1,111.7,114.9,116.5,121.5,117.2,113.7,114.3,116.4,109.4,117.9,116.1,117.7,114.0,111.2,107.1,112.0,114.9
3,2018,114.3,116.5,117.0,113.7,109.8,112.2,116.2,117.8,123.6,118.3,114.3,115.1,116.7,109.9,118.7,117.4,119.1,115.5,112.4,107.9,113.8,115.0
4,2018,114.1,116.7,117.5,114.2,110.2,112.4,115.9,117.5,122.2,117.6,114.9,114.7,116.6,109.4,117.8,116.8,118.7,115.6,112.1,108.0,113.3,115.0
5,2018,117.9,120.5,121.8,116.7,113.6,116.4,119.4,120.4,126.0,122.2,118.6,119.2,122.4,113.8,123.1,120.3,122.4,119.9,115.4,110.6,115.8,120.0
6,2018,120.0,122.3,123.3,116.8,114.1,118.7,121.5,122.2,129.1,125.1,119.8,121.6,125.3,116.3,126.4,122.7,124.6,121.6,117.3,112.0,117.9,122.2
7,2018,119.4,122.6,123.5,119.3,114.7,116.6,121.1,122.5,126.6,122.3,120.5,120.0,123.1,114.2,122.2,121.6,123.5,121.1,117.9,112.9,118.6,121.0
8,2018,119.8,124.1,125.4,120.2,115.7,116.6,121.7,123.1,125.8,121.6,121.8,120.0,123.5,113.9,121.2,121.5,123.6,121.4,118.7,113.6,119.1,121.7
9,2018,121.0,126.4,128.4,121.9,115.7,118.9,122.9,124.2,126.4,122.8,123.0,121.2,124.7,115.6,122.0,122.0,124.2,123.1,120.0,115.0,120.1,121.1
10,2018,119.7,123.0,125.9,123.8,116.9,114.9,121.6,123.3,125.9,121.9,123.5,120.0,121.5,114.0,121.8,121.8,124.4,123.3,117.7,114.3,119.4,122.1
11,2018,120.8,123.3,127.2,120.8,116.8,116.5,122.3,123.2,128.8,124.7,122.8,121.6,123.4,116.1,125.3,123.6,125.9,122.7,118.2,114.0,120.3,123.9
12,2018,120.5,123.2,127.3,118.7,116.1,116.1,122.2,123.1,129.3,124.5,121.9,121.2,122.7,115.3,124.5,123.7,125.8,122.7,118.2,113.6,120.7,123.7
1,2019,120.2,123.4,124.8,116.1,116.1,116.7,122.7,123.7,127.6,122.1,120.5,120.6,125.0,114.4,121.3,122.3,124.3,121.9,119.0,113.2,119.7,122.6
2,2019,119.9,122.9,124.2,115.4,117.3,116.9,122.4,123.3,127.0,121.8,120.6,120.5,125.5,114.1,121.3,121.9,124.0,121.8,118.4,112.5,118.8,122.9
3,2019,120.8,124.3,125.5,117.2,118.3,117.8,123.3,124.5,128.1,122.8,121.7,121.4,126.5,114.8,121.8,122.9,125.1,123.2,119.3,113.2,119.9,123.1
4,2019,121.1,125.0,126.3,117.2,119.3,117.8,123.7,125.0,128.0,122.7,122.3,121.5,126.9,114.6,121.4,123.1,125.3,123.6,119.8,113.5,120.3,123.7
5,2019,120.5,124.9,126.6,116.6,119.9,117.5,123.2,124.6,126.4,121.5,122.4,120.8,126.4,113.8,119.7,122.3,124.5,123.4,119.4,113.4,119.5,123.4
6,2019,120.1,124.8,126.5,116.2,120.6,117.1,122.9,124.4,125.3,120.6,122.3,120.2,125.9,113.1,118.5,121.7,123.8,123.0,119.1,113.4,118.9,123.1
7,2019,119.8,124.8,126.5,115.8,121.4,116.7,122.7,124.3,124.6,120.0,122.3,119.8,125.5,112.6,117.5,121.3,123.4,122.8,119.0,113.4,118.6,122.8
8,2019,119.5,124.8,126.7,115.5,122.3,116.3,122.5,124.2,123.6,119.1,122.4,119.2,124.9,111.9,116.2,120.7,122.9,122.6,118.9,113.4,118.3,122.4
9,2019,119.0,124.7,126.5,115.2,123.2,115.9,122.1,123.9,122.6,118.3,122.3,118.6,124.3,111.1,115.0,120.1,122.3,122.5,118.6,113.3,117.9,122.0
10,2019,118.7,124.7,126.5,114.6,124.0,115.4,121.8,123.6,121.9,117.7,122.1,118.1,123.7,110.5,114.1,119.7,121.8,122.4,118.5,113.2,117.5,121.6
11,2019,118.4,124.8,126.8,114.0,124.9,115.2,121.5,123.3,121.2,117.2,122.0,117.7,123.1,109.9,113.2,119.3,121.3,122.5,118.3,113.2,117.3,121.2
12,2019,118.0,124.9,126.9,113.5,125.8,114.9,121.1,123.0,120.3,116.5,121.8,117.1,122.3,109.4,112.2,118.8,120.7,122.6,118.1,113.1,116.9,120.6
